lane,condition,block,split_seed,kind,alpha,r2_mean,r2_aggregate,r2_per_target,rho_per_target,labels
svgworld_pil,clip_b16|pre|island,pooled,0,within,0.1,0.8755139724162984,0.8754004776585679,"0.9383802552953486;0.8903410485652484;0.7700024496963989;0.8821038084819626;0.8034062687572335;0.8872469400766221;0.9059224503255374;0.9057265555212939;0.8339706528803775;0.9595062448187105;0.800969346867821;0.9285916477090262","0.968735106258822;0.9436315192540495;0.8779419537049502;0.9392833341722456;0.8968493106683678;0.9420394044994549;0.9518220859542685;0.9517768997046212;0.9132665283980472;0.9795673201127564;0.895108780695179;0.963689770906785","p0_x;p0_z;p1_x;p1_z;p2_x;p2_z;p3_x;p3_z;animal0_x;animal0_z;animal1_x;animal1_z"
svgworld_pil,clip_b16|pre|island,pooled,1,within,0.1,0.8758198539060943,0.8759446363126725,"0.9372810564195742;0.8931039950718788;0.7749425890204672;0.8805818462917125;0.8034255883818984;0.8870996367310475;0.906112792317757;0.9063181378739644;0.83152177913076;0.9595748160342347;0.8004314005688143;0.9294446090310228","0.9681391810414426;0.9451445231639731;0.8807227820014312;0.9386934810001458;0.8966409128022857;0.9420165769728086;0.9520943937326389;0.952073954935203;0.9121253333018097;0.9796182545524288;0.8946996722854822;0.9640970092497538","p0_x;p0_z;p1_x;p1_z;p2_x;p2_z;p3_x;p3_z;animal0_x;animal0_z;animal1_x;animal1_z"
svgworld_pil,clip_b16|pre|island,pooled,2,within,0.1,0.876270948632027,0.8763893288781911,"0.9380033354665774;0.8895037303119091;0.7770630197458321;0.8844152913601108;0.7978156709596829;0.8886555392252313;0.9048254497331086;0.9091838011104983;0.8328063766187093;0.9595580838129161;0.8036781004369387;0.9297429848028099","0.9685514319757217;0.9432826622174123;0.8818863081030944;0.9404836840480175;0.8935515209711311;0.9427836019992514;0.9512950482943571;0.9535807085813909;0.9129763001278033;0.9796291475104464;0.8965817951662791;0.9642822142704128","p0_x;p0_z;p1_x;p1_z;p2_x;p2_z;p3_x;p3_z;animal0_x;animal0_z;animal1_x;animal1_z"
svgworld_pil,clip_b16|pre|island,pooled,3,within,0.1,0.8759001632717139,0.8761747681403695,"0.9370741168286383;0.8882650886318605;0.7798569605918069;0.8856006895222069;0.7992402370962158;0.8875422254578802;0.9083380965867776;0.9066317828276063;0.8314692724906342;0.9586246120752158;0.7996093401406197;0.9285495370111064","0.9680260239060767;0.942587535197593;0.8831102112287331;0.9410656678520363;0.8943419254162045;0.9420965482767373;0.9531327060085306;0.9522047489677956;0.9119533783651262;0.9791030328931811;0.894489977338317;0.963684519744714","p0_x;p0_z;p1_x;p1_z;p2_x;p2_z;p3_x;p3_z;animal0_x;animal0_z;animal1_x;animal1_z"
svgworld_pil,clip_b16|pre|island,pooled,4,within,0.1,0.8757999556994767,0.8760729729010023,"0.9382412596603181;0.8939280430883464;0.7730744502907451;0.8818963816208177;0.8017476202554127;0.8852704269304126;0.907124703665783;0.9086898421514162;0.8339630484057841;0.9596461991264147;0.7979069017011124;0.9281105914971575","0.9687690304275552;0.9455803139546749;0.8800474417262462;0.9391411357322172;0.8961145245048547;0.9412849788824614;0.9524514343276174;0.9532903331701134;0.9135848703347402;0.9796297211695456;0.8933047174586416;0.9634181848748387","p0_x;p0_z;p1_x;p1_z;p2_x;p2_z;p3_x;p3_z;animal0_x;animal0_z;animal1_x;animal1_z"
svgworld_pil,clip_b16|pre|western,pooled,0,within,0.1,0.8652291616512073,0.86521392268709,"0.916532548574698;0.8410420170290118;0.7527102612922588;0.865297725322235;0.7676125652088592;0.849106391236228;0.8849136675785851;0.8643243476479229;0.8992685035878711;0.961259913742147;0.8428046570387655;0.9378773415559057","0.9573603706456797;0.9172952881266945;0.868044532131262;0.9305334012573028;0.8761818862275216;0.9218749750704128;0.9407004605915907;0.9298364607395108;0.9483536793593509;0.9804393269259997;0.9181535234234878;0.9684449873072616","p0_x;p0_z;p1_x;p1_z;p2_x;p2_z;p3_x;p3_z;animal0_x;animal0_z;animal1_x;animal1_z"
svgworld_pil,clip_b16|pre|western,pooled,1,within,0.1,0.8635460683974941,0.863631484625225,"0.9137743647819445;0.839189564720302;0.7538387797840395;0.862399901667186;0.7642375906540638;0.8488758506043572;0.8871398020120199;0.8574542093205353;0.8948893424155325;0.9622246762528872;0.8397524288086237;0.9387763097484397","0.9559630851660648;0.9164029928291184;0.8684754433547603;0.9287204561747675;0.8749626179901384;0.9221319463595615;0.9421050028034831;0.9260739395839973;0.9461027189050037;0.9809306703852155;0.916485576984198;0.9689403306772312","p0_x;p0_z;p1_x;p1_z;p2_x;p2_z;p3_x;p3_z;animal0_x;animal0_z;animal1_x;animal1_z"
svgworld_pil,clip_b16|pre|western,pooled,2,within,0.1,0.8643233796215212,0.8645284012749306,"0.9149302255150348;0.8374010152965533;0.7508308618017783;0.8640858412781005;0.7682377873813545;0.8543791266202889;0.880211527204763;0.8615629129090514;0.8984479284686103;0.9620164982493985;0.8418659737429062;0.9379108569904124","0.9566136478965122;0.9152297645320513;0.8668132621509517;0.9295731360334615;0.877316293434438;0.9247040454053127;0.9383513050273827;0.928297888477661;0.947869150888192;0.9808835517128677;0.9176396326168488;0.9684649004314363","p0_x;p0_z;p1_x;p1_z;p2_x;p2_z;p3_x;p3_z;animal0_x;animal0_z;animal1_x;animal1_z"
svgworld_pil,clip_b16|pre|western,pooled,3,within,0.1,0.8639662234507958,0.8641108598881955,"0.9143570608132019;0.8376667673136392;0.7507625366618891;0.8654477652868935;0.7671397783808291;0.8538533618809108;0.8862229621228616;0.8589596576239875;0.8948628287614387;0.9611582048802916;0.8400426887963995;0.9371210688872067","0.9562679480073752;0.9154960672619736;0.8668484848604513;0.9303574513681704;0.875912447900634;0.9241316002283111;0.9415747688106801;0.926898980683882;0.9460133828222141;0.9804136712649393;0.9167053335751402;0.9681422237846855","p0_x;p0_z;p1_x;p1_z;p2_x;p2_z;p3_x;p3_z;animal0_x;animal0_z;animal1_x;animal1_z"
svgworld_pil,clip_b16|pre|western,pooled,4,within,0.1,0.864751574106711,0.8651128115543418,"0.9156258822176029;0.8443866235464463;0.7497041114582643;0.8685044676611646;0.7658872137973947;0.8518258706101458;0.8847361621729106;0.8606631973015009;0.8931641731417288;0.961830633315914;0.8437630540342969;0.9369275000231634","0.9569633281014832;0.9191054771839937;0.8664939110558288;0.9319979170982405;0.8759819361956527;0.9231037840116859;0.9406880619444697;0.927918455775978;0.9451441415737946;0.9807327140276426;0.9186554300472597;0.9680251074753755","p0_x;p0_z;p1_x;p1_z;p2_x;p2_z;p3_x;p3_z;animal0_x;animal0_z;animal1_x;animal1_z"
svgworld_pil,clip_b16|rand|island,pooled,0,within,0.001,0.4368121051149394,0.4362064476856079,"0.6890695473045607;0.8569321449107368;0.44781917045180664;0.7281643433932492;0.41569720907773455;0.5446610348930214;0.6862919929693974;0.7959519452043727;-0.02289331202804945;0.041782091760168893;-0.006269621477269505;0.06453871491954344","0.8331159377627926;0.9258861976814684;0.6738339864686068;0.8554579135346347;0.6522061110122168;0.743466789312695;0.8323158775493475;0.8938208995648658;0.11863917077754323;0.23863839989488927;0.14978352361027342;0.27028350307344645","p0_x;p0_z;p1_x;p1_z;p2_x;p2_z;p3_x;p3_z;animal0_x;animal0_z;animal1_x;animal1_z"
svgworld_pil,clip_b16|rand|island,pooled,1,within,0.001,0.4367855044695905,0.4367390439444405,"0.6855216045655879;0.8610866724581677;0.46891325778701487;0.7305682009329454;0.41608285180154847;0.5403853768453082;0.6910698189855904;0.7884522718372766;-0.038181826635300675;0.04391684616827474;0.002272695072077058;0.051338283816595","0.8311097825653082;0.928272959384871;0.6922303130501487;0.85810695568149;0.6507919146377655;0.7416937966419846;0.8349182288574507;0.8889013217940573;0.094642282444789;0.24286587948081467;0.1593611027615254;0.2567432185957117","p0_x;p0_z;p1_x;p1_z;p2_x;p2_z;p3_x;p3_z;animal0_x;animal0_z;animal1_x;animal1_z"
svgworld_pil,clip_b16|rand|island,pooled,2,within,0.001,0.4366989726087364,0.4368308002300858,"0.6912343259408762;0.8618359364640846;0.45337753418922344;0.7283832701323543;0.411016846026914;0.5363760366545631;0.6914216279817975;0.7943864773229039;-0.02588430906571615;0.05422820571271314;-0.021625211244613807;0.06563693118973624","0.8346161936319497;0.9288598061314395;0.6778790570314733;0.8570295713909122;0.6469360331709966;0.7391743149059615;0.8349798741730283;0.8928815311284697;0.11019685367471888;0.25757358712035405;0.12794708765947074;0.2733379666934047","p0_x;p0_z;p1_x;p1_z;p2_x;p2_z;p3_x;p3_z;animal0_x;animal0_z;animal1_x;animal1_z"
svgworld_pil,clip_b16|rand|island,pooled,3,within,0.001,0.43743862984809745,0.43836601845583567,"0.6872346560714535;0.8553920922309037;0.460483589257789;0.7198267529605957;0.41672910497520754;0.5539917543204305;0.6791183660483879;0.7869902282638441;-0.03357755944514551;0.05555141653000106;-0.002227461464311409;0.06975061842801411","0.8307131792074604;0.9255767957244442;0.6857931482432482;0.8519537912929139;0.6511263811673376;0.7528242250450614;0.8297301064259385;0.8882486942365738;0.10090896417228418;0.2552905388696453;0.15125517939521624;0.27474667671876146","p0_x;p0_z;p1_x;p1_z;p2_x;p2_z;p3_x;p3_z;animal0_x;animal0_z;animal1_x;animal1_z"
svgworld_pil,clip_b16|rand|island,pooled,4,within,0.001,0.43791988191558473,0.43776232111886515,"0.6900236295225902;0.8547483268819079;0.46920532406021365;0.7360118785381279;0.4128896375049008;0.540172446068971;0.6871442676241731;0.7994008175554657;-0.024504319762126414;0.054649147647964025;-0.014261467785872117;0.049558895130700664","0.8331018068524328;0.9249045222961922;0.691528789872901;0.8622006187203062;0.6490965798857465;0.7394379629075338;0.8335455823215817;0.8954860817649346;0.11021155736550013;0.2556574705843281;0.1369928497838503;0.2566033183171912","p0_x;p0_z;p1_x;p1_z;p2_x;p2_z;p3_x;p3_z;animal0_x;animal0_z;animal1_x;animal1_z"
svgworld_pil,clip_b16|rand|western,pooled,0,within,0.001,0.4707533817209511,0.4704067368546089,"0.6525268094122454;0.7560064813454721;0.4132739884870338;0.6495070265702092;0.43661266350773664;0.4546122208797707;0.5648309747968701;0.6711288336946394;0.25477209997892225;0.6298157602647038;0.017292879587411103;0.14866084212639963","0.8105702679684207;0.8700465129472822;0.6444772811456732;0.8081571185289799;0.666740272103147;0.6763029390461797;0.7558201612189932;0.8211215909370919;0.5057676252840992;0.7947953897817166;0.21108925393024103;0.3896646889687115","p0_x;p0_z;p1_x;p1_z;p2_x;p2_z;p3_x;p3_z;animal0_x;animal0_z;animal1_x;animal1_z"
svgworld_pil,clip_b16|rand|western,pooled,1,within,0.001,0.4693894445329951,0.46961548227912475,"0.6572008058523915;0.7542511732941136;0.42437523057589954;0.6668553121313547;0.4176341457894769;0.4590396679513311;0.571794780630086;0.6672660272681791;0.2405152085846206;0.6229848696938531;0.015099602101185328;0.13565651052344962","0.8134204506058601;0.8693011223428361;0.6537888107239089;0.8202003405672873;0.6511216045131111;0.6821706016169363;0.7600278514078505;0.8177517268372124;0.491438263392683;0.789838951323151;0.20903644420287953;0.3792362910222468","p0_x;p0_z;p1_x;p1_z;p2_x;p2_z;p3_x;p3_z;animal0_x;animal0_z;animal1_x;animal1_z"
svgworld_pil,clip_b16|rand|western,pooled,2,within,0.001,0.46921031316795087,0.4691318968603756,"0.6593915079022163;0.751381503499736;0.4200642265797123;0.6701129282785918;0.42276074778895667;0.45271728219777585;0.5668997914399047;0.6676108204652464;0.240088157433749;0.6131859395409092;0.022651115916834996;0.14365973697177703","0.8149611112966302;0.8674582101905755;0.649982012320158;0.8249032616461605;0.6549496189815921;0.6759000080720168;0.7556615382477606;0.8183855745073647;0.4904878828491478;0.7838836189408545;0.21132219543178318;0.3877415127318161","p0_x;p0_z;p1_x;p1_z;p2_x;p2_z;p3_x;p3_z;animal0_x;animal0_z;animal1_x;animal1_z"
svgworld_pil,clip_b16|rand|western,pooled,3,within,0.001,0.46896091668657336,0.46998294297350496,"0.6589058325286805;0.745973839385778;0.43194405551611026;0.6626265972642778;0.4213926349164375;0.46189326136030573;0.5647650005840172;0.6580442663945119;0.23054712567852786;0.6265432721873809;0.027279916242924585;0.13761519817992884","0.8138053140130734;0.8644432649287668;0.6616891433387317;0.8182700123366882;0.6532127653288216;0.6860588996059169;0.7560103935878971;0.8122200339682207;0.48139011246797264;0.7930047583498994;0.21898590898853867;0.38192093824511086","p0_x;p0_z;p1_x;p1_z;p2_x;p2_z;p3_x;p3_z;animal0_x;animal0_z;animal1_x;animal1_z"
svgworld_pil,clip_b16|rand|western,pooled,4,within,0.001,0.47516139254494955,0.47532952580630006,"0.6577205997494627;0.750741820744241;0.419019793429101;0.6769822079906962;0.4268210463166766;0.4600225482058936;0.5739666819324821;0.664971433741306;0.2514882483679466;0.634248994162868;0.03167539898979388;0.15427793690892666","0.8130687932151845;0.8670537295259402;0.6487991901864384;0.8271049714404342;0.6569983906305824;0.6817483487948017;0.7632127339372895;0.8164871343404133;0.5019409971928077;0.7971106192844903;0.22297556064238733;0.3972431945782802","p0_x;p0_z;p1_x;p1_z;p2_x;p2_z;p3_x;p3_z;animal0_x;animal0_z;animal1_x;animal1_z"
svgworld_pil,deit_b16|pre|island,pooled,0,within,0.1,0.9014687022399829,0.9014202140314431,"0.9579153567111156;0.9253953406869789;0.8387498747627831;0.9098261079886961;0.8789383325772029;0.90593492365928;0.9167065415290555;0.8838735237733414;0.8830836048795053;0.9583611744699441;0.8341374827438627;0.9247021630980274","0.9787493320595686;0.9620912327721941;0.9158543837131337;0.9538804194341144;0.937556660627075;0.9518680749809492;0.9574530021682393;0.9402243635373688;0.9398058314543497;0.9789670774745987;0.9133133600745137;0.9616252927614249","p0_x;p0_z;p1_x;p1_z;p2_x;p2_z;p3_x;p3_z;animal0_x;animal0_z;animal1_x;animal1_z"
svgworld_pil,deit_b16|pre|island,pooled,1,within,0.1,0.9021180059005308,0.9022832326531922,"0.9569935829060472;0.9248640968926702;0.8437116659832453;0.909523085634957;0.8803307454921707;0.9122073508164383;0.9143575854502275;0.8838303580594589;0.8806463276026163;0.9571135221169895;0.835651863832779;0.9261858860187714","0.9782644309884005;0.9616989456014735;0.9186006087218641;0.9538472618163126;0.9382684529667257;0.9551653432900333;0.9563307829143992;0.9401552553790448;0.9384841637660042;0.9783619625565383;0.914210788554609;0.9624119509509347","p0_x;p0_z;p1_x;p1_z;p2_x;p2_z;p3_x;p3_z;animal0_x;animal0_z;animal1_x;animal1_z"
svgworld_pil,deit_b16|pre|island,pooled,2,within,0.1,0.901005513865456,0.9010918025681814,"0.9560221798691302;0.9227713116560144;0.8399652524047607;0.9091750270084428;0.8742067501740913;0.9081854892035257;0.914091543107111;0.8837649347288726;0.8853556721193926;0.9572604877954528;0.8338857439067682;0.927381774411911","0.9778238766292822;0.9606754734727114;0.9166167984402162;0.9535424608653452;0.9350477252588061;0.9529887981703683;0.9561999758217461;0.9401583762272593;0.9409565713485302;0.9784070823789074;0.913188817284707;0.9630126864579293","p0_x;p0_z;p1_x;p1_z;p2_x;p2_z;p3_x;p3_z;animal0_x;animal0_z;animal1_x;animal1_z"
svgworld_pil,deit_b16|pre|island,pooled,3,within,0.1,0.9016420710708734,0.901862819622233,"0.9572705498895149;0.9267250188494863;0.8404263634771411;0.9098845494346477;0.8775882225217972;0.9108402853922826;0.9164130165326589;0.8832060510678934;0.8766046352876498;0.9596647509604275;0.8348233436496383;0.9262580657873407","0.9784134857731765;0.9626749525004786;0.9167633785641908;0.9539191874178812;0.9368167283066302;0.9544917410377136;0.9572972185296019;0.9398082936998882;0.9363141895590831;0.9796298643200686;0.9138325871611206;0.9624552521800063","p0_x;p0_z;p1_x;p1_z;p2_x;p2_z;p3_x;p3_z;animal0_x;animal0_z;animal1_x;animal1_z"
svgworld_pil,deit_b16|pre|island,pooled,4,within,0.1,0.9009531744346563,0.901100516228464,"0.9564225967573894;0.9221978239502289;0.8369887245255467;0.9090092938755107;0.8769824444402451;0.9089159050939447;0.9145622021773393;0.8832564490651311;0.8830950941918675;0.9586095758059782;0.8362355726122839;0.9251624107204102","0.9779932134201678;0.9604924075860161;0.9149681940556231;0.9535346602428406;0.9366735826903887;0.9534078533089264;0.9563377531892271;0.9398716585176641;0.9397354375539149;0.9790939051028789;0.9145529869285025;0.9618537471480263","p0_x;p0_z;p1_x;p1_z;p2_x;p2_z;p3_x;p3_z;animal0_x;animal0_z;animal1_x;animal1_z"
svgworld_pil,deit_b16|pre|western,pooled,0,within,0.1,0.8732916437278221,0.8732745368780253,"0.9326497881892094;0.8510108937274207;0.7893628857992573;0.8798935631897712;0.812032786487458;0.8617124875051171;0.8939597431527256;0.8217453587186445;0.8993661625788592;0.9615261033706144;0.8418153234914828;0.9344246285233051","0.9657510321134737;0.9225970887312234;0.8885624638054711;0.938083743743134;0.9012378701955219;0.9284308669797008;0.9455375478082533;0.9066752386085348;0.9483711226215231;0.9805857485335409;0.9175490811332665;0.9667123117337304","p0_x;p0_z;p1_x;p1_z;p2_x;p2_z;p3_x;p3_z;animal0_x;animal0_z;animal1_x;animal1_z"
svgworld_pil,deit_b16|pre|western,pooled,1,within,0.1,0.874479015232909,0.8746457555412305,"0.9298107399796389;0.8516511729207896;0.7944746847615163;0.8811123780267548;0.8164749770231396;0.8699023797659408;0.8938673393965109;0.8244358555533495;0.8999438800604247;0.9624968752393066;0.8365441053253017;0.933033794742235","0.9642675153585116;0.9230560556341998;0.8914218167917018;0.9387382899425262;0.9037479103778406;0.9329580847658527;0.9455190423848502;0.9080155592063808;0.9488468022524141;0.9810756403255282;0.9146760772378733;0.9659400991752015","p0_x;p0_z;p1_x;p1_z;p2_x;p2_z;p3_x;p3_z;animal0_x;animal0_z;animal1_x;animal1_z"
svgworld_pil,deit_b16|pre|western,pooled,2,within,0.1,0.8732538686761929,0.8734224472380533,"0.9315599071859455;0.8494583670955581;0.793373435127833;0.8823701131258574;0.8173708440894281;0.8678616940710402;0.892281046307492;0.820951343239991;0.8969406193947643;0.9606711089736664;0.8361118056381476;0.9300961398645912","0.9651958667987376;0.9216839013387893;0.8909208262189181;0.9393724248262728;0.9042067228509968;0.9316115668764875;0.9446642382686186;0.9062925746438707;0.9471156914293192;0.9801417851895002;0.9145637175369513;0.9644478401517765","p0_x;p0_z;p1_x;p1_z;p2_x;p2_z;p3_x;p3_z;animal0_x;animal0_z;animal1_x;animal1_z"
svgworld_pil,deit_b16|pre|western,pooled,3,within,0.1,0.8740197162836066,0.8742024364342886,"0.9314757756526305;0.849910582232362;0.7935780704857146;0.8821593850593712;0.8212438736174352;0.8729246024931834;0.8962159238474404;0.8242790180226673;0.8942423164574838;0.9613468655693641;0.8286275833867522;0.932232598578874","0.9651822815518377;0.9219157195612644;0.89090396049246;0.9392712992190431;0.9064029470667475;0.9343941167610037;0.9467161934731975;0.9080151004136111;0.945723639044211;0.980504675441771;0.9103449096051346;0.9655520845317229","p0_x;p0_z;p1_x;p1_z;p2_x;p2_z;p3_x;p3_z;animal0_x;animal0_z;animal1_x;animal1_z"
svgworld_pil,deit_b16|pre|western,pooled,4,within,0.1,0.874239691065596,0.8744891013038903,"0.9310184021914358;0.8518105540553949;0.793744104973583;0.8823745078689768;0.8211888021801045;0.8676821370932504;0.8931812861366842;0.8223620273159613;0.8953472272318737;0.9619484945976093;0.837345550799838;0.9328731983424399","0.9650123449130955;0.9232414903652987;0.8911147038788839;0.9393601665805491;0.9063761739581699;0.9316919630891696;0.9451620560058245;0.9069265808345608;0.9462740928952496;0.9808261262629375;0.9152806094719597;0.9658988580402392","p0_x;p0_z;p1_x;p1_z;p2_x;p2_z;p3_x;p3_z;animal0_x;animal0_z;animal1_x;animal1_z"
svgworld_pil,deit_b16|rand|island,pooled,0,within,0.001,0.5665161196578443,0.5659613591005597,"0.8250075961947007;0.9050254721001032;0.5663719112678601;0.7851382454989145;0.583768883854844;0.6645515337477159;0.8199627508844396;0.8807954074826195;0.06757372824092378;0.27248263608188905;0.10977120688093056;0.31774406365919183","0.9083129702600408;0.9513757212373909;0.7526114149806781;0.8862870865275847;0.7642832685840343;0.8153324209417244;0.9058375612368802;0.9387548551300249;0.2983811997596862;0.5248303045404542;0.3563957848869991;0.5670345991799407","p0_x;p0_z;p1_x;p1_z;p2_x;p2_z;p3_x;p3_z;animal0_x;animal0_z;animal1_x;animal1_z"
svgworld_pil,deit_b16|rand|island,pooled,1,within,0.001,0.5678511079738627,0.5680212115804513,"0.8225575484313697;0.9052538566195903;0.5781349727367688;0.7982754562005107;0.5754346837410533;0.653868476601597;0.8199709010458724;0.8792214663412691;0.05844899236461687;0.2729432837771528;0.12013764209992561;0.32996601572662654","0.9069664543839272;0.9514600378848891;0.7604660937518513;0.8935107312664384;0.7592367532963178;0.8088104145547145;0.9055315559271143;0.937688599965556;0.2957502364203447;0.5278139361621089;0.37012268796555403;0.575281013927484","p0_x;p0_z;p1_x;p1_z;p2_x;p2_z;p3_x;p3_z;animal0_x;animal0_z;animal1_x;animal1_z"
svgworld_pil,deit_b16|rand|island,pooled,2,within,0.001,0.5638513286510513,0.5638365284270046,"0.8220629138010456;0.9048672257305541;0.5851128563387147;0.7928994341939894;0.5639002401022234;0.6528346966614815;0.8183378847499603;0.8813439501518038;0.061350436692912624;0.2708792318617895;0.09821594983819193;0.3144111236899484","0.9069784250478692;0.9512717105074854;0.7649500058703653;0.8905509071318267;0.7511354046214748;0.8080048739264014;0.9048957820626189;0.9388168390350699;0.29907139118267323;0.5266647575305162;0.34604011624601644;0.564717346152051","p0_x;p0_z;p1_x;p1_z;p2_x;p2_z;p3_x;p3_z;animal0_x;animal0_z;animal1_x;animal1_z"
svgworld_pil,deit_b16|rand|island,pooled,3,within,0.001,0.5659537960985299,0.5669857873433932,"0.819931221326146;0.9034646842250041;0.5842344671865738;0.7859013613293944;0.5842694497978174;0.6626560464506248;0.817901023919046;0.8781695313311144;0.02928484601730197;0.2900417815714189;0.11235526691286168;0.3232358731150563","0.9055329971429459;0.9505433369962435;0.7646391041625815;0.8866870303106151;0.7644179957403177;0.8142953483069393;0.9045490092636966;0.9371413620701138;0.2714542402341872;0.5412388002146608;0.35911207152785407;0.571811649251223","p0_x;p0_z;p1_x;p1_z;p2_x;p2_z;p3_x;p3_z;animal0_x;animal0_z;animal1_x;animal1_z"
svgworld_pil,deit_b16|rand|island,pooled,4,within,0.001,0.5685431431023644,0.5684115694710057,"0.8259611470209068;0.9025824370222609;0.5842288143055605;0.7958124684935888;0.5891422020075869;0.6583610504985087;0.8118271307346153;0.8806666975155335;0.07635863800982856;0.27060852550808845;0.11383461458565802;0.313133991526236","0.9088436924136707;0.9501020020097283;0.7644133864905762;0.8922481753028051;0.7677473794867512;0.8114162676211382;0.9011677377731464;0.9386578269544466;0.31421377471582346;0.5248320051625965;0.361016018271631;0.5646591101929487","p0_x;p0_z;p1_x;p1_z;p2_x;p2_z;p3_x;p3_z;animal0_x;animal0_z;animal1_x;animal1_z"
svgworld_pil,deit_b16|rand|western,pooled,0,within,0.001,0.5398978951300587,0.5395541653372362,"0.6931670995588988;0.7535178070060413;0.4816136425204268;0.6947182929520179;0.4474148784877565;0.5288424391587105;0.5951408216308518;0.6472590779806875;0.4991522278068292;0.7623411119100134;0.0966900174441998;0.27891732510427103","0.8329617862044159;0.8682523907989403;0.6940480903642009;0.833739779221629;0.6691799603464814;0.7273169574268162;0.7723694121525098;0.8052965325853431;0.7067169817535232;0.8731830323813382;0.3343712426587339;0.531032281816845","p0_x;p0_z;p1_x;p1_z;p2_x;p2_z;p3_x;p3_z;animal0_x;animal0_z;animal1_x;animal1_z"
svgworld_pil,deit_b16|rand|western,pooled,1,within,0.001,0.5430145485123541,0.5431874177743442,"0.6990198896995302;0.7614376588163805;0.4960232290432991;0.6950177293373074;0.4504891863938377;0.5305996163659665;0.5975519439568613;0.6447427881898886;0.49330483031886796;0.765171957972024;0.091077673839846;0.29173807821444","0.8363107394386633;0.8728136148698814;0.7053956526486869;0.8340617292001248;0.6713548835717736;0.7288688212560038;0.7733937516515661;0.803410126063781;0.7023984749600544;0.8747583169378453;0.33398123141855796;0.5404650277641878","p0_x;p0_z;p1_x;p1_z;p2_x;p2_z;p3_x;p3_z;animal0_x;animal0_z;animal1_x;animal1_z"
svgworld_pil,deit_b16|rand|western,pooled,2,within,0.001,0.5433250161786299,0.5432225793215371,"0.6928403742315032;0.7570160019532832;0.48516418379308557;0.6966952945326634;0.44609902401257306;0.5283555520733649;0.5886285904155588;0.6564693352853215;0.5014460324009994;0.7640544785502565;0.11391403595223415;0.2892172909427163","0.8326554487063529;0.8703500801972537;0.6966954880382923;0.8353971885618965;0.6679181384806774;0.7270144380420832;0.7677772597762997;0.810559397213971;0.7083316179626413;0.8741841843900285;0.35162749494616996;0.5391843177639871","p0_x;p0_z;p1_x;p1_z;p2_x;p2_z;p3_x;p3_z;animal0_x;animal0_z;animal1_x;animal1_z"
svgworld_pil,deit_b16|rand|western,pooled,3,within,0.001,0.5402551541512407,0.5411723353427422,"0.6933253083889652;0.7599399230837598;0.48722761550343696;0.6925585474887879;0.4509934916277659;0.5313142165837865;0.5967133799151005;0.6440514792333759;0.4902457166593154;0.7693452927494262;0.09189219850170816;0.27545468007945983","0.8331447930145174;0.8718103183205074;0.6992104869735896;0.8325765113908252;0.6718950072938912;0.7296534407492088;0.7740068854749694;0.8030205072435024;0.7004509000029795;0.8772530936025973;0.33316380265408835;0.5272496406035851","p0_x;p0_z;p1_x;p1_z;p2_x;p2_z;p3_x;p3_z;animal0_x;animal0_z;animal1_x;animal1_z"
svgworld_pil,deit_b16|rand|western,pooled,4,within,0.001,0.5433472416012755,0.5435377488826505,"0.6892983215763605;0.7562826464461359;0.4789194901339672;0.6974559433239382;0.46071614925047555;0.5229993911097566;0.5962488845004221;0.6441860630221952;0.5073023469499061;0.7700755650554812;0.11692764089730667;0.2797544569493604","0.8304412927453617;0.869884516744722;0.6921179617698602;0.835282405879488;0.678868669516233;0.7233718843795607;0.7732709254146337;0.803075852399858;0.7127474013828254;0.8776268828873676;0.35470694014109905;0.5321276614591246","p0_x;p0_z;p1_x;p1_z;p2_x;p2_z;p3_x;p3_z;animal0_x;animal0_z;animal1_x;animal1_z"
svgworld_pil,dinov2_b14|pre|island,pooled,0,within,0.1,0.9294070550549188,0.9293743584694237,"0.9676469584473856;0.9328777171211717;0.8688404624358551;0.9290037502741519;0.8953164883361532;0.9309336524180243;0.9477119008936782;0.9364465685976132;0.9235631964579407;0.9783829034803352;0.8811815681514337;0.9609794940452828","0.9836996712746572;0.9661408562671252;0.9322533086189224;0.9638895942478645;0.9462775757407501;0.9648610298229587;0.973508038074616;0.9677865372232547;0.9611353868072363;0.9891411041851863;0.9388382021437321;0.9803386692711442","p0_x;p0_z;p1_x;p1_z;p2_x;p2_z;p3_x;p3_z;animal0_x;animal0_z;animal1_x;animal1_z"
svgworld_pil,dinov2_b14|pre|island,pooled,1,within,0.1,0.9289312592707598,0.929015357459215,"0.9677264894924545;0.9336165816710841;0.8675276824738591;0.9308656898415693;0.8910927439635792;0.9347653640002096;0.9477173286685976;0.9358336649790135;0.9212111333306278;0.9782917184089468;0.8764606678067285;0.9620660466124472","0.9837333634589519;0.966328099610888;0.931458771726521;0.9648207427848866;0.9441540969923338;0.9669408286671292;0.9735178864975604;0.9674257740339863;0.9598017998704212;0.9890881683931849;0.93661365433527;0.9809102468564926","p0_x;p0_z;p1_x;p1_z;p2_x;p2_z;p3_x;p3_z;animal0_x;animal0_z;animal1_x;animal1_z"
svgworld_pil,dinov2_b14|pre|island,pooled,2,within,0.1,0.929212172856494,0.9292952224176171,"0.966984490907125;0.9341196849933907;0.8657965286042388;0.9324251216111127;0.8915062243624032;0.9330508399611025;0.9474921958824456;0.9358355225569266;0.9218148028850391;0.9785559001668307;0.8807676232852514;0.9621971390620625","0.9833571738894169;0.9665542846262349;0.9305294268648616;0.9656374666872577;0.9445427971952661;0.9660511996143154;0.97347462626068;0.9674240868777563;0.9602791238933144;0.9892331877578846;0.9385285048240084;0.9809366554442923","p0_x;p0_z;p1_x;p1_z;p2_x;p2_z;p3_x;p3_z;animal0_x;animal0_z;animal1_x;animal1_z"
svgworld_pil,dinov2_b14|pre|island,pooled,3,within,0.1,0.9289862182624115,0.9291459108783245,"0.967054809777727;0.9348633855579623;0.8680451721423037;0.9327904165553731;0.8895222907891944;0.9339282062225427;0.9471039551743742;0.9348382869842953;0.922097279143536;0.9788948814952547;0.8765859535454318;0.9621099817609441","0.9833941169689316;0.966886954904162;0.9318470645666913;0.9658409164287955;0.9432642416379516;0.9664055893263024;0.973215236898138;0.9668764846447655;0.9603946942619527;0.98940056237156;0.9365848647942251;0.9809461986020241","p0_x;p0_z;p1_x;p1_z;p2_x;p2_z;p3_x;p3_z;animal0_x;animal0_z;animal1_x;animal1_z"
svgworld_pil,dinov2_b14|pre|island,pooled,4,within,0.1,0.9291810022759334,0.9293437413104395,"0.9673956739001426;0.9346589615986447;0.8658387920150107;0.930510294785342;0.8937111752663796;0.9335665264498788;0.9472386310888304;0.9379149485710335;0.9228524030618489;0.9786710863765137;0.8761257689680163;0.9616877652295588","0.9835821353766541;0.9668332531498957;0.9308202557134568;0.9646865949544196;0.9455627018176891;0.9664224473505516;0.9732933883006061;0.9685155736087334;0.9606740525360349;0.989281800961305;0.9361724825263638;0.9806658577927312","p0_x;p0_z;p1_x;p1_z;p2_x;p2_z;p3_x;p3_z;animal0_x;animal0_z;animal1_x;animal1_z"
svgworld_pil,dinov2_b14|pre|western,pooled,0,within,1.0,0.8895703102618544,0.8895382684194714,"0.9308731646066325;0.8680157059150021;0.7633497061973203;0.8861697565750537;0.7990395807949524;0.8910761618460643;0.901102932463074;0.8433097992296295;0.9395542582247673;0.9780664096828182;0.9095453140473457;0.9647409335595933","0.9648238340962969;0.9318534792168788;0.8737426335258629;0.9414494847772382;0.8938941735060383;0.9440058317084388;0.9492879857579375;0.9184072734078375;0.969318476972981;0.9889775390779547;0.9537425380534046;0.9822382265003617","p0_x;p0_z;p1_x;p1_z;p2_x;p2_z;p3_x;p3_z;animal0_x;animal0_z;animal1_x;animal1_z"
svgworld_pil,dinov2_b14|pre|western,pooled,1,within,1.0,0.8910462808768432,0.8911737647164577,"0.9306272054677786;0.8686482336516675;0.7703061255523367;0.8886787650575559;0.8038083638138975;0.8911150816554066;0.9053519913652944;0.844657441151403;0.9371573264122228;0.9783331576566875;0.9083545556053192;0.9655171231325484","0.9647006769562172;0.9320174091556552;0.8776958497172737;0.942698250357694;0.896561738894614;0.9440717569294397;0.9515425175333929;0.9192120326486153;0.9680715456214044;0.9891145344359802;0.9532232875149446;0.9826152978012255","p0_x;p0_z;p1_x;p1_z;p2_x;p2_z;p3_x;p3_z;animal0_x;animal0_z;animal1_x;animal1_z"
svgworld_pil,dinov2_b14|pre|western,pooled,2,within,1.0,0.8897748560567419,0.8900399404304344,"0.9303332730898797;0.8664067039103769;0.7648469746579738;0.8871188213768741;0.7984478226896985;0.8911851258144122;0.9023422402077707;0.8454024534728222;0.9380573786679993;0.9778302218756633;0.9100990594614812;0.9652281974559502","0.964611677270926;0.9308157432663436;0.8746626463006988;0.9419294124758898;0.893673343663241;0.9440611642835186;0.9500338371264269;0.9195625734098635;0.9685532095058295;0.9888569215938486;0.954034995594102;0.9824782029678863","p0_x;p0_z;p1_x;p1_z;p2_x;p2_z;p3_x;p3_z;animal0_x;animal0_z;animal1_x;animal1_z"
svgworld_pil,dinov2_b14|pre|western,pooled,3,within,1.0,0.8904391154549268,0.890530453115609,"0.930085213229641;0.8664929250865958;0.7727229249680143;0.8853215752710579;0.7964081324275293;0.8922854138163088;0.903905569148018;0.8461130603009825;0.9396153830922566;0.9789113121648084;0.9080205281314396;0.965387347822471","0.9644159576896798;0.9309686671665084;0.879079754265157;0.9409352695154488;0.8925249062383246;0.9446123777227122;0.950797967681836;0.9198905777611043;0.9693436358933625;0.9894036905945228;0.9529770405084941;0.98254672059008","p0_x;p0_z;p1_x;p1_z;p2_x;p2_z;p3_x;p3_z;animal0_x;animal0_z;animal1_x;animal1_z"
svgworld_pil,dinov2_b14|pre|western,pooled,4,within,1.0,0.888474701376276,0.8888366601630169,"0.9311414353384304;0.8630257588824234;0.7587493665824387;0.88185333297274;0.8028632442916599;0.8908683805737813;0.9024250921314716;0.84315500516985;0.940065936475224;0.9775922320110043;0.905285783660384;0.9646708484259034","0.964994710277958;0.9291968591633677;0.8714045997869614;0.939080649285806;0.8961856379327766;0.9441251230101594;0.9499767895087455;0.9183059540626032;0.9695861118804431;0.9887402036224701;0.9514709657270363;0.9821771117663161","p0_x;p0_z;p1_x;p1_z;p2_x;p2_z;p3_x;p3_z;animal0_x;animal0_z;animal1_x;animal1_z"
svgworld_pil,dinov2_b14|rand|island,pooled,0,within,0.001,0.5475479753716649,0.5471140708675704,"0.9440797015649153;0.9329081015928614;0.6078406059901245;0.77170807970249;0.5907172468422615;0.6756598713581787;0.8818207914694772;0.9349056558793173;-0.02820144700220828;0.13097514481454986;0.006907974385136795;0.12125397786287462","0.9716573493004843;0.9659878096497136;0.7796444042130358;0.8786275758463186;0.7690425024263942;0.8219949463695625;0.9393650147596975;0.96705034654845;0.17212957915152569;0.38149328969736657;0.21894300227291424;0.36861454017629525","p0_x;p0_z;p1_x;p1_z;p2_x;p2_z;p3_x;p3_z;animal0_x;animal0_z;animal1_x;animal1_z"
svgworld_pil,dinov2_b14|rand|island,pooled,1,within,0.001,0.5484019009258911,0.5483873375546561,"0.9448963528379759;0.9328693833262711;0.6272906744391651;0.77190162201694;0.5917761810830438;0.6646587310198165;0.8883102968317572;0.9320042828949873;-0.017148510851321408;0.11670935062946386;0.011177229457313143;0.11637721742528051","0.9721365987340492;0.9659232435473887;0.7921734297756264;0.8787395723239984;0.7695903681765832;0.81543329992233;0.9427270286339154;0.965484506996347;0.18223893464990415;0.3700278094701034;0.21725802396274355;0.3637779165100538","p0_x;p0_z;p1_x;p1_z;p2_x;p2_z;p3_x;p3_z;animal0_x;animal0_z;animal1_x;animal1_z"
svgworld_pil,dinov2_b14|rand|island,pooled,2,within,0.001,0.5475741881328245,0.5473400298650766,"0.9446403339889855;0.9309574920101881;0.624903750632101;0.77626337844364;0.5754237439887926;0.6503939348745695;0.8823173410087723;0.9327901257583561;-0.0074704348049907665;0.13767682501131806;0.00229796695753548;0.12069579972462696","0.9719556559084455;0.9648768530461063;0.7907993895648916;0.8814309968409225;0.7587203244067741;0.8064826908757414;0.9394337037735913;0.9658630958876723;0.18686655113551598;0.39204438324173596;0.2085020493145702;0.3693739680170586","p0_x;p0_z;p1_x;p1_z;p2_x;p2_z;p3_x;p3_z;animal0_x;animal0_z;animal1_x;animal1_z"
svgworld_pil,dinov2_b14|rand|island,pooled,3,within,0.001,0.5488718427096079,0.5498619377632854,"0.9434889110038376;0.9306795465340155;0.6203592396699232;0.7775047611189432;0.5720641304842282;0.6738942527349103;0.8855905202739475;0.9337647892522042;-0.01687528057140164;0.1560706938424441;-0.004975335386364854;0.11489588355860625","0.9715427791422901;0.9647544240848482;0.7880776181354251;0.8818522618231748;0.7563669765957345;0.8215712666611972;0.9412246919665906;0.9663775134108058;0.18674884378648438;0.40504325223980714;0.20672891613647998;0.3663763397588288","p0_x;p0_z;p1_x;p1_z;p2_x;p2_z;p3_x;p3_z;animal0_x;animal0_z;animal1_x;animal1_z"
svgworld_pil,dinov2_b14|rand|island,pooled,4,within,0.001,0.5458396295154506,0.5453935314462892,"0.9458720830853368;0.9335057689220497;0.6326724394204978;0.7767388510118595;0.5791567779938098;0.6681661693947847;0.8864892891367809;0.934389868372573;-0.016922553112514116;0.1371010905138177;-0.03558948102805681;0.10849525047446806","0.9726093351147563;0.9662212377004942;0.7956793618533642;0.8817472586273212;0.7612047263452171;0.8179701512459789;0.9420160761171698;0.9668365118918241;0.18345046200319692;0.391902422517156;0.17413264354534724;0.3562989424274397","p0_x;p0_z;p1_x;p1_z;p2_x;p2_z;p3_x;p3_z;animal0_x;animal0_z;animal1_x;animal1_z"
svgworld_pil,dinov2_b14|rand|western,pooled,0,within,0.001,0.6087004672912216,0.608421594135441,"0.8885570558674076;0.8669765392742409;0.539281186487485;0.7130876892000718;0.5493555718060305;0.5928347059175578;0.8309329972897539;0.8441198968060056;0.30971637985522704;0.7304485725154789;0.08858889874444464;0.3505061137309544","0.942857061293157;0.931160335868546;0.7343760722172542;0.8444487864812954;0.7413989861578043;0.769983874023083;0.9119946523988385;0.918793903511205;0.5604573995066635;0.854725693227741;0.33184905771898365;0.5948278684092411","p0_x;p0_z;p1_x;p1_z;p2_x;p2_z;p3_x;p3_z;animal0_x;animal0_z;animal1_x;animal1_z"
svgworld_pil,dinov2_b14|rand|western,pooled,1,within,0.001,0.6071644849043945,0.6074561289259476,"0.8865133044878606;0.8666470792407965;0.5406913901958473;0.7267963803476718;0.54759838833843;0.5793987048903146;0.8317920348231027;0.8370777274171375;0.30307008822454895;0.7318700043483772;0.08403892149880998;0.35047979503983495","0.941683931635917;0.9311449186022909;0.7353226097487984;0.8527708100695317;0.740015899079706;0.761310223985474;0.9121781700623884;0.9149462606234059;0.5555946659085894;0.8556398982555606;0.32504040676347246;0.5941371105203713","p0_x;p0_z;p1_x;p1_z;p2_x;p2_z;p3_x;p3_z;animal0_x;animal0_z;animal1_x;animal1_z"
svgworld_pil,dinov2_b14|rand|western,pooled,2,within,0.001,0.6071162175358321,0.6067708817497128,"0.8848542982638872;0.8675769408220085;0.5507005524031017;0.725190251721643;0.5365463358564193;0.5768785661251576;0.8305302712938334;0.8433285801321855;0.30537733187644867;0.7318547670375464;0.07479388778962226;0.3577628271081328","0.9407111711257532;0.9315497690878416;0.7423297929897187;0.8523580267715055;0.7327223575812014;0.7596227379406633;0.9116573772691141;0.9183995639269645;0.5564804991223289;0.8556209364925427;0.3178419256829389;0.6007837761187083","p0_x;p0_z;p1_x;p1_z;p2_x;p2_z;p3_x;p3_z;animal0_x;animal0_z;animal1_x;animal1_z"
svgworld_pil,dinov2_b14|rand|western,pooled,3,within,0.001,0.6092530228534737,0.6102988049683864,"0.8878058770317271;0.8645983938699372;0.5482970504013601;0.7180883249983638;0.5383201895079985;0.5925067753658325;0.8311472928002394;0.8360154636961338;0.3117293540630107;0.7316793873826009;0.08988864316941869;0.3609595219550624","0.9424106125381534;0.9299047241409792;0.7406616917856783;0.847670035165885;0.7337911136888466;0.7700389160427751;0.9118149763420276;0.9143826293564405;0.5606355253980781;0.8556206269826118;0.33292277807411375;0.6021828089341874","p0_x;p0_z;p1_x;p1_z;p2_x;p2_z;p3_x;p3_z;animal0_x;animal0_z;animal1_x;animal1_z"
svgworld_pil,dinov2_b14|rand|western,pooled,4,within,0.001,0.606173389928853,0.6063385367252122,"0.8916669331587259;0.8677774262803615;0.5376636276421546;0.7234145823388529;0.537230684400215;0.5715381281243909;0.8304284215247777;0.8440383011315147;0.3100796232512666;0.7341398690764991;0.0732485796464738;0.3528545025710025","0.9444120039854026;0.9315641915249571;0.7333765034121165;0.8508020964168411;0.7332531774032531;0.7561472435113721;0.911300235841507;0.9190803223125759;0.5603539920756075;0.8570316679559822;0.315174640181386;0.5965393557990523","p0_x;p0_z;p1_x;p1_z;p2_x;p2_z;p3_x;p3_z;animal0_x;animal0_z;animal1_x;animal1_z"
svgworld_pil,dinov3_b16|pre|island,patches_mean,0,within,0.001,0.9377931526425377,0.9378229969336298,"0.9594395541546694;0.9322466713026932;0.8503632594841055;0.924191844367425;0.8877994545360011;0.9292368299338171;0.9430564049288154;0.9325498446771806;0.9707082757277634;0.9890873247265275;0.955083917052985;0.9797544508184681","0.9795189206110021;0.965558104096606;0.9222668920463352;0.9614504548543418;0.9423304713110878;0.9640779193661404;0.9711351097337066;0.9658158130927283;0.9852845116163442;0.9945313770048351;0.9773004425161068;0.9898413621052521","p0_x;p0_z;p1_x;p1_z;p2_x;p2_z;p3_x;p3_z;animal0_x;animal0_z;animal1_x;animal1_z"
svgworld_pil,dinov3_b16|pre|island,patches_mean,1,within,0.001,0.9382046988181787,0.9382582333939434,"0.958883322451009;0.933252395109916;0.8539910354846509;0.9242407284318606;0.8886421483292987;0.9320363151279384;0.9438810028865908;0.9304791873910707;0.9695575192743263;0.9893115790474768;0.9540936541069053;0.9800874981771005","0.9792340083408472;0.9661278099346825;0.924216794809792;0.9614253488354155;0.9428264445705126;0.9654565360705023;0.9715889282595352;0.9646828262641961;0.9846868152746403;0.9946437477079926;0.9767994319861271;0.9900001316715727","p0_x;p0_z;p1_x;p1_z;p2_x;p2_z;p3_x;p3_z;animal0_x;animal0_z;animal1_x;animal1_z"
svgworld_pil,dinov3_b16|pre|island,patches_mean,2,within,0.001,0.9376106790161876,0.9377655960826786,"0.9590079454438322;0.9328998011191905;0.8490974404965594;0.9248836096501597;0.8853521774632845;0.9318439273363527;0.9444426122821404;0.9291649090863545;0.9698108915673329;0.9890848410515669;0.9553563444481438;0.9803836482493357","0.9793088276433195;0.9658709359088852;0.9216217485081092;0.9617220508249298;0.9410036999548514;0.9654224117448791;0.971831885530366;0.9640184059996572;0.9848005198768521;0.9945453537962031;0.9774488387276443;0.9901524777371592","p0_x;p0_z;p1_x;p1_z;p2_x;p2_z;p3_x;p3_z;animal0_x;animal0_z;animal1_x;animal1_z"
svgworld_pil,dinov3_b16|pre|island,patches_mean,3,within,0.001,0.9381983906226692,0.9382272327977854,"0.9583468785002242;0.9323519715562869;0.8532886959461933;0.921968190788023;0.890411647466131;0.9321771954007357;0.9447311662215893;0.9302955712499544;0.9700865420653149;0.9892202318670984;0.9552469405434021;0.9802556558670767","0.978952490169874;0.9656338234952645;0.9239766357612633;0.96021648052177;0.9439505593525522;0.9655310912132568;0.9721045642343733;0.9645772643674744;0.9849306587897654;0.9945955278071524;0.977434306476674;0.9900857050862415","p0_x;p0_z;p1_x;p1_z;p2_x;p2_z;p3_x;p3_z;animal0_x;animal0_z;animal1_x;animal1_z"
svgworld_pil,dinov3_b16|pre|island,patches_mean,4,within,0.001,0.9381522820119707,0.9383824824793123,"0.9590136537495777;0.9323685648259392;0.8522809591700478;0.9229886043808746;0.889149417649079;0.9296908652453876;0.9453662526170615;0.9325441954016044;0.970946374918901;0.9895083363121167;0.9542043512517896;0.9797658086212688","0.9793176585281667;0.9656545194733401;0.9233826015704523;0.9608600906000107;0.9436527251618063;0.964355894734217;0.9723132083396193;0.9656905283653825;0.9853729625198776;0.9947415847465401;0.9768580251030983;0.9898451202939229","p0_x;p0_z;p1_x;p1_z;p2_x;p2_z;p3_x;p3_z;animal0_x;animal0_z;animal1_x;animal1_z"
svgworld_pil,dinov3_b16|pre|island,pooled,0,within,0.01,0.9195462082177549,0.9194501248154341,"0.9644078810564508;0.9416332415550202;0.8793727447119213;0.9301327256589274;0.9043318126276296;0.9381043411104637;0.9484155407930077;0.9347122851277618;0.8932319745337093;0.9575265913872004;0.8137902736964077;0.92889508635456","0.9820493547387178;0.9704204428583583;0.9378432016564366;0.9644905326476301;0.9510263821568795;0.968647651376586;0.9738826018851607;0.9668513363483744;0.9452006536980847;0.9785332790431093;0.9022517861187133;0.9638809693842357","p0_x;p0_z;p1_x;p1_z;p2_x;p2_z;p3_x;p3_z;animal0_x;animal0_z;animal1_x;animal1_z"
svgworld_pil,dinov3_b16|pre|island,pooled,1,within,0.01,0.919577214330712,0.9196873388732953,"0.9650902340603168;0.9417517358982765;0.8801847188712068;0.9332004353264789;0.9075702899972768;0.9384905096145036;0.9494736020188287;0.9327126956446884;0.8891892589151854;0.956774400371135;0.8113155714154291;0.9291731198352171","0.9824146613523914;0.9705453620306818;0.9383730930472346;0.9660344939961892;0.9526891174463686;0.9687670576032965;0.9744447344737547;0.9658668999208765;0.9431378401999309;0.9781602543329826;0.9009981778552253;0.9640401521242417","p0_x;p0_z;p1_x;p1_z;p2_x;p2_z;p3_x;p3_z;animal0_x;animal0_z;animal1_x;animal1_z"
svgworld_pil,dinov3_b16|pre|island,pooled,2,within,0.01,0.9195310772195651,0.9195363053642798,"0.965357720632078;0.9413781363854318;0.877201501391479;0.9330247631333766;0.9043757019503542;0.9386477270527971;0.950288164933712;0.9338661837024805;0.8915435322531748;0.9572924624597213;0.8130768738972978;0.9283201588428784","0.9825266875219353;0.9702585190702562;0.9368097388050759;0.9659884400842946;0.9510438827983744;0.968852100514867;0.9748603276145472;0.966427253032516;0.944246480303204;0.9784578029039446;0.9018505059986759;0.9635123958690595","p0_x;p0_z;p1_x;p1_z;p2_x;p2_z;p3_x;p3_z;animal0_x;animal0_z;animal1_x;animal1_z"
svgworld_pil,dinov3_b16|pre|island,pooled,3,within,0.01,0.919295157204623,0.9195344744232744,"0.9647049950830718;0.9393985864995986;0.881798049212376;0.9324582529537888;0.9035434334860544;0.9387106791610423;0.9483054570931571;0.9350427983557476;0.8889109549886002;0.9566754798267767;0.8135966838403889;0.928396515954873","0.9822004266917042;0.9693215928278229;0.9392112004644563;0.9657138572440944;0.950741362356392;0.9688925032145522;0.9738832646546838;0.9670054880953867;0.9428931399683224;0.9780978903721343;0.9023587072730722;0.9635495141237325","p0_x;p0_z;p1_x;p1_z;p2_x;p2_z;p3_x;p3_z;animal0_x;animal0_z;animal1_x;animal1_z"
svgworld_pil,dinov3_b16|pre|island,pooled,4,within,0.01,0.9195029494382673,0.9195808956161293,"0.9646374841520243;0.9402375104098192;0.8798994908244511;0.9322861880436801;0.9060526916768867;0.9379921378356881;0.9486845620162708;0.9339224319524743;0.8903481215400176;0.9579621879443125;0.8121174213530516;0.9298951655105312","0.9822284603122489;0.9697325081483266;0.9382430905210398;0.965578985241582;0.9523039231320262;0.9685658701392418;0.9740095960501266;0.9664048790491738;0.9437246595038614;0.9787724039054752;0.9014106051644547;0.9643542643670667","p0_x;p0_z;p1_x;p1_z;p2_x;p2_z;p3_x;p3_z;animal0_x;animal0_z;animal1_x;animal1_z"
svgworld_pil,dinov3_b16|pre|western,patches_mean,0,within,0.001,0.9126693223295649,0.9127411428330228,"0.940138118900186;0.8937469329891761;0.8068572524473137;0.8811008716647843;0.8402859674736891;0.898233027023589;0.9006912741702144;0.8769350726077013;0.9756860028244532;0.9864452813343003;0.969682266885326;0.9822297996340456","0.969625079280084;0.9455464775565677;0.8985363249472496;0.9388413110025337;0.9170566941487182;0.947986830918984;0.9491307002303266;0.9366694861649268;0.98778330172179;0.9932039800320922;0.984739513365836;0.991086220564694","p0_x;p0_z;p1_x;p1_z;p2_x;p2_z;p3_x;p3_z;animal0_x;animal0_z;animal1_x;animal1_z"
svgworld_pil,dinov3_b16|pre|western,patches_mean,1,within,0.001,0.9127262037899052,0.9128021405682197,"0.9373861229265182;0.8985475471182331;0.8003108193350815;0.8828989297051035;0.838330822079551;0.8995370181426299;0.9051672092542332;0.8748224177512428;0.9747815010510367;0.9871739693078794;0.970463112289214;0.9832949765181395","0.9682390827437252;0.9480296238587456;0.8948312613328345;0.939875525498009;0.9158504497019262;0.9486105310355405;0.9515287103186629;0.9356483730874435;0.9873315698064359;0.9935688168752524;0.9851309745165249;0.9916416903677562","p0_x;p0_z;p1_x;p1_z;p2_x;p2_z;p3_x;p3_z;animal0_x;animal0_z;animal1_x;animal1_z"
svgworld_pil,dinov3_b16|pre|western,patches_mean,2,within,0.001,0.9123022171628613,0.9125256601872596,"0.9388600231771669;0.8974292623035222;0.7972829797675842;0.8844733913825051;0.83213301993433;0.8991721265921007;0.9048948132434071;0.87822252456831;0.9753505790264733;0.9866255817283636;0.9704615264965898;0.9827207777339808","0.9691287617464062;0.9475320191353465;0.8931088506505218;0.9406213919211148;0.9129211165228341;0.9484016942751645;0.9513932480527155;0.937245095425319;0.9876128537003531;0.9933093952095304;0.9851264685028849;0.9913232592509172","p0_x;p0_z;p1_x;p1_z;p2_x;p2_z;p3_x;p3_z;animal0_x;animal0_z;animal1_x;animal1_z"
svgworld_pil,dinov3_b16|pre|western,patches_mean,3,within,0.001,0.9121387469858053,0.9121118128413138,"0.9373531189840824;0.8985199221299428;0.8038964550493065;0.8784442592464737;0.8322974695266393;0.9005186759336117;0.9052113357271885;0.8738936742598158;0.9753113850116439;0.9873285383067802;0.9698396595560919;0.9830504700980879","0.9681983032924585;0.9479324602039986;0.8969541577798487;0.9373930939287602;0.9128395488648157;0.9490319969849587;0.95153572465945;0.9350946770505966;0.98758540566927;0.9936442904121284;0.984852152132224;0.9914890574564273","p0_x;p0_z;p1_x;p1_z;p2_x;p2_z;p3_x;p3_z;animal0_x;animal0_z;animal1_x;animal1_z"
svgworld_pil,dinov3_b16|pre|western,patches_mean,4,within,0.001,0.9128211528101974,0.9131226364592866,"0.937476638648564;0.8990622296539961;0.8009854282487376;0.8854942523517649;0.8353161794956941;0.9022184133263185;0.9036265391907251;0.8758696776193711;0.9752883591279512;0.9867725840846149;0.9694773089300348;0.9822662230445951","0.9683588044091629;0.9482833890568289;0.8953697487123345;0.9410586832914821;0.9144603949111308;0.9500304691317949;0.9506604539847283;0.9359487310537637;0.9875718900940778;0.9933646260510166;0.9846303602909551;0.9910936895042418","p0_x;p0_z;p1_x;p1_z;p2_x;p2_z;p3_x;p3_z;animal0_x;animal0_z;animal1_x;animal1_z"
svgworld_pil,dinov3_b16|pre|western,pooled,0,within,0.1,0.8974620172082654,0.8974526181507121,"0.9469940207876866;0.9078807552641243;0.8373454245790648;0.8927610089502838;0.8646966096694829;0.8981334083884126;0.9051887533756203;0.8924536498471687;0.920492798734413;0.9583615946049157;0.8238273752342641;0.9214088070637454","0.9731430058283542;0.9528630854809418;0.9150842712340054;0.944896455844597;0.9300238041572111;0.9478602420553425;0.9514327550435309;0.9447573406337477;0.9594670174693162;0.9790162804660126;0.9077372483962428;0.95993271275663","p0_x;p0_z;p1_x;p1_z;p2_x;p2_z;p3_x;p3_z;animal0_x;animal0_z;animal1_x;animal1_z"
svgworld_pil,dinov3_b16|pre|western,pooled,1,within,0.1,0.8973747512048567,0.8974769932334757,"0.9450346499629939;0.907400067819164;0.8371255764708094;0.898738424820971;0.8603270891943916;0.8966682914369416;0.9077338513179534;0.8849818268385709;0.9193092909397651;0.9592978859016709;0.8284189280562644;0.923461131698783","0.9721335335411974;0.952631859449055;0.9150568049918345;0.9480323474400895;0.9275798109367843;0.9470529103597229;0.9527750530205547;0.9408456653061105;0.9588179772523158;0.9794431268257717;0.9102389669758064;0.9609959782286976","p0_x;p0_z;p1_x;p1_z;p2_x;p2_z;p3_x;p3_z;animal0_x;animal0_z;animal1_x;animal1_z"
svgworld_pil,dinov3_b16|pre|western,pooled,2,within,0.1,0.8969673181620226,0.8970370714696959,"0.9450400826204906;0.9067331431187192;0.8311723790536684;0.8947073051193961;0.8614819927761397;0.8936953348948058;0.9094796292439293;0.8907200063877498;0.9200141839880696;0.9589364179288627;0.8285909867413032;0.923036356071136","0.9721859897930811;0.9522706630398559;0.9118691725877542;0.9459100319538095;0.928217139482558;0.9454171315628843;0.9536973175313614;0.9437973390494244;0.959271928450018;0.9793229024853825;0.9102754565056642;0.9607857983275777","p0_x;p0_z;p1_x;p1_z;p2_x;p2_z;p3_x;p3_z;animal0_x;animal0_z;animal1_x;animal1_z"
svgworld_pil,dinov3_b16|pre|western,pooled,3,within,0.1,0.8984771199882049,0.8986264338021884,"0.9443034610383718;0.9117287572618341;0.8424520639695147;0.8938571420060991;0.858552867624502;0.8984031287666043;0.9103400945999416;0.8882601992119304;0.9211709513391418;0.9589895021181227;0.8308969189025285;0.9227703530198669","0.9717566387594248;0.9548632370965924;0.9178950651411658;0.9455292108017614;0.9265868142196954;0.9479439071818255;0.9541737686119169;0.9425012637062772;0.9597889755500296;0.9792801103186533;0.9115966371222304;0.9606155331395707","p0_x;p0_z;p1_x;p1_z;p2_x;p2_z;p3_x;p3_z;animal0_x;animal0_z;animal1_x;animal1_z"
svgworld_pil,dinov3_b16|pre|western,pooled,4,within,0.1,0.8972570018734151,0.897398227784161,"0.9469849091867074;0.9096836144358388;0.8382859029398209;0.892598017766725;0.8604571135999862;0.8953318282619847;0.9071072183295913;0.8905469216835858;0.9186694803260469;0.9586059271562902;0.8274652670216185;0.9213478217727844","0.9731553430882249;0.953796717388581;0.9156173351383348;0.9447868427161213;0.9277571683417578;0.9464821153091639;0.9524514543347891;0.9437275362869654;0.9584843834159366;0.9790949431122814;0.9096531825026386;0.9599090690170056","p0_x;p0_z;p1_x;p1_z;p2_x;p2_z;p3_x;p3_z;animal0_x;animal0_z;animal1_x;animal1_z"
svgworld_pil,dinov3_b16|rand|island,patches_mean,0,within,0.001,0.5780554187627288,0.5773254210113418,"0.8425393998455121;0.9205685567808553;0.6323410320163313;0.8370514069624866;0.6118400137930566;0.7330970094971518;0.8568919400056358;0.9009449671331682;0.05148889378389554;0.232974511407531;0.043075632786323426;0.2738516611407984","0.9183238699560304;0.9594738433284539;0.7953949729752324;0.9149624983759104;0.7824278264540515;0.8562511032944553;0.9262773109077092;0.9492704318963693;0.27648716087624886;0.4889834760234811;0.27445577821181316;0.5260794501345828","p0_x;p0_z;p1_x;p1_z;p2_x;p2_z;p3_x;p3_z;animal0_x;animal0_z;animal1_x;animal1_z"
svgworld_pil,dinov3_b16|rand|island,patches_mean,1,within,0.001,0.5756044564208279,0.5756985883567252,"0.8390917770091672;0.9199653850869658;0.6353723314455455;0.8366414318497408;0.6174591776185543;0.7269627180405489;0.8627649257659487;0.9029149964224916;0.04717700312959061;0.22671179153239907;0.03685009012988194;0.25534184901909995","0.9161967550655701;0.9592323739433097;0.7971909860271646;0.9147203961423096;0.7864546154194658;0.8529032731462911;0.9289077383242216;0.9502280415926574;0.2707616916434684;0.4834418785541806;0.2729071685532873;0.5082992845566079","p0_x;p0_z;p1_x;p1_z;p2_x;p2_z;p3_x;p3_z;animal0_x;animal0_z;animal1_x;animal1_z"
svgworld_pil,dinov3_b16|rand|island,patches_mean,2,within,0.001,0.5772276498625915,0.5771371970990236,"0.8392292087374496;0.9189291129464737;0.6356698197931667;0.8397087553274043;0.6112538281449535;0.7239435422359244;0.8592581310047108;0.9028972176288146;0.04119673780732147;0.2328587970161693;0.04173861644624144;0.2800480312624676","0.916620320822568;0.958662984656141;0.7975786497466348;0.9166848988397093;0.7818334070195335;0.8509163776787786;0.9271598330091352;0.95021557035655;0.2688552060063437;0.4911718601373747;0.27010374619507244;0.5316853502558208","p0_x;p0_z;p1_x;p1_z;p2_x;p2_z;p3_x;p3_z;animal0_x;animal0_z;animal1_x;animal1_z"
svgworld_pil,dinov3_b16|rand|island,patches_mean,3,within,0.001,0.5755043733841514,0.5766473017154736,"0.8392220349824844;0.9178635808967991;0.6285555514264329;0.832878967061209;0.6165970908591749;0.7329723068116896;0.8578581444373885;0.9017649399418532;0.03292492456596896;0.23623265659120207;0.03318960667156379;0.2759926763640508","0.9161887224119468;0.958064174028386;0.7931696934186181;0.9128333048948242;0.7852599350187108;0.856468193228495;0.9263323132169592;0.9496780019124552;0.25912970322112894;0.48988458708859184;0.2664315860754202;0.5283727190217304","p0_x;p0_z;p1_x;p1_z;p2_x;p2_z;p3_x;p3_z;animal0_x;animal0_z;animal1_x;animal1_z"
svgworld_pil,dinov3_b16|rand|island,patches_mean,4,within,0.001,0.5791846221678972,0.5788659648515986,"0.8429700516562906;0.9197500022256102;0.6420013708137801;0.8374335120054973;0.6182777049819252;0.7344662180559476;0.8566419268708044;0.9025434073136899;0.05738343908969479;0.2254576798394492;0.05408518698016829;0.2592049661819096","0.9181537222750386;0.9590395426253673;0.8013645547584746;0.9151918317628959;0.7865245593167466;0.857073353158177;0.9257038988281435;0.9500875834236491;0.27906927635053747;0.4813753968776983;0.28340206131688206;0.5152286064226833","p0_x;p0_z;p1_x;p1_z;p2_x;p2_z;p3_x;p3_z;animal0_x;animal0_z;animal1_x;animal1_z"
svgworld_pil,dinov3_b16|rand|island,pooled,0,within,0.001,0.626000892296771,0.6252847291362131,"0.8488778010743996;0.9244662779239812;0.6989836004319192;0.8567667730041876;0.6831275064071058;0.7961661166641324;0.8508008213262132;0.912225004987551;0.08085310439450799;0.25592022366506184;0.20249603095198343;0.4013274467302087","0.9215314778521339;0.9615017779106887;0.836421452410829;0.9256435447392002;0.826635943744329;0.8923658375784446;0.9226281422767153;0.9551224888932888;0.32329655633584;0.5143518873545856;0.46014539213653993;0.6346636854972093","p0_x;p0_z;p1_x;p1_z;p2_x;p2_z;p3_x;p3_z;animal0_x;animal0_z;animal1_x;animal1_z"
svgworld_pil,dinov3_b16|rand|island,pooled,1,within,0.001,0.6292893453765296,0.6294145199431846,"0.8505383243130198;0.9260554738310144;0.7055993445223071;0.8584389222149953;0.6846157441750043;0.8027124519318513;0.8541824541475977;0.9099034386759227;0.07250133716010754;0.2586430930095548;0.21765609924927531;0.41062546128770416","0.922358723185283;0.9623517863628975;0.8400531511807618;0.9265703008908014;0.8274400530731221;0.8960530953477379;0.9242343193097923;0.9539423631864529;0.31860630342880003;0.5165739183779734;0.4739765241835007;0.6409973592477373","p0_x;p0_z;p1_x;p1_z;p2_x;p2_z;p3_x;p3_z;animal0_x;animal0_z;animal1_x;animal1_z"
svgworld_pil,dinov3_b16|rand|island,pooled,2,within,0.001,0.6286186425095649,0.6285787046843321,"0.8500245351424122;0.9225718655612509;0.7049087739226579;0.8568647180245508;0.6817698406357845;0.7954326572696285;0.8525430473625456;0.9125192913401687;0.08185633678337423;0.258021779308066;0.20986281755084002;0.4170480472135003","0.922031185001121;0.9605305265635127;0.8397056080690957;0.9258609279221478;0.8258256019485001;0.8919400940988775;0.9233648561243963;0.9552783468356147;0.32275998286912416;0.5166400868979706;0.4652046482815244;0.6467064416499896","p0_x;p0_z;p1_x;p1_z;p2_x;p2_z;p3_x;p3_z;animal0_x;animal0_z;animal1_x;animal1_z"
svgworld_pil,dinov3_b16|rand|island,pooled,3,within,0.001,0.6269469138773136,0.6279279879095228,"0.8541947997649955;0.923086103339142;0.6969398073110022;0.8555216761712696;0.6878642428206463;0.8094777558924313;0.8498247250209349;0.9108594167928636;0.06465065689594363;0.25488881397524144;0.20956728256610213;0.40648768597719154","0.9243438902191576;0.9608419147940239;0.8351726468939832;0.9252415108429294;0.8295812062122061;0.900173375791038;0.9218638936824147;0.9544075185716245;0.3092858136417257;0.5139331493615492;0.46678574696944597;0.6389715684359394","p0_x;p0_z;p1_x;p1_z;p2_x;p2_z;p3_x;p3_z;animal0_x;animal0_z;animal1_x;animal1_z"
svgworld_pil,dinov3_b16|rand|island,pooled,4,within,0.001,0.6305145648836418,0.6301441131719117,"0.8525734577783157;0.9262296542330954;0.7076460332186943;0.8573636830248341;0.6953529494086255;0.8016520520792505;0.8503412751042646;0.9130403739553525;0.08205939731535339;0.26437270394508827;0.207988414200303;0.40755478434052406","0.9234228768407127;0.962436348747118;0.8413051764694577;0.9259553403409364;0.8339663141370619;0.8954240074525421;0.922233835444807;0.9556527269978634;0.3227829214920209;0.5190083848565638;0.4670259829932107;0.6398225370166373","p0_x;p0_z;p1_x;p1_z;p2_x;p2_z;p3_x;p3_z;animal0_x;animal0_z;animal1_x;animal1_z"
svgworld_pil,dinov3_b16|rand|western,patches_mean,0,within,0.001,0.5965791018812685,0.5961698099223303,"0.7628367774801171;0.8045174559357321;0.5561518624730273;0.7640781678551428;0.5629075393271088;0.6280891646950522;0.6884491554364259;0.7541467774368062;0.4893277911850721;0.7777395190176217;0.07697487608491516;0.29373013564819983","0.873512182546918;0.8969827125334597;0.7459101912395447;0.8742297520582699;0.7503150876677872;0.792552040368265;0.8298544790404112;0.8685134360661141;0.6998261022665586;0.8819324561520585;0.3299396749891165;0.5473440894746261","p0_x;p0_z;p1_x;p1_z;p2_x;p2_z;p3_x;p3_z;animal0_x;animal0_z;animal1_x;animal1_z"
svgworld_pil,dinov3_b16|rand|western,patches_mean,1,within,0.001,0.5998776718289015,0.6000542059473001,"0.7671059564119803;0.8070540553275276;0.5603426462529026;0.771483915108916;0.5635070603077668;0.6287341418309431;0.6918387146964088;0.7497142728730664;0.48513356849282485;0.7755149233629374;0.09491574546015036;0.30318706182139343","0.8760424962518283;0.8983794904919614;0.7486812052603607;0.8785129837601686;0.7506767226922163;0.7929448195276969;0.8317908395326409;0.8658914902430581;0.6967855245472762;0.8806347918337449;0.3422142463843044;0.5535872064611373","p0_x;p0_z;p1_x;p1_z;p2_x;p2_z;p3_x;p3_z;animal0_x;animal0_z;animal1_x;animal1_z"
svgworld_pil,dinov3_b16|rand|western,patches_mean,2,within,0.001,0.5961045401789011,0.5959072760010822,"0.7694459102756508;0.80098230313514;0.555014849224736;0.768151621848514;0.5623711937323574;0.6175822374848169;0.6886948778363651;0.7512132049846654;0.48082456035637966;0.7742069523321212;0.08978209080274202;0.2949846801333248","0.877428157750972;0.8951652296750585;0.7453946215937564;0.8765636415778345;0.7499645494890226;0.786046335362656;0.8302506807481892;0.8667272964549075;0.6937696163402003;0.8799274428761621;0.3357574268034066;0.5478159148671228","p0_x;p0_z;p1_x;p1_z;p2_x;p2_z;p3_x;p3_z;animal0_x;animal0_z;animal1_x;animal1_z"
svgworld_pil,dinov3_b16|rand|western,patches_mean,3,within,0.001,0.5947558208232268,0.5957976542511987,"0.7644516748954995;0.803933061820997;0.5454622794817165;0.7636053052723851;0.5577740338755719;0.6246710307438337;0.6893755637202403;0.746001285971255;0.47347478631614515;0.7830454730192487;0.08491332577849786;0.30036202898333053","0.8744510615099407;0.896712398004175;0.7391395995082097;0.8740743697167628;0.7469635264100394;0.7907854888167267;0.8304077788180637;0.8637287416968963;0.6884839131985498;0.8849734942372891;0.33038787490998855;0.5509596829524109","p0_x;p0_z;p1_x;p1_z;p2_x;p2_z;p3_x;p3_z;animal0_x;animal0_z;animal1_x;animal1_z"
svgworld_pil,dinov3_b16|rand|western,patches_mean,4,within,0.001,0.597365840641611,0.5974401531656105,"0.7685416042692383;0.8004217731711831;0.5519329600598798;0.7670696282118306;0.568723864948727;0.6217488366466174;0.6992967893617643;0.7493969698849912;0.4744735971583395;0.7808395335976983;0.09494788593190406;0.290996644457159","0.8767836696114981;0.8947173806660611;0.7429947241437815;0.8758624512817644;0.7543122956824613;0.7886025866289904;0.8368524233720973;0.8658147429400976;0.6901975316484839;0.8838031821735701;0.3390439595459069;0.5454798798176225","p0_x;p0_z;p1_x;p1_z;p2_x;p2_z;p3_x;p3_z;animal0_x;animal0_z;animal1_x;animal1_z"
svgworld_pil,dinov3_b16|rand|western,pooled,0,within,0.001,0.6900599037012308,0.6899726357921655,"0.7889577682362668;0.8561773682819953;0.6000644730391613;0.7738465018642937;0.6138512717000089;0.6861014895051056;0.7393910831896431;0.8259331661538832;0.8774968043280102;0.8798468214543755;0.26717028036754265;0.37188181629448247","0.8883254274756752;0.9253277492238615;0.7748412757088434;0.8797811580513001;0.7834987568251093;0.8284269766303991;0.8600448916809955;0.90889067535411;0.936898124268886;0.938065956770091;0.5240025731217944;0.611991892024261","p0_x;p0_z;p1_x;p1_z;p2_x;p2_z;p3_x;p3_z;animal0_x;animal0_z;animal1_x;animal1_z"
svgworld_pil,dinov3_b16|rand|western,pooled,1,within,0.001,0.6918415467452833,0.6916628601189342,"0.7941694017118578;0.8575947726429547;0.6094645866862956;0.7725732192202783;0.6163796384366529;0.6814165413330387;0.7435016856333612;0.822826909128712;0.8807221545874852;0.8823529304477785;0.2813473913283181;0.3597493297866662","0.8912686637858683;0.9260984979114729;0.7807045474509364;0.8789756488059718;0.7851392497008061;0.8256757401225505;0.8623661323452276;0.9072290368553881;0.9385704039261283;0.9393589108802217;0.5347522433077949;0.6021367304916613","p0_x;p0_z;p1_x;p1_z;p2_x;p2_z;p3_x;p3_z;animal0_x;animal0_z;animal1_x;animal1_z"
svgworld_pil,dinov3_b16|rand|western,pooled,2,within,0.001,0.6933230329396093,0.6931071770965467,"0.7955266926585041;0.8579663841951799;0.6083145902299928;0.7775442000678007;0.607685663680428;0.684013929161674;0.7410592883769072;0.8299805826377954;0.8727527046943951;0.8777951947824383;0.27724810990061644;0.3899890548895798","0.8921266734233355;0.9263382405538179;0.7800484292975176;0.8818801332793539;0.7798438870683935;0.8270978744943089;0.860862345840705;0.9111031185876981;0.9342625241869806;0.937036790358251;0.5306084421262405;0.6252525468385561","p0_x;p0_z;p1_x;p1_z;p2_x;p2_z;p3_x;p3_z;animal0_x;animal0_z;animal1_x;animal1_z"
svgworld_pil,dinov3_b16|rand|western,pooled,3,within,0.001,0.6900868780483843,0.6906216006011547,"0.7906227134120375;0.8617204062094338;0.6066122547914854;0.7638145143447685;0.6211415927736296;0.685373215436218;0.738378762517269;0.828672665508519;0.8739131039635075;0.880806543110918;0.2716622471669804;0.35832451734584514","0.8892283433406385;0.9283158068646643;0.7789500510726973;0.874194383011571;0.788215841394448;0.8279393496158163;0.8593086236587907;0.9103500672977408;0.93484029328724;0.9385471320544185;0.526918202854541;0.6005419810255993","p0_x;p0_z;p1_x;p1_z;p2_x;p2_z;p3_x;p3_z;animal0_x;animal0_z;animal1_x;animal1_z"
svgworld_pil,dinov3_b16|rand|western,pooled,4,within,0.001,0.6912005174395772,0.6913336101822392,"0.7979463575593475;0.8538273113180719;0.60354654174272;0.7731098328979701;0.6140122637095322;0.6840534492877779;0.741860514197022;0.8239810892789963;0.8792046448078401;0.8836479948661882;0.27732489107739944;0.36189131853206036","0.8932919326373208;0.9240649769002212;0.7770789996729234;0.8793203628598438;0.7838426376633605;0.8271241380070309;0.8613203932538913;0.9080070930548719;0.9377104979840415;0.9400410237476097;0.5313610487349538;0.6062206188688873","p0_x;p0_z;p1_x;p1_z;p2_x;p2_z;p3_x;p3_z;animal0_x;animal0_z;animal1_x;animal1_z"
svgworld_pil,dinov3_l16|pre|island,pooled,0,within,0.01,0.916872321211523,0.9167872005149458,"0.9533964024669842;0.9153381318470135;0.8707412403328709;0.9303094932850235;0.8948581300615073;0.9257617331698116;0.9418494784778403;0.9319675706444368;0.9139769340394468;0.9697955561884994;0.8036746092958187;0.9507985747290244","0.9764531387229518;0.9570429535283707;0.933473827379525;0.964599452176374;0.9461679848052355;0.9623533404412413;0.9706042319854161;0.9654959815603711;0.9560634584945884;0.984809251002583;0.8978223120711845;0.9752183134220235","p0_x;p0_z;p1_x;p1_z;p2_x;p2_z;p3_x;p3_z;animal0_x;animal0_z;animal1_x;animal1_z"
svgworld_pil,dinov3_l16|pre|island,pooled,1,within,0.01,0.9177606767370672,0.9178590832274899,"0.9538201525638323;0.9179009528677678;0.8721749414604129;0.9333206548689724;0.8943977258407083;0.9274258548120551;0.9420771928947955;0.9294526897932079;0.9129052959989156;0.9694811248556038;0.808459205227159;0.9517123296613758","0.9766574339805836;0.9581441722282988;0.9342328431770048;0.9662554106138043;0.9457664788344725;0.9630978347792608;0.9708036117272059;0.9641299686248952;0.9555333949914459;0.9846351851885387;0.8998315333558581;0.97560276158426","p0_x;p0_z;p1_x;p1_z;p2_x;p2_z;p3_x;p3_z;animal0_x;animal0_z;animal1_x;animal1_z"
svgworld_pil,dinov3_l16|pre|island,pooled,2,within,0.01,0.9165321444117503,0.916595658305778,"0.9555039147115798;0.9181377271847306;0.8611472568412584;0.9348833196817595;0.8926310822143474;0.9253364492458037;0.9414354427638809;0.928516706787794;0.9096818543197274;0.9687507207154868;0.8111553060550206;0.9512059524196157","0.9775083506078335;0.9583121187707844;0.9285934418866999;0.96690821869301;0.9448252197279816;0.9621835375559871;0.9704095035049696;0.9636445545883959;0.9538834366172941;0.9842870056389641;0.9010733071673849;0.9753426796910206","p0_x;p0_z;p1_x;p1_z;p2_x;p2_z;p3_x;p3_z;animal0_x;animal0_z;animal1_x;animal1_z"
svgworld_pil,dinov3_l16|pre|island,pooled,3,within,0.01,0.9180683313681136,0.9183104726628202,"0.9536021728837376;0.9182844664325643;0.8685195978710383;0.935023239340706;0.8949040902925505;0.9276188928909251;0.9444412863219613;0.930337823756856;0.9119117534704577;0.9709509274052919;0.8094338069639453;0.9517919187873288","0.9765580243827893;0.9583689968640495;0.9323495388044616;0.967029244718194;0.9464370477301637;0.9632496041497932;0.9718296948099563;0.9647133943602961;0.9549743211683112;0.9854011309840336;0.900717429637589;0.9757356334465312","p0_x;p0_z;p1_x;p1_z;p2_x;p2_z;p3_x;p3_z;animal0_x;animal0_z;animal1_x;animal1_z"
svgworld_pil,dinov3_l16|pre|island,pooled,4,within,0.01,0.9178671755255142,0.9180057712183813,"0.955697293651768;0.9184428549382356;0.86741304655614;0.934029016063436;0.8965176322936625;0.9266582695075704;0.9426021276838016;0.9295429026355866;0.9111460846739705;0.9709332319924612;0.8108123809785319;0.9506112653310047","0.9776157254644074;0.9584549233651839;0.9318125366618936;0.9664922755531541;0.9474471852762824;0.9626946372579195;0.9709020981022076;0.9641891765351337;0.9547084760285818;0.9853662546874117;0.901210247083112;0.9750120677835823","p0_x;p0_z;p1_x;p1_z;p2_x;p2_z;p3_x;p3_z;animal0_x;animal0_z;animal1_x;animal1_z"
svgworld_pil,dinov3_l16|pre|western,pooled,0,within,0.1,0.9114236069414429,0.9113955683665551,"0.9433289319460079;0.8963325985837195;0.8370792740641528;0.9172829394424553;0.8655115868112466;0.9115812034219071;0.9268881825711193;0.9072711424863323;0.9252065116339204;0.9692650220015532;0.887858360407548;0.949477529927351","0.9712734244689323;0.9467502398756337;0.9149700200817357;0.9578092930527885;0.9304944347198558;0.9549774249922438;0.9627750976913179;0.952523623030776;0.9619163876715896;0.9845173240074349;0.9423311287784176;0.9744163901080067","p0_x;p0_z;p1_x;p1_z;p2_x;p2_z;p3_x;p3_z;animal0_x;animal0_z;animal1_x;animal1_z"
svgworld_pil,dinov3_l16|pre|western,pooled,1,within,0.1,0.9117418192244885,0.9118219843891935,"0.9424332372565991;0.9015790513918517;0.8384503851377849;0.9189514801597325;0.8637842999656737;0.9104266624106027;0.9266852484406942;0.9070380232713384;0.9251414625244754;0.9687568558017984;0.8879585330953421;0.9496965912379698","0.9707922709582271;0.9495161781356112;0.9157670851834264;0.9586622946567744;0.9294130466332982;0.9541854770720695;0.9626691356109762;0.9525740726895695;0.9618859527767373;0.9842832272586681;0.9423763058642746;0.9745837338782427","p0_x;p0_z;p1_x;p1_z;p2_x;p2_z;p3_x;p3_z;animal0_x;animal0_z;animal1_x;animal1_z"
svgworld_pil,dinov3_l16|pre|western,pooled,2,within,0.1,0.9112348482749592,0.9113965796993742,"0.9406264665334052;0.8982390481852762;0.8309964625578612;0.9188366350558216;0.86192399590008;0.9102885218048457;0.922899287741969;0.9075144475271849;0.9269397518253149;0.9679442650393865;0.8963729110358494;0.952236386092516","0.9699156207389199;0.9478687889626113;0.9118624057723279;0.9585810307895993;0.928449829949061;0.9541179940945737;0.9606797531999574;0.9526474166450742;0.9627925175864986;0.9838718055029868;0.9468374917040383;0.9758549061331636","p0_x;p0_z;p1_x;p1_z;p2_x;p2_z;p3_x;p3_z;animal0_x;animal0_z;animal1_x;animal1_z"
svgworld_pil,dinov3_l16|pre|western,pooled,3,within,0.1,0.9122127372050292,0.912326482546534,"0.9407243213781499;0.897222370027253;0.8387129509929444;0.9194065327594235;0.8649676329134137;0.9125609457103321;0.9265964524286805;0.9075147048469789;0.9287093843174193;0.9694460507400259;0.8901030702105378;0.9505884301351921","0.9699341105810263;0.9472397500675935;0.915889925498313;0.9588692748719994;0.9301566110466075;0.9552957757993531;0.9626158869399474;0.9528266728711975;0.9637489587336971;0.9846316275018098;0.9435386403570438;0.9749860684264138","p0_x;p0_z;p1_x;p1_z;p2_x;p2_z;p3_x;p3_z;animal0_x;animal0_z;animal1_x;animal1_z"
svgworld_pil,dinov3_l16|pre|western,pooled,4,within,0.1,0.9110198938932744,0.911251757213178,"0.9420644936123588;0.9014714387323871;0.8320509916861911;0.9184194105421438;0.8621342433170069;0.9084648090056557;0.9259009992886481;0.9075680098130252;0.9257254808298826;0.9692701484089794;0.8888134278389572;0.9503552736440571","0.9706006950745668;0.9494624494710289;0.9123480132724273;0.9583777533042558;0.9287620816439799;0.9531381034172808;0.96224162560658;0.9526690854320581;0.9622011129526425;0.9845329841091227;0.9428210814743687;0.9748699139205406","p0_x;p0_z;p1_x;p1_z;p2_x;p2_z;p3_x;p3_z;animal0_x;animal0_z;animal1_x;animal1_z"
svgworld_pil,dinov3_l16|rand|island,pooled,0,within,0.001,0.7066008617228349,0.7060620283759931,"0.8963122281757722;0.9502962390946985;0.7932683401780087;0.8965931278290218;0.7765738067090912;0.8541168380713917;0.8898659688341135;0.9417858145142395;0.28483554619898943;0.3637548064907762;0.34479170914731405;0.4870159154306024","0.9468951520988222;0.9748778558929898;0.8910951557334797;0.9468903437795401;0.8814456626453436;0.9242278048749982;0.9433831899592607;0.9704907812013538;0.5387435099255192;0.6060604129763133;0.5882724230544845;0.6981152493429209","p0_x;p0_z;p1_x;p1_z;p2_x;p2_z;p3_x;p3_z;animal0_x;animal0_z;animal1_x;animal1_z"
svgworld_pil,dinov3_l16|rand|island,pooled,1,within,0.001,0.7059651025568074,0.705989511227931,"0.8941111454637153;0.9512103917367359;0.8012915459522201;0.9036061285544067;0.765751463486013;0.8547569798016902;0.8897873806773521;0.9407453549397764;0.2842429851391467;0.3642856732490728;0.33516025965920104;0.4866319220223594","0.9458414312315087;0.9753365441230546;0.8953700310687555;0.9505965956994996;0.8753603706584555;0.9247755526147792;0.9433438481548166;0.9699204719482873;0.5388358638200413;0.6059249618110263;0.582018874798841;0.6976851896673355","p0_x;p0_z;p1_x;p1_z;p2_x;p2_z;p3_x;p3_z;animal0_x;animal0_z;animal1_x;animal1_z"
svgworld_pil,dinov3_l16|rand|island,pooled,2,within,0.001,0.7035642333402267,0.7034878790001193,"0.8994146586636595;0.9497603942188994;0.7921871782514889;0.9026362098777077;0.7687274849636531;0.8553941583062051;0.8887624753134551;0.9426360205163758;0.26361057484524575;0.36553061384453645;0.3291130744678086;0.4849979568136844","0.9485639604513438;0.9745651972174493;0.890171316964782;0.9501490207821301;0.8768750903024084;0.9250026678963044;0.9427421431190796;0.9709140041982703;0.5198220706899773;0.6095228532562487;0.5757091890378335;0.6974032736070579","p0_x;p0_z;p1_x;p1_z;p2_x;p2_z;p3_x;p3_z;animal0_x;animal0_z;animal1_x;animal1_z"
svgworld_pil,dinov3_l16|rand|island,pooled,3,within,0.001,0.7046980605750627,0.7054975642888691,"0.8948768342978426;0.9494958121872278;0.7954945799453187;0.9014248721803895;0.777850652975064;0.8623484804513347;0.8879485656378409;0.9405326614081446;0.2641442249332905;0.3673682433678982;0.321293549279289;0.4935982502371117","0.9460502090023478;0.9744494463846923;0.8924224123172236;0.9496093310614699;0.8820327885160159;0.928956833297571;0.9423867084068549;0.9699242633362536;0.5212103707471649;0.6087837148932083;0.5714306044742834;0.70259716219561","p0_x;p0_z;p1_x;p1_z;p2_x;p2_z;p3_x;p3_z;animal0_x;animal0_z;animal1_x;animal1_z"
svgworld_pil,dinov3_l16|rand|island,pooled,4,within,0.001,0.7050858735248289,0.7046935551621439,"0.8977693437174247;0.9485340464427007;0.792976266271442;0.9008087572242873;0.7715067030469873;0.8569280192968072;0.8906921784079019;0.9412867932988482;0.2938821414068772;0.3632241062751077;0.31642761732511104;0.4869945095844507","0.9475430230763493;0.9739369597152152;0.8905086507615959;0.9491150053416123;0.8783565518494365;0.926005548790953;0.9439156881954983;0.9702486319049021;0.5462541664853942;0.6053773587876343;0.5664109237857712;0.6988425769162638","p0_x;p0_z;p1_x;p1_z;p2_x;p2_z;p3_x;p3_z;animal0_x;animal0_z;animal1_x;animal1_z"
svgworld_pil,dinov3_l16|rand|western,pooled,0,within,0.001,0.7674506564057334,0.7673677588788229,"0.8252718276114902;0.9042117784180319;0.695184767730566;0.8199435408140255;0.6848760254202272;0.7452039927864658;0.7942503401979287;0.8670722498775176;0.9340913896897998;0.9356159205052056;0.43197686480830455;0.5717091790092377","0.9086654175042179;0.9509288458520774;0.8338667421907497;0.9055083802326486;0.8276303135061844;0.8632619337540244;0.8913254939584757;0.931182957051803;0.9665899760979269;0.967349523848478;0.6573469845276585;0.7561247435008264","p0_x;p0_z;p1_x;p1_z;p2_x;p2_z;p3_x;p3_z;animal0_x;animal0_z;animal1_x;animal1_z"
svgworld_pil,dinov3_l16|rand|western,pooled,1,within,0.001,0.7679444914618156,0.767815782860566,"0.8221680852723785;0.9069582136157391;0.7023174690182267;0.8229612641371555;0.6823755937299856;0.7438983536784889;0.7948972732434391;0.8650339878313438;0.9309277862474455;0.9371724172984245;0.4336689356945601;0.5729545177745996","0.9068625563983089;0.9523485013517048;0.838152590149534;0.9072321295043325;0.8260815125192369;0.8624999333597966;0.8915786576778939;0.9300920033657101;0.9648892507599043;0.9681564271354042;0.6590626386614804;0.7570747251535165","p0_x;p0_z;p1_x;p1_z;p2_x;p2_z;p3_x;p3_z;animal0_x;animal0_z;animal1_x;animal1_z"
svgworld_pil,dinov3_l16|rand|western,pooled,2,within,0.001,0.7651201625443882,0.7649700138521388,"0.8277999339531571;0.907218418801383;0.6876611377055769;0.8249389100979347;0.6788285107575012;0.7395352262401558;0.7864042446270159;0.8682018998405489;0.9333379192688583;0.9346988854116026;0.4244374304153169;0.5683794334136074","0.9099165163010345;0.9525378763199956;0.8292929762826565;0.9084309207332866;0.8240318197897708;0.8601655012683442;0.8868099444398703;0.9318546803505947;0.9661647902778593;0.9668426823549953;0.6515916444589012;0.7539386795886325","p0_x;p0_z;p1_x;p1_z;p2_x;p2_z;p3_x;p3_z;animal0_x;animal0_z;animal1_x;animal1_z"
svgworld_pil,dinov3_l16|rand|western,pooled,3,within,0.001,0.7658490327425939,0.7663044173569503,"0.8288019863140832;0.903753449634731;0.6970339553878939;0.8222252375639407;0.6747126638057717;0.7456136693724456;0.7896520594062411;0.8655762294915157;0.9323302300525123;0.9388269615556236;0.41967127760714407;0.5719906727192244","0.910415219165681;0.9507058786944489;0.8349565367577045;0.9070375023761862;0.8214745961415166;0.8640345573314876;0.8887142068499094;0.9303726654824661;0.9656825578892312;0.9689843343908322;0.6485752509697553;0.7563876155013671","p0_x;p0_z;p1_x;p1_z;p2_x;p2_z;p3_x;p3_z;animal0_x;animal0_z;animal1_x;animal1_z"
svgworld_pil,dinov3_l16|rand|western,pooled,4,within,0.001,0.7685670425610714,0.7687449923590371,"0.829023823698573;0.9073200859789763;0.6873949184739552;0.821343882797046;0.6881127194329256;0.7440262565799786;0.7986946509233688;0.8673453255386032;0.9308265022530019;0.9357583430336799;0.4299943744013026;0.5829636276214458","0.910537537964507;0.9527000785254179;0.8292986696827909;0.9063083347117344;0.8296815679653071;0.8627513161713737;0.8941292385245777;0.9315616888434552;0.9648511819171574;0.967347893616485;0.6558682787071769;0.7639611765666426","p0_x;p0_z;p1_x;p1_z;p2_x;p2_z;p3_x;p3_z;animal0_x;animal0_z;animal1_x;animal1_z"
svgworld_pil,dinov3_s16|pre|island,pooled,0,within,0.01,0.8675203960482546,0.8673749914801496,"0.9469026376622323;0.9081976684206219;0.8246559136413202;0.8960570964863117;0.8451728472481499;0.8830501713740107;0.933732224210524;0.897850516567567;0.8065022216841014;0.9127808360970976;0.689475408792565;0.8658672103945526","0.973096321947955;0.9530204462453425;0.9081390877540408;0.9466457993500272;0.9193579586775473;0.9397856730484443;0.9663302926785462;0.9475515657938016;0.8981351840882752;0.9554168376000487;0.830489142701764;0.9305552613604013","p0_x;p0_z;p1_x;p1_z;p2_x;p2_z;p3_x;p3_z;animal0_x;animal0_z;animal1_x;animal1_z"
svgworld_pil,dinov3_s16|pre|island,pooled,1,within,0.01,0.866360124191059,0.8665100447919066,"0.9456236804613252;0.9063915957548785;0.8225235230448589;0.9010124106421812;0.8362819132219602;0.8877724984444835;0.9352948687487793;0.8948223137986456;0.8005767225716314;0.9110532718834163;0.690065630886839;0.8649030608337096","0.9724773463293207;0.9521207087907393;0.9069504300899273;0.9493365476726814;0.9147420877713195;0.9422318352609967;0.9672194409622724;0.946108104551087;0.8949106364372567;0.9544967891015044;0.830900177380698;0.9300238533112735","p0_x;p0_z;p1_x;p1_z;p2_x;p2_z;p3_x;p3_z;animal0_x;animal0_z;animal1_x;animal1_z"
svgworld_pil,dinov3_s16|pre|island,pooled,2,within,0.01,0.866845681463456,0.8668277619960297,"0.9438926372941612;0.9053915121030762;0.8208412944768506;0.9002476428752286;0.8382816732799288;0.8865167051528446;0.9352779792245283;0.898712342099894;0.8072906970082347;0.911142003748536;0.6890133404464842;0.8655403498517042","0.9715733390398958;0.9515671509475411;0.9060432871618418;0.9488203847043847;0.9156621103429888;0.9416194251042495;0.967122523054115;0.9480247135592577;0.8985104828088664;0.9545899943240341;0.8301424353982946;0.9304500803593483","p0_x;p0_z;p1_x;p1_z;p2_x;p2_z;p3_x;p3_z;animal0_x;animal0_z;animal1_x;animal1_z"
svgworld_pil,dinov3_s16|pre|island,pooled,3,within,0.01,0.8675244388754306,0.8679079832831063,"0.9454160381534129;0.9061225637565796;0.8236458419547694;0.899245948733517;0.8452012833895778;0.8864251628992612;0.9338929906327487;0.8971997637806449;0.8019777072365118;0.9135676267144992;0.6918566246442732;0.8657417146093702","0.9723611198885908;0.9519382833511373;0.9075656256604798;0.9482917045118301;0.9193559261815326;0.9415068478205979;0.966426994660616;0.9473275131111804;0.89555604941329;0.9558694166052353;0.8318386429901989;0.9304649129803741","p0_x;p0_z;p1_x;p1_z;p2_x;p2_z;p3_x;p3_z;animal0_x;animal0_z;animal1_x;animal1_z"
svgworld_pil,dinov3_s16|pre|island,pooled,4,within,0.01,0.8670706312187767,0.8671821561600667,"0.9465862490603173;0.9066867835706689;0.8201441251038207;0.8987483845477662;0.8389121121826391;0.887226900567208;0.9344557521862538;0.8954406186721939;0.8042915636433462;0.9141538089312233;0.6905491669471575;0.867652109212725","0.9729992491478177;0.9522683602508566;0.9056835077024521;0.9480863321960749;0.9159607853423613;0.9419912215316647;0.966673196134034;0.9462797199234417;0.8969519440635058;0.9561213551687501;0.831477046569889;0.9315194563460504","p0_x;p0_z;p1_x;p1_z;p2_x;p2_z;p3_x;p3_z;animal0_x;animal0_z;animal1_x;animal1_z"
svgworld_pil,dinov3_s16|pre|western,pooled,0,within,0.01,0.8434594886342354,0.8433983406748602,"0.9200205947671934;0.8517365208677689;0.7699264097967661;0.863483057211178;0.7833944509746054;0.8400965197876147;0.8691054043611051;0.8115249800321642;0.8607985221819812;0.9218460919558672;0.7476990303896376;0.8818822812849404","0.95925287484979;0.9230268687718256;0.8774623667327187;0.9294008844815714;0.885100004334002;0.9168412252507493;0.9323065447723823;0.9008874880585483;0.9280749163954737;0.9602681529617296;0.8648730526100837;0.9392515479656262","p0_x;p0_z;p1_x;p1_z;p2_x;p2_z;p3_x;p3_z;animal0_x;animal0_z;animal1_x;animal1_z"
svgworld_pil,dinov3_s16|pre|western,pooled,1,within,0.01,0.8441325362963156,0.8443076715796423,"0.9158098875933638;0.8525873455466757;0.7721364934650554;0.867405716732924;0.7822727908481406;0.8414812006429577;0.8723637997368536;0.8076860926149028;0.8572533783321357;0.9227285681832272;0.7510662883925692;0.8867988734669834","0.9570872287794707;0.9235006893518365;0.8788953029726136;0.9313987729099542;0.8847714663396623;0.9174118875130512;0.9341084589401843;0.8987925432807468;0.9259370018145286;0.9606350296199838;0.8667391698385116;0.9417093620688209","p0_x;p0_z;p1_x;p1_z;p2_x;p2_z;p3_x;p3_z;animal0_x;animal0_z;animal1_x;animal1_z"
svgworld_pil,dinov3_s16|pre|western,pooled,2,within,0.01,0.8422199267095803,0.8423733566346596,"0.9159923064513332;0.8498278010623012;0.7643242794503268;0.8636246460758401;0.7696220937279483;0.841137407844408;0.8717688019183468;0.8065114017963998;0.8578766599861942;0.9197754631456543;0.7574216403668138;0.8887566186893968","0.9571192497000719;0.921954393975287;0.874439257116584;0.9293315984494332;0.8776502965520493;0.9171410754123211;0.9337503803193173;0.8981841702552266;0.9262617865630148;0.959059530583218;0.870317269282042;0.9428220761745026","p0_x;p0_z;p1_x;p1_z;p2_x;p2_z;p3_x;p3_z;animal0_x;animal0_z;animal1_x;animal1_z"
svgworld_pil,dinov3_s16|pre|western,pooled,3,within,0.01,0.8434763145590285,0.8437330341777856,"0.9159195008233798;0.8525859277195342;0.7703511767936239;0.8650871854175866;0.776880167079365;0.8456640503604789;0.8732110397980318;0.8074883270457152;0.8541798364991906;0.9229339120701904;0.7506793656633572;0.8867352854378878","0.9571802709730884;0.9235212399623256;0.8778673106741679;0.9301077712159173;0.8814561882875962;0.9196395490874297;0.9345566694696;0.8987655632544174;0.9242634841051554;0.9607075247696607;0.866733776535263;0.9417126569493623","p0_x;p0_z;p1_x;p1_z;p2_x;p2_z;p3_x;p3_z;animal0_x;animal0_z;animal1_x;animal1_z"
svgworld_pil,dinov3_s16|pre|western,pooled,4,within,0.01,0.8428911707888478,0.8431154843831066,"0.9159098691310602;0.8470441308269279;0.7699776256866276;0.863637459432721;0.7775093344609294;0.8430159668690667;0.8716063864913286;0.8032881300483512;0.8560205844797614;0.923809318240012;0.7563395814611259;0.8865356623382634","0.9570815822911981;0.9203740635537283;0.8777913654177169;0.9293436981402631;0.8821382753308178;0.9182246852739323;0.9336510550176282;0.8962892987547492;0.925377348444682;0.9611758956201739;0.8700053723083999;0.9417375622165228","p0_x;p0_z;p1_x;p1_z;p2_x;p2_z;p3_x;p3_z;animal0_x;animal0_z;animal1_x;animal1_z"
svgworld_pil,dinov3_s16|rand|island,pooled,0,within,0.001,0.42649687611591497,0.4259060145035206,"0.6382908516224748;0.8041231956712978;0.4392630438472447;0.6800363546697012;0.4273567954963633;0.5571473091909078;0.626331843425766;0.7909822816505888;-0.003321733327336318;0.05679936300228727;0.008142117814152194;0.09281109032753176","0.799712950165222;0.8967858585496551;0.6632965108032726;0.824828076653665;0.6547197662521091;0.7467736074087873;0.7923716038054547;0.8899839874261545;0.13375454006642618;0.2667108781443509;0.17677890600118715;0.3133198430095841","p0_x;p0_z;p1_x;p1_z;p2_x;p2_z;p3_x;p3_z;animal0_x;animal0_z;animal1_x;animal1_z"
svgworld_pil,dinov3_s16|rand|island,pooled,1,within,0.001,0.4270999848091344,0.42699229117879667,"0.6441813262586498;0.8107492006146453;0.4356942726644679;0.686443259784259;0.4148572497922699;0.5573350383468549;0.6297632417005923;0.7910551103799097;-0.012114509311740296;0.05808561049951266;0.02924919444898022;0.07990082253121178","0.803057616526556;0.9005560238971041;0.6610401861391243;0.8288764885953459;0.6444939807390058;0.7479111590432413;0.793979062694167;0.8895192290096908;0.12386548175614143;0.2673390913440969;0.20486297959433242;0.2998384804358348","p0_x;p0_z;p1_x;p1_z;p2_x;p2_z;p3_x;p3_z;animal0_x;animal0_z;animal1_x;animal1_z"
svgworld_pil,dinov3_s16|rand|island,pooled,2,within,0.001,0.4272376706967136,0.4273657044334258,"0.6379432230553252;0.8074204368856718;0.43140510474219673;0.692524042977064;0.4157977389725842;0.5459212684043049;0.624937563428164;0.7931465276398174;-0.015445846076735936;0.08248572032643642;0.012276456823558157;0.0984398111821746","0.799144185710692;0.898644301190194;0.6570623820966962;0.8331020703076081;0.6449622386234073;0.7392249948706706;0.790814680754813;0.8907905291135338;0.12390717537827126;0.30144071091969626;0.18097898490384928;0.32171755384642836","p0_x;p0_z;p1_x;p1_z;p2_x;p2_z;p3_x;p3_z;animal0_x;animal0_z;animal1_x;animal1_z"
svgworld_pil,dinov3_s16|rand|island,pooled,3,within,0.001,0.4267997346766819,0.4276748304508994,"0.637033722941168;0.8041586097801767;0.43668410000901614;0.6798080787223608;0.4236637772201587;0.5554424820638526;0.6311840858874307;0.7907118132646249;-0.010220093085818283;0.07547863900359064;0.008559487638908014;0.08909211267471495","0.7981909098085884;0.8968081460790214;0.6613380292483374;0.8248442800478831;0.6514006571444767;0.74691531794692;0.7957736681312512;0.8897196733151778;0.12862943973787302;0.2869998326755865;0.17790491636812106;0.30917643216645546","p0_x;p0_z;p1_x;p1_z;p2_x;p2_z;p3_x;p3_z;animal0_x;animal0_z;animal1_x;animal1_z"
svgworld_pil,dinov3_s16|rand|island,pooled,4,within,0.001,0.42634035404650544,0.4261307366716509,"0.6422084216923134;0.8074043356506134;0.44694706065860734;0.6893447232342955;0.42714190819647313;0.5612437366467795;0.6144721471131889;0.7885500737285054;-0.010383615224925702;0.05161487901674289;0.022813792965869162;0.07472678487960194","0.8018668746164297;0.8986740256673127;0.6692950521746263;0.8310577591817626;0.6538756870566353;0.7494858920786782;0.7841349063025387;0.8884673139332525;0.12174300000192828;0.2612020387476986;0.1947868350699948;0.2968196842260981","p0_x;p0_z;p1_x;p1_z;p2_x;p2_z;p3_x;p3_z;animal0_x;animal0_z;animal1_x;animal1_z"
svgworld_pil,dinov3_s16|rand|western,pooled,0,within,0.001,0.48373961376133573,0.48349375422964247,"0.5463593003310739;0.6975789326148596;0.4123341905559593;0.583433471298028;0.4066485728112743;0.49040005466145054;0.5043005418894955;0.6219453884250981;0.6154798589092842;0.6980380773183741;0.05605494483993334;0.17230203148119771","0.7397986062094174;0.8352326724162548;0.6422383784994521;0.7638646122884994;0.6377078405572913;0.700301396331732;0.7104131958563107;0.7889224436092862;0.7857916896495425;0.8355523491375565;0.26813561578569517;0.41878766586546223","p0_x;p0_z;p1_x;p1_z;p2_x;p2_z;p3_x;p3_z;animal0_x;animal0_z;animal1_x;animal1_z"
svgworld_pil,dinov3_s16|rand|western,pooled,1,within,0.001,0.48106440726155864,0.4808931896720925,"0.5328139760591392;0.7052787573007746;0.4257166556549873;0.581250877312798;0.38663539514981005;0.4898653301282976;0.5061817340686718;0.6168010639969075;0.6170246635938053;0.691252556851545;0.061859186814343325;0.15809269020762362","0.7303625446146903;0.8399049824580777;0.652628444162849;0.762664519053696;0.6218201665525643;0.7002494910201519;0.7115417363255262;0.7855671923708445;0.7863341871689078;0.8314765944176221;0.2748129926578897;0.4059432369440961","p0_x;p0_z;p1_x;p1_z;p2_x;p2_z;p3_x;p3_z;animal0_x;animal0_z;animal1_x;animal1_z"
svgworld_pil,dinov3_s16|rand|western,pooled,2,within,0.001,0.47970534430285966,0.47941107326911037,"0.5541551780676406;0.6968188295425262;0.4221404869083578;0.5755319686172832;0.39006349408752616;0.4762000510280505;0.5016419566757421;0.6252535819244092;0.6089508800666629;0.691665916103583;0.060843549786461226;0.15319823882607364","0.7444467558846525;0.8348745476830245;0.6498153428638812;0.7588063255686711;0.6248465029801784;0.6901017296525762;0.7083566420330486;0.7908085099082407;0.780481422744518;0.8319048495886501;0.27046701002961715;0.4021647378055115","p0_x;p0_z;p1_x;p1_z;p2_x;p2_z;p3_x;p3_z;animal0_x;animal0_z;animal1_x;animal1_z"
svgworld_pil,dinov3_s16|rand|western,pooled,3,within,0.001,0.4816595458129225,0.48231911872908384,"0.543526084626242;0.7037900265902379;0.4122014677139394;0.5710210207823936;0.39824665578806173;0.48812503649188044;0.5047704462652367;0.6231394724079561;0.610143637467919;0.7034595504216864;0.057609373360324345;0.16388177783919167","0.7372886252089282;0.8390242856409916;0.6421404423473265;0.7561217363767858;0.6311422898260359;0.6992599279019732;0.7105969105414297;0.7895368396073965;0.7813556137780002;0.8390507477863453;0.2678827308283636;0.41242735172132416","p0_x;p0_z;p1_x;p1_z;p2_x;p2_z;p3_x;p3_z;animal0_x;animal0_z;animal1_x;animal1_z"
svgworld_pil,dinov3_s16|rand|western,pooled,4,within,0.001,0.4818549513652261,0.4819192840875811,"0.5533454890827749;0.7030183067606829;0.4135887163705463;0.5780554793725645;0.40241525750639684;0.4931965526874025;0.5001427739632107;0.6204460039298969;0.6204247774118716;0.6996198069958586;0.04886387697229666;0.1491423753292106","0.7440001179974407;0.8386460866041214;0.6434511609832632;0.7604525087583569;0.634665772133346;0.7023328529221999;0.7073302159297401;0.7878325729145529;0.7881553219628338;0.8366949011633742;0.256002873433432;0.39860732500876966","p0_x;p0_z;p1_x;p1_z;p2_x;p2_z;p3_x;p3_z;animal0_x;animal0_z;animal1_x;animal1_z"
svgworld_pil,resnet50|pre|island,pooled,0,within,0.01,0.9304056753319014,0.9303680251368929,"0.9695308617572107;0.9261930803445312;0.9082974547421895;0.9451418821898885;0.8734400569793218;0.9208024633535408;0.953608524557286;0.8922136122051648;0.9660560983446529;0.9749991379034773;0.8931845516219434;0.9414003799836109","0.9846528918912746;0.9625290937675877;0.9531363591146399;0.9722321148885648;0.9347154131967219;0.9596304241995656;0.9765460611805095;0.9446491989196792;0.9829014683375633;0.9874468724436767;0.9450875896792499;0.970278843222339","p0_x;p0_z;p1_x;p1_z;p2_x;p2_z;p3_x;p3_z;animal0_x;animal0_z;animal1_x;animal1_z"
svgworld_pil,resnet50|pre|island,pooled,1,within,0.01,0.9301067097537835,0.9301642720392043,"0.9690543472076462;0.9290956059228813;0.9097808173757866;0.946361348100845;0.8758473984814721;0.9206809326100681;0.9524798621437057;0.8868154063655034;0.9644439118844028;0.9755904585694087;0.8899539439169628;0.9411764844667195","0.9844153530844755;0.9640167928320302;0.9538367431763802;0.9728124348971692;0.9359784749578732;0.9595913309175079;0.9760059212222715;0.9417638369939826;0.9821144268374999;0.9877203412162188;0.9436521799477395;0.9702093716476259","p0_x;p0_z;p1_x;p1_z;p2_x;p2_z;p3_x;p3_z;animal0_x;animal0_z;animal1_x;animal1_z"
svgworld_pil,resnet50|pre|island,pooled,2,within,0.01,0.9308952082438933,0.9309608990143028,"0.9693124747110916;0.9285074826193742;0.907568188878267;0.9476366810929007;0.8792154258066293;0.9238753362012099;0.9526416462123027;0.8879238071037161;0.9658120943293383;0.9746101515812395;0.8903728391396917;0.9432663712509561","0.9845373488088335;0.9637526727092757;0.9527107109209616;0.9734694288356947;0.9377959170482257;0.9612961993537216;0.9760412214765877;0.9424832387861751;0.9827599466089789;0.9872485028889029;0.9437493342397913;0.971246135407638","p0_x;p0_z;p1_x;p1_z;p2_x;p2_z;p3_x;p3_z;animal0_x;animal0_z;animal1_x;animal1_z"
svgworld_pil,resnet50|pre|island,pooled,3,within,0.01,0.9308138011814092,0.9308968931547661,"0.9700204191911015;0.9272343821103255;0.9101894675676527;0.9467057857491873;0.8793026194045015;0.9219225773996779;0.9525511442864917;0.8898215127228395;0.9662041200984011;0.9742698392135881;0.8916122219459564;0.9399315244871863","0.9849030933930015;0.9630589143272087;0.954064895934554;0.9730465162046573;0.9378643520345222;0.9601923911397015;0.9760403086956285;0.9433993621256768;0.9829588465511837;0.9870531941247795;0.9445175148567357;0.9695686593224094","p0_x;p0_z;p1_x;p1_z;p2_x;p2_z;p3_x;p3_z;animal0_x;animal0_z;animal1_x;animal1_z"
svgworld_pil,resnet50|pre|island,pooled,4,within,0.01,0.9308759154345548,0.9309758355859348,"0.9702824274241076;0.9268765749670196;0.9098786324764448;0.9459515164427824;0.8804140665284954;0.9232538287377299;0.9542456589778232;0.8905272333759177;0.9652152587130283;0.9744340268958005;0.8888397408681423;0.9405920198073676","0.9850540132313393;0.9632458022862169;0.9538938458855539;0.9726462286158619;0.9387122489157146;0.9608964931955978;0.9768668870698565;0.9438420300623825;0.9824598934647581;0.9871698844015928;0.9429424847817508;0.9698426222709956","p0_x;p0_z;p1_x;p1_z;p2_x;p2_z;p3_x;p3_z;animal0_x;animal0_z;animal1_x;animal1_z"
svgworld_pil,resnet50|pre|western,pooled,0,within,0.1,0.9254815584167532,0.925421208028852,"0.9632326849472282;0.9097442928387427;0.887475021585765;0.9340309827682999;0.8686082505054213;0.9301264379363667;0.9427667660745676;0.8417073498611887;0.9739331527632078;0.9797017076911791;0.912358011278906;0.9620940427501645","0.9814993601547621;0.9538054790831457;0.9421327437581869;0.9665221148575512;0.9320053501517892;0.9644577008004728;0.9709825149821054;0.9176877969784585;0.9868809230668426;0.9898046359038112;0.9552989695331009;0.9808953562764967","p0_x;p0_z;p1_x;p1_z;p2_x;p2_z;p3_x;p3_z;animal0_x;animal0_z;animal1_x;animal1_z"
svgworld_pil,resnet50|pre|western,pooled,1,within,0.1,0.9256651957156943,0.9257773399978367,"0.9628199359131926;0.905385299966562;0.8862973315456373;0.9339093381297876;0.8710432710821079;0.9314475215434177;0.9439646818181263;0.8408418522093362;0.9738008890677603;0.9803068131097114;0.9164019371395521;0.9617634770631404","0.9812621685454448;0.9515588992603308;0.9414767285159588;0.9663972663292505;0.9333109805539307;0.9651253906084952;0.9715842662120109;0.917004290804759;0.9868138206477348;0.9901339634971639;0.9572890870186085;0.9807122468814828","p0_x;p0_z;p1_x;p1_z;p2_x;p2_z;p3_x;p3_z;animal0_x;animal0_z;animal1_x;animal1_z"
svgworld_pil,resnet50|pre|western,pooled,2,within,0.1,0.9251618554289934,0.925278141194513,"0.965012723377929;0.9056789118979731;0.8851639441436194;0.932012047541056;0.8700617791511548;0.9302950578408822;0.9437797872948653;0.8381618457303536;0.9742498526384195;0.9790294661748143;0.9157756162081901;0.9627212331486624","0.9823521305449363;0.9516745864476365;0.9408593700549174;0.9654275804807838;0.932797180065138;0.964523506449347;0.9714960540416121;0.9155981663938748;0.9870432854484713;0.989469753723899;0.9570559129768431;0.9812075010825745","p0_x;p0_z;p1_x;p1_z;p2_x;p2_z;p3_x;p3_z;animal0_x;animal0_z;animal1_x;animal1_z"
svgworld_pil,resnet50|pre|western,pooled,3,within,0.1,0.9249807039732122,0.9250611093391394,"0.9634356124296369;0.9066063178270052;0.8851285941002552;0.932208621179125;0.8709104958924965;0.9306662674936015;0.9443475219841199;0.8397788181927643;0.9729866728955382;0.9795798539314625;0.9121388864264728;0.961980785326069","0.9815492695851374;0.9524232816592375;0.940886264364105;0.9655198185991629;0.9332333641229636;0.9647183487080218;0.971818659692665;0.9164033145173425;0.9864165533400897;0.9897470683061722;0.9550788251660975;0.9808673518525844","p0_x;p0_z;p1_x;p1_z;p2_x;p2_z;p3_x;p3_z;animal0_x;animal0_z;animal1_x;animal1_z"
svgworld_pil,resnet50|pre|western,pooled,4,within,0.1,0.9253377219867099,0.9254732127500861,"0.96361156566971;0.9076869800910526;0.8854815023736381;0.9308235279687;0.8716337674795147;0.9284988394873713;0.9427361816587189;0.8435612889572935;0.973553222585184;0.9798165716772433;0.9135576642894676;0.9630915516026273","0.9816410952542296;0.952739262429448;0.9410248555212016;0.9648103124665931;0.9336729265921858;0.9635906398670961;0.9709542895191932;0.9186104756157153;0.9867302467739087;0.9898598310319965;0.9558349088064799;0.981413855761697","p0_x;p0_z;p1_x;p1_z;p2_x;p2_z;p3_x;p3_z;animal0_x;animal0_z;animal1_x;animal1_z"
svgworld_pil,resnet50|rand|island,pooled,0,within,0.1,0.9529032916681658,0.9528847651994682,"0.9845894159280343;0.9638946510607493;0.9397480571592338;0.961015666185811;0.9396176423730739;0.9534548547015832;0.9825952999533729;0.9513922541099966;0.9247013861221511;0.9411096828384289;0.93686791342985;0.9558526761557048","0.9922659661573303;0.9817946419237098;0.9694247001083249;0.9803448966933891;0.9694007275222005;0.9764613335406678;0.991260240794648;0.9754831504786813;0.9616755162821641;0.9701469887220378;0.9679391761908703;0.9777098834086797","p0_x;p0_z;p1_x;p1_z;p2_x;p2_z;p3_x;p3_z;animal0_x;animal0_z;animal1_x;animal1_z"
svgworld_pil,resnet50|rand|island,pooled,1,within,0.1,0.9532428018455267,0.9532902869696953,"0.9838867976339033;0.9646190117499116;0.9393498958474409;0.9634707109691748;0.9398333913203866;0.9546194433233305;0.9829535903130489;0.9503150666870946;0.9260100028931855;0.9392995825570855;0.9383406949394378;0.9562154339123192","0.9919140979253922;0.9821758928880545;0.9692189383298349;0.9815756075907466;0.9694799616136364;0.97708194987566;0.9914575066646918;0.9750110492998939;0.9625747127453341;0.9692176713102647;0.9687338240366951;0.9779212642625903","p0_x;p0_z;p1_x;p1_z;p2_x;p2_z;p3_x;p3_z;animal0_x;animal0_z;animal1_x;animal1_z"
svgworld_pil,resnet50|rand|island,pooled,2,within,0.1,0.9527424013511249,0.9527887264201655,"0.9844594868949629;0.9627503005376914;0.9376869294376097;0.9628961953438167;0.9375706517505271;0.9541521784764994;0.9829776620880676;0.9523765700870156;0.9246389730779384;0.9385039656873764;0.9383644691293088;0.9565314337026843","0.992204116925444;0.9812063477124505;0.9684419784402599;0.9813001319454556;0.9684807151379596;0.9769102368611399;0.9914585914709891;0.9759234586562309;0.9615910788220703;0.9688327003487972;0.9687449759748186;0.9780249046846307","p0_x;p0_z;p1_x;p1_z;p2_x;p2_z;p3_x;p3_z;animal0_x;animal0_z;animal1_x;animal1_z"
svgworld_pil,resnet50|rand|island,pooled,3,within,0.1,0.9527060698098629,0.9527615598630012,"0.9841609319026121;0.9633779434312781;0.9397900005835488;0.9626349728303675;0.9386920557558497;0.9556369497007083;0.9830585959159054;0.9517645433569997;0.9256784445776837;0.9378437093430835;0.9346892259264326;0.955145464393886","0.992062079371942;0.9815334014795041;0.9695427078278976;0.9811887140328596;0.9691107710598293;0.9776202402514625;0.9914995212540593;0.9756020668789613;0.9622747961150079;0.9684262714085127;0.9668483168011894;0.9773497388827809","p0_x;p0_z;p1_x;p1_z;p2_x;p2_z;p3_x;p3_z;animal0_x;animal0_z;animal1_x;animal1_z"
svgworld_pil,resnet50|rand|island,pooled,4,within,0.1,0.9530255997292597,0.9530730163792777,"0.9842205036336448;0.9636297190873366;0.9390910785882274;0.9624908800915606;0.9371942898908393;0.9536471772254324;0.9833803765552792;0.9525018853929083;0.9247601563176152;0.9426223456126772;0.9366204466965332;0.9561483376590622","0.9920805957779931;0.9816983826819855;0.9691231901699209;0.9810750726415549;0.968530099712174;0.9766360834421608;0.9916835446537764;0.975998224390513;0.9616985664172686;0.9709782938779692;0.9678321851549836;0.9778997753657569","p0_x;p0_z;p1_x;p1_z;p2_x;p2_z;p3_x;p3_z;animal0_x;animal0_z;animal1_x;animal1_z"
svgworld_pil,resnet50|rand|western,pooled,0,within,1.0,0.9444436329972025,0.9444893733024519,"0.972357750941452;0.9271816855516499;0.9157133331481335;0.9333432795353261;0.9230133103217207;0.9312858839664839;0.9712143713570422;0.903927772301387;0.9814380466104017;0.9818480460465245;0.9375290404100582;0.95447107577625","0.9861424149703368;0.9629559936812079;0.95706061806899;0.9660979920569583;0.9607379994785928;0.9650458037995451;0.9855188852678828;0.9509026516072128;0.9906833776716031;0.9908846970788058;0.9682945893298921;0.9770672975259551","p0_x;p0_z;p1_x;p1_z;p2_x;p2_z;p3_x;p3_z;animal0_x;animal0_z;animal1_x;animal1_z"
svgworld_pil,resnet50|rand|western,pooled,1,within,1.0,0.9450013616429733,0.9450610983870313,"0.9731373170304598;0.9272701832057233;0.9178723508196437;0.9337029294204914;0.9232476648761505;0.9337532581812196;0.9711582786575498;0.9047090586793823;0.9801449588018301;0.9818467775499432;0.9368198148577611;0.9563537476355245","0.9865322247804743;0.9629961581266285;0.9580740339803282;0.9662857430351153;0.9608650356335818;0.9663332760583653;0.9854844569865268;0.9512428235784451;0.9900303864137627;0.9908828595707682;0.967928086183664;0.9779698385634686","p0_x;p0_z;p1_x;p1_z;p2_x;p2_z;p3_x;p3_z;animal0_x;animal0_z;animal1_x;animal1_z"
svgworld_pil,resnet50|rand|western,pooled,2,within,1.0,0.9451854047808067,0.9452164227207169,"0.9731153873269626;0.9289569147394393;0.9138817966553472;0.935386200410933;0.9250135118686331;0.9359803730466095;0.9705188324057034;0.9053865464166058;0.9804764419734366;0.9816662278578527;0.9366450015154411;0.9551976231527167","0.9864986929699339;0.9638387813106084;0.9560176235825042;0.9671706449240073;0.9617829404824866;0.9675133329256437;0.9851580699865916;0.9516627663768218;0.9902160649568427;0.9908079495001506;0.9678871382562623;0.9773889547008007","p0_x;p0_z;p1_x;p1_z;p2_x;p2_z;p3_x;p3_z;animal0_x;animal0_z;animal1_x;animal1_z"
svgworld_pil,resnet50|rand|western,pooled,3,within,1.0,0.9450215122853179,0.9450359473523012,"0.9717818915661173;0.9295281397812492;0.9177958978833175;0.9328937500762811;0.9232522761753899;0.9349570333779702;0.971036060080839;0.9044138921723524;0.9805965949905076;0.9822128946116042;0.9348122867176911;0.956977429990497","0.9858601362227419;0.9642372630660742;0.9580692486270312;0.9658745344218415;0.960879309406407;0.9670011565302095;0.9854326703915547;0.951064191927064;0.990255146189399;0.9910833417094302;0.9668786406907222;0.9782861564328211","p0_x;p0_z;p1_x;p1_z;p2_x;p2_z;p3_x;p3_z;animal0_x;animal0_z;animal1_x;animal1_z"
svgworld_pil,resnet50|rand|western,pooled,4,within,1.0,0.9446151186747772,0.9447077983940748,"0.9729007725848856;0.926353897697583;0.9147962407177223;0.9358595763125227;0.9237321495272257;0.9338041567018758;0.9720081862616039;0.9069092200728921;0.980676646457742;0.9820524850015977;0.933670690867294;0.9526174018943819","0.9863749499701897;0.9624865042580204;0.9564978641852931;0.9674320451777284;0.9611246230700121;0.966358457788443;0.9859094220415512;0.9525954385747009;0.9903016658249931;0.9909932296060421;0.9662938322760943;0.9761549981494496","p0_x;p0_z;p1_x;p1_z;p2_x;p2_z;p3_x;p3_z;animal0_x;animal0_z;animal1_x;animal1_z"
