lane,condition,block,split_seed,k,S
svgworld_pil,clip_b16|pre|island,pooled,0,1,0.31014637449073545
svgworld_pil,clip_b16|pre|island,pooled,0,2,0.3402974744342946
svgworld_pil,clip_b16|pre|island,pooled,0,4,0.3521201507573446
svgworld_pil,clip_b16|pre|island,pooled,0,8,0.2758485251236453
svgworld_pil,clip_b16|pre|island,pooled,0,12,0.2446401548767787
svgworld_pil,clip_b16|pre|island,pooled,0,16,0.22076017866125786
svgworld_pil,clip_b16|pre|island,pooled,0,20,0.21255039870818637
svgworld_pil,clip_b16|pre|island,pooled,0,24,0.19284479839433166
svgworld_pil,clip_b16|pre|island,pooled,0,32,0.16536658131917303
svgworld_pil,clip_b16|pre|island,pooled,0,48,0.13433457969000084
svgworld_pil,clip_b16|pre|island,pooled,0,64,0.11161956983269317
svgworld_pil,clip_b16|pre|island,pooled,0,96,0.08339445981510873
svgworld_pil,clip_b16|pre|island,pooled,0,128,0.06620711811505353
svgworld_pil,clip_b16|pre|island,pooled,0,192,0.047079271803266654
svgworld_pil,clip_b16|pre|island,pooled,0,256,0.03610815284263824
svgworld_pil,clip_b16|pre|island,pooled,0,384,0.024440564967405876
svgworld_pil,clip_b16|pre|island,pooled,0,512,0.018035234785396925
svgworld_pil,clip_b16|pre|island,pooled,0,767,0.011128178352345253
svgworld_pil,clip_b16|pre|island,pooled,1,1,0.30709234679683906
svgworld_pil,clip_b16|pre|island,pooled,1,2,0.33462019321771486
svgworld_pil,clip_b16|pre|island,pooled,1,4,0.36199008126277
svgworld_pil,clip_b16|pre|island,pooled,1,8,0.27643856613755013
svgworld_pil,clip_b16|pre|island,pooled,1,12,0.2520681432088958
svgworld_pil,clip_b16|pre|island,pooled,1,16,0.2216250054914919
svgworld_pil,clip_b16|pre|island,pooled,1,20,0.21406604094326254
svgworld_pil,clip_b16|pre|island,pooled,1,24,0.19481747392442883
svgworld_pil,clip_b16|pre|island,pooled,1,32,0.16870703341471216
svgworld_pil,clip_b16|pre|island,pooled,1,48,0.13482625364440493
svgworld_pil,clip_b16|pre|island,pooled,1,64,0.11056499007164233
svgworld_pil,clip_b16|pre|island,pooled,1,96,0.08311789395695646
svgworld_pil,clip_b16|pre|island,pooled,1,128,0.06621807948878533
svgworld_pil,clip_b16|pre|island,pooled,1,192,0.04716983258155205
svgworld_pil,clip_b16|pre|island,pooled,1,256,0.036361571184902575
svgworld_pil,clip_b16|pre|island,pooled,1,384,0.02446242752194483
svgworld_pil,clip_b16|pre|island,pooled,1,512,0.01797930012455118
svgworld_pil,clip_b16|pre|island,pooled,1,767,0.011087789127961045
svgworld_pil,clip_b16|pre|island,pooled,2,1,0.2992986760965821
svgworld_pil,clip_b16|pre|island,pooled,2,2,0.33461919712614896
svgworld_pil,clip_b16|pre|island,pooled,2,4,0.3603611023568991
svgworld_pil,clip_b16|pre|island,pooled,2,8,0.28121743516133224
svgworld_pil,clip_b16|pre|island,pooled,2,12,0.2491862699604046
svgworld_pil,clip_b16|pre|island,pooled,2,16,0.2259294096826442
svgworld_pil,clip_b16|pre|island,pooled,2,20,0.21566698282467356
svgworld_pil,clip_b16|pre|island,pooled,2,24,0.19679833149656356
svgworld_pil,clip_b16|pre|island,pooled,2,32,0.16895806258955348
svgworld_pil,clip_b16|pre|island,pooled,2,48,0.13471764652722285
svgworld_pil,clip_b16|pre|island,pooled,2,64,0.11090611607173506
svgworld_pil,clip_b16|pre|island,pooled,2,96,0.08234056481649299
svgworld_pil,clip_b16|pre|island,pooled,2,128,0.06624554588911624
svgworld_pil,clip_b16|pre|island,pooled,2,192,0.047041113050957484
svgworld_pil,clip_b16|pre|island,pooled,2,256,0.03612154882369489
svgworld_pil,clip_b16|pre|island,pooled,2,384,0.024395612771861197
svgworld_pil,clip_b16|pre|island,pooled,2,512,0.017992062630367234
svgworld_pil,clip_b16|pre|island,pooled,2,767,0.01109012571703849
svgworld_pil,clip_b16|pre|island,pooled,3,1,0.3104083105526445
svgworld_pil,clip_b16|pre|island,pooled,3,2,0.34096768278462763
svgworld_pil,clip_b16|pre|island,pooled,3,4,0.35934678648177154
svgworld_pil,clip_b16|pre|island,pooled,3,8,0.27775050115213806
svgworld_pil,clip_b16|pre|island,pooled,3,12,0.25297978373183905
svgworld_pil,clip_b16|pre|island,pooled,3,16,0.22407080110687283
svgworld_pil,clip_b16|pre|island,pooled,3,20,0.2165873131715712
svgworld_pil,clip_b16|pre|island,pooled,3,24,0.19708822230471934
svgworld_pil,clip_b16|pre|island,pooled,3,32,0.16874682801046703
svgworld_pil,clip_b16|pre|island,pooled,3,48,0.1348529925226578
svgworld_pil,clip_b16|pre|island,pooled,3,64,0.11077345786858095
svgworld_pil,clip_b16|pre|island,pooled,3,96,0.08286264863284121
svgworld_pil,clip_b16|pre|island,pooled,3,128,0.06675404262127849
svgworld_pil,clip_b16|pre|island,pooled,3,192,0.04711453576465041
svgworld_pil,clip_b16|pre|island,pooled,3,256,0.03614517453024202
svgworld_pil,clip_b16|pre|island,pooled,3,384,0.024324413387652677
svgworld_pil,clip_b16|pre|island,pooled,3,512,0.01796473809546273
svgworld_pil,clip_b16|pre|island,pooled,3,767,0.011075984757701218
svgworld_pil,clip_b16|pre|island,pooled,4,1,0.3189493807020587
svgworld_pil,clip_b16|pre|island,pooled,4,2,0.347575932069101
svgworld_pil,clip_b16|pre|island,pooled,4,4,0.3606758742337419
svgworld_pil,clip_b16|pre|island,pooled,4,8,0.2809221843356592
svgworld_pil,clip_b16|pre|island,pooled,4,12,0.2516141356659687
svgworld_pil,clip_b16|pre|island,pooled,4,16,0.22775291797354624
svgworld_pil,clip_b16|pre|island,pooled,4,20,0.22012462635393937
svgworld_pil,clip_b16|pre|island,pooled,4,24,0.19986435115533174
svgworld_pil,clip_b16|pre|island,pooled,4,32,0.17218744029837785
svgworld_pil,clip_b16|pre|island,pooled,4,48,0.13837551395890457
svgworld_pil,clip_b16|pre|island,pooled,4,64,0.11278122325800521
svgworld_pil,clip_b16|pre|island,pooled,4,96,0.08475388502868297
svgworld_pil,clip_b16|pre|island,pooled,4,128,0.0674691836032616
svgworld_pil,clip_b16|pre|island,pooled,4,192,0.0477288496158319
svgworld_pil,clip_b16|pre|island,pooled,4,256,0.03658721962813127
svgworld_pil,clip_b16|pre|island,pooled,4,384,0.024638628205346458
svgworld_pil,clip_b16|pre|island,pooled,4,512,0.01819149828142963
svgworld_pil,clip_b16|pre|island,pooled,4,767,0.01118667523956518
svgworld_pil,clip_b16|pre|western,pooled,0,1,0.17485631800672186
svgworld_pil,clip_b16|pre|western,pooled,0,2,0.15317703497662727
svgworld_pil,clip_b16|pre|western,pooled,0,4,0.12475590347000687
svgworld_pil,clip_b16|pre|western,pooled,0,8,0.15216823445836136
svgworld_pil,clip_b16|pre|western,pooled,0,12,0.17005256908198108
svgworld_pil,clip_b16|pre|western,pooled,0,16,0.18065994794097506
svgworld_pil,clip_b16|pre|western,pooled,0,20,0.16615704532638464
svgworld_pil,clip_b16|pre|western,pooled,0,24,0.1577765476191636
svgworld_pil,clip_b16|pre|western,pooled,0,32,0.14355073730501156
svgworld_pil,clip_b16|pre|western,pooled,0,48,0.12122208120227251
svgworld_pil,clip_b16|pre|western,pooled,0,64,0.10319879445987445
svgworld_pil,clip_b16|pre|western,pooled,0,96,0.07914511543517277
svgworld_pil,clip_b16|pre|western,pooled,0,128,0.0634191302208913
svgworld_pil,clip_b16|pre|western,pooled,0,192,0.04531899412251894
svgworld_pil,clip_b16|pre|western,pooled,0,256,0.03495622301072565
svgworld_pil,clip_b16|pre|western,pooled,0,384,0.023701123417724013
svgworld_pil,clip_b16|pre|western,pooled,0,512,0.017638628988747684
svgworld_pil,clip_b16|pre|western,pooled,0,767,0.010962159335139443
svgworld_pil,clip_b16|pre|western,pooled,1,1,0.1648507046664217
svgworld_pil,clip_b16|pre|western,pooled,1,2,0.15929249340194274
svgworld_pil,clip_b16|pre|western,pooled,1,4,0.12960629229141551
svgworld_pil,clip_b16|pre|western,pooled,1,8,0.1487832994283712
svgworld_pil,clip_b16|pre|western,pooled,1,12,0.16968419433130089
svgworld_pil,clip_b16|pre|western,pooled,1,16,0.18133387198660467
svgworld_pil,clip_b16|pre|western,pooled,1,20,0.16761670815273444
svgworld_pil,clip_b16|pre|western,pooled,1,24,0.15886337992918187
svgworld_pil,clip_b16|pre|western,pooled,1,32,0.14431000469284416
svgworld_pil,clip_b16|pre|western,pooled,1,48,0.12208702747986333
svgworld_pil,clip_b16|pre|western,pooled,1,64,0.1041750095642312
svgworld_pil,clip_b16|pre|western,pooled,1,96,0.07872356209886766
svgworld_pil,clip_b16|pre|western,pooled,1,128,0.06337490608293073
svgworld_pil,clip_b16|pre|western,pooled,1,192,0.04532724595110005
svgworld_pil,clip_b16|pre|western,pooled,1,256,0.034762217867576495
svgworld_pil,clip_b16|pre|western,pooled,1,384,0.02372439503963375
svgworld_pil,clip_b16|pre|western,pooled,1,512,0.017580364951293892
svgworld_pil,clip_b16|pre|western,pooled,1,767,0.010894011333003384
svgworld_pil,clip_b16|pre|western,pooled,2,1,0.16464455284961343
svgworld_pil,clip_b16|pre|western,pooled,2,2,0.15475692415676778
svgworld_pil,clip_b16|pre|western,pooled,2,4,0.12300812287234608
svgworld_pil,clip_b16|pre|western,pooled,2,8,0.15168423202824155
svgworld_pil,clip_b16|pre|western,pooled,2,12,0.16989774770290678
svgworld_pil,clip_b16|pre|western,pooled,2,16,0.18308787415287697
svgworld_pil,clip_b16|pre|western,pooled,2,20,0.1703216589855311
svgworld_pil,clip_b16|pre|western,pooled,2,24,0.16197332199739667
svgworld_pil,clip_b16|pre|western,pooled,2,32,0.14471779096333826
svgworld_pil,clip_b16|pre|western,pooled,2,48,0.12138385737597479
svgworld_pil,clip_b16|pre|western,pooled,2,64,0.1027960977342397
svgworld_pil,clip_b16|pre|western,pooled,2,96,0.07883464493028569
svgworld_pil,clip_b16|pre|western,pooled,2,128,0.0633973261249744
svgworld_pil,clip_b16|pre|western,pooled,2,192,0.04564327452057504
svgworld_pil,clip_b16|pre|western,pooled,2,256,0.035049323752186834
svgworld_pil,clip_b16|pre|western,pooled,2,384,0.023812176823433173
svgworld_pil,clip_b16|pre|western,pooled,2,512,0.01763656643837619
svgworld_pil,clip_b16|pre|western,pooled,2,767,0.010965076148505615
svgworld_pil,clip_b16|pre|western,pooled,3,1,0.16380071492408166
svgworld_pil,clip_b16|pre|western,pooled,3,2,0.14997182799326458
svgworld_pil,clip_b16|pre|western,pooled,3,4,0.12470705745744948
svgworld_pil,clip_b16|pre|western,pooled,3,8,0.14993343416453797
svgworld_pil,clip_b16|pre|western,pooled,3,12,0.16984924594173456
svgworld_pil,clip_b16|pre|western,pooled,3,16,0.18298883355294282
svgworld_pil,clip_b16|pre|western,pooled,3,20,0.17012396376583216
svgworld_pil,clip_b16|pre|western,pooled,3,24,0.15899875230156957
svgworld_pil,clip_b16|pre|western,pooled,3,32,0.1484527155510187
svgworld_pil,clip_b16|pre|western,pooled,3,48,0.12307563652580111
svgworld_pil,clip_b16|pre|western,pooled,3,64,0.10444524099220298
svgworld_pil,clip_b16|pre|western,pooled,3,96,0.07971109576497981
svgworld_pil,clip_b16|pre|western,pooled,3,128,0.06399430198420109
svgworld_pil,clip_b16|pre|western,pooled,3,192,0.04572629305410891
svgworld_pil,clip_b16|pre|western,pooled,3,256,0.03524027038012034
svgworld_pil,clip_b16|pre|western,pooled,3,384,0.02389360599846968
svgworld_pil,clip_b16|pre|western,pooled,3,512,0.017677605228616722
svgworld_pil,clip_b16|pre|western,pooled,3,767,0.010990354743554365
svgworld_pil,clip_b16|pre|western,pooled,4,1,0.16742568450637785
svgworld_pil,clip_b16|pre|western,pooled,4,2,0.15058316678617234
svgworld_pil,clip_b16|pre|western,pooled,4,4,0.12845330333998384
svgworld_pil,clip_b16|pre|western,pooled,4,8,0.1492385334009444
svgworld_pil,clip_b16|pre|western,pooled,4,12,0.17119316966759002
svgworld_pil,clip_b16|pre|western,pooled,4,16,0.18435182728532273
svgworld_pil,clip_b16|pre|western,pooled,4,20,0.1710694223001431
svgworld_pil,clip_b16|pre|western,pooled,4,24,0.1618829872030879
svgworld_pil,clip_b16|pre|western,pooled,4,32,0.14814336408453943
svgworld_pil,clip_b16|pre|western,pooled,4,48,0.12297486824749537
svgworld_pil,clip_b16|pre|western,pooled,4,64,0.10605426867688672
svgworld_pil,clip_b16|pre|western,pooled,4,96,0.08073347948565457
svgworld_pil,clip_b16|pre|western,pooled,4,128,0.06495806075876753
svgworld_pil,clip_b16|pre|western,pooled,4,192,0.04640569732434985
svgworld_pil,clip_b16|pre|western,pooled,4,256,0.035637572212797064
svgworld_pil,clip_b16|pre|western,pooled,4,384,0.024126761246897832
svgworld_pil,clip_b16|pre|western,pooled,4,512,0.017912208710921362
svgworld_pil,clip_b16|pre|western,pooled,4,767,0.011101979789735705
svgworld_pil,clip_b16|rand|island,pooled,0,1,0.05459001408748265
svgworld_pil,clip_b16|rand|island,pooled,0,2,0.030232721941550023
svgworld_pil,clip_b16|rand|island,pooled,0,4,0.016253100199659087
svgworld_pil,clip_b16|rand|island,pooled,0,8,0.03074274081396844
svgworld_pil,clip_b16|rand|island,pooled,0,12,0.027881126651863375
svgworld_pil,clip_b16|rand|island,pooled,0,16,0.024132049667849653
svgworld_pil,clip_b16|rand|island,pooled,0,20,0.026861470223832562
svgworld_pil,clip_b16|rand|island,pooled,0,24,0.03266149409509311
svgworld_pil,clip_b16|rand|island,pooled,0,32,0.028680714995399925
svgworld_pil,clip_b16|rand|island,pooled,0,48,0.02593824553228019
svgworld_pil,clip_b16|rand|island,pooled,0,64,0.023406117890279354
svgworld_pil,clip_b16|rand|island,pooled,0,96,0.018876850015606683
svgworld_pil,clip_b16|rand|island,pooled,0,128,0.016291765038266237
svgworld_pil,clip_b16|rand|island,pooled,0,192,0.012659330831435889
svgworld_pil,clip_b16|rand|island,pooled,0,256,0.010920470162172902
svgworld_pil,clip_b16|rand|island,pooled,0,384,0.009568838005752034
svgworld_pil,clip_b16|rand|island,pooled,0,512,0.008468731768445537
svgworld_pil,clip_b16|rand|island,pooled,0,767,0.0062458248451152665
svgworld_pil,clip_b16|rand|island,pooled,1,1,0.04438360087063575
svgworld_pil,clip_b16|rand|island,pooled,1,2,0.026676770404601702
svgworld_pil,clip_b16|rand|island,pooled,1,4,0.016109909978262116
svgworld_pil,clip_b16|rand|island,pooled,1,8,0.030238135660066834
svgworld_pil,clip_b16|rand|island,pooled,1,12,0.026980698003384318
svgworld_pil,clip_b16|rand|island,pooled,1,16,0.022300100981886395
svgworld_pil,clip_b16|rand|island,pooled,1,20,0.03109255366599495
svgworld_pil,clip_b16|rand|island,pooled,1,24,0.03400885286649091
svgworld_pil,clip_b16|rand|island,pooled,1,32,0.028687863499001653
svgworld_pil,clip_b16|rand|island,pooled,1,48,0.026597509584442403
svgworld_pil,clip_b16|rand|island,pooled,1,64,0.023398431228793704
svgworld_pil,clip_b16|rand|island,pooled,1,96,0.018437386046060378
svgworld_pil,clip_b16|rand|island,pooled,1,128,0.01600008364459271
svgworld_pil,clip_b16|rand|island,pooled,1,192,0.012658277762839565
svgworld_pil,clip_b16|rand|island,pooled,1,256,0.010809120794000537
svgworld_pil,clip_b16|rand|island,pooled,1,384,0.009738637719903798
svgworld_pil,clip_b16|rand|island,pooled,1,512,0.008549368835891968
svgworld_pil,clip_b16|rand|island,pooled,1,767,0.006352522563058294
svgworld_pil,clip_b16|rand|island,pooled,2,1,0.048119636647885766
svgworld_pil,clip_b16|rand|island,pooled,2,2,0.029341611863471062
svgworld_pil,clip_b16|rand|island,pooled,2,4,0.0156276865426187
svgworld_pil,clip_b16|rand|island,pooled,2,8,0.02929020317366049
svgworld_pil,clip_b16|rand|island,pooled,2,12,0.028604643115609174
svgworld_pil,clip_b16|rand|island,pooled,2,16,0.023065088132182
svgworld_pil,clip_b16|rand|island,pooled,2,20,0.028564133818222426
svgworld_pil,clip_b16|rand|island,pooled,2,24,0.03237398445963824
svgworld_pil,clip_b16|rand|island,pooled,2,32,0.02836071315106725
svgworld_pil,clip_b16|rand|island,pooled,2,48,0.025531593518826834
svgworld_pil,clip_b16|rand|island,pooled,2,64,0.022717174642791327
svgworld_pil,clip_b16|rand|island,pooled,2,96,0.01840375395906635
svgworld_pil,clip_b16|rand|island,pooled,2,128,0.015697815612650046
svgworld_pil,clip_b16|rand|island,pooled,2,192,0.01239845731163236
svgworld_pil,clip_b16|rand|island,pooled,2,256,0.010946299207783339
svgworld_pil,clip_b16|rand|island,pooled,2,384,0.009717870159690278
svgworld_pil,clip_b16|rand|island,pooled,2,512,0.008579897446772566
svgworld_pil,clip_b16|rand|island,pooled,2,767,0.006300397273563574
svgworld_pil,clip_b16|rand|island,pooled,3,1,0.03990860249971184
svgworld_pil,clip_b16|rand|island,pooled,3,2,0.02285944354330771
svgworld_pil,clip_b16|rand|island,pooled,3,4,0.01233648753947958
svgworld_pil,clip_b16|rand|island,pooled,3,8,0.028924293334627538
svgworld_pil,clip_b16|rand|island,pooled,3,12,0.02518406476675139
svgworld_pil,clip_b16|rand|island,pooled,3,16,0.02110431884834474
svgworld_pil,clip_b16|rand|island,pooled,3,20,0.027315354732523334
svgworld_pil,clip_b16|rand|island,pooled,3,24,0.03096899532491837
svgworld_pil,clip_b16|rand|island,pooled,3,32,0.027729568952534422
svgworld_pil,clip_b16|rand|island,pooled,3,48,0.02554587068989478
svgworld_pil,clip_b16|rand|island,pooled,3,64,0.023417929058687892
svgworld_pil,clip_b16|rand|island,pooled,3,96,0.01803721666010849
svgworld_pil,clip_b16|rand|island,pooled,3,128,0.015568339937464648
svgworld_pil,clip_b16|rand|island,pooled,3,192,0.012444771680324096
svgworld_pil,clip_b16|rand|island,pooled,3,256,0.010694847585693723
svgworld_pil,clip_b16|rand|island,pooled,3,384,0.00948808933335199
svgworld_pil,clip_b16|rand|island,pooled,3,512,0.008484303495142287
svgworld_pil,clip_b16|rand|island,pooled,3,767,0.00623194646001024
svgworld_pil,clip_b16|rand|island,pooled,4,1,0.0518569070560444
svgworld_pil,clip_b16|rand|island,pooled,4,2,0.029052224703422502
svgworld_pil,clip_b16|rand|island,pooled,4,4,0.014835923392602313
svgworld_pil,clip_b16|rand|island,pooled,4,8,0.030553225050744648
svgworld_pil,clip_b16|rand|island,pooled,4,12,0.028752773887744443
svgworld_pil,clip_b16|rand|island,pooled,4,16,0.02501866649584672
svgworld_pil,clip_b16|rand|island,pooled,4,20,0.03061890210408824
svgworld_pil,clip_b16|rand|island,pooled,4,24,0.03520451770670674
svgworld_pil,clip_b16|rand|island,pooled,4,32,0.029431711923597836
svgworld_pil,clip_b16|rand|island,pooled,4,48,0.02654658312925795
svgworld_pil,clip_b16|rand|island,pooled,4,64,0.024326000489744426
svgworld_pil,clip_b16|rand|island,pooled,4,96,0.019159133048715637
svgworld_pil,clip_b16|rand|island,pooled,4,128,0.01634539702000104
svgworld_pil,clip_b16|rand|island,pooled,4,192,0.01291016520849908
svgworld_pil,clip_b16|rand|island,pooled,4,256,0.011140718504761726
svgworld_pil,clip_b16|rand|island,pooled,4,384,0.009687688644627768
svgworld_pil,clip_b16|rand|island,pooled,4,512,0.00866188630210285
svgworld_pil,clip_b16|rand|island,pooled,4,767,0.006373382015229523
svgworld_pil,clip_b16|rand|western,pooled,0,1,0.03929804636892775
svgworld_pil,clip_b16|rand|western,pooled,0,2,0.02401018741335026
svgworld_pil,clip_b16|rand|western,pooled,0,4,0.018115177441788477
svgworld_pil,clip_b16|rand|western,pooled,0,8,0.016456380384788027
svgworld_pil,clip_b16|rand|western,pooled,0,12,0.016107839993124373
svgworld_pil,clip_b16|rand|western,pooled,0,16,0.013460645438558183
svgworld_pil,clip_b16|rand|western,pooled,0,20,0.012456691357041527
svgworld_pil,clip_b16|rand|western,pooled,0,24,0.01324860520201765
svgworld_pil,clip_b16|rand|western,pooled,0,32,0.021001771514550405
svgworld_pil,clip_b16|rand|western,pooled,0,48,0.019065510293954535
svgworld_pil,clip_b16|rand|western,pooled,0,64,0.017873940573132296
svgworld_pil,clip_b16|rand|western,pooled,0,96,0.014660343591662461
svgworld_pil,clip_b16|rand|western,pooled,0,128,0.013076997171885707
svgworld_pil,clip_b16|rand|western,pooled,0,192,0.011422747262898603
svgworld_pil,clip_b16|rand|western,pooled,0,256,0.010626770632325089
svgworld_pil,clip_b16|rand|western,pooled,0,384,0.009604867649037674
svgworld_pil,clip_b16|rand|western,pooled,0,512,0.008891491163140253
svgworld_pil,clip_b16|rand|western,pooled,0,767,0.006704072757858448
svgworld_pil,clip_b16|rand|western,pooled,1,1,0.03089196281467077
svgworld_pil,clip_b16|rand|western,pooled,1,2,0.02121263037020793
svgworld_pil,clip_b16|rand|western,pooled,1,4,0.018831461761278367
svgworld_pil,clip_b16|rand|western,pooled,1,8,0.01832881469407477
svgworld_pil,clip_b16|rand|western,pooled,1,12,0.016716431447360902
svgworld_pil,clip_b16|rand|western,pooled,1,16,0.013447999408982558
svgworld_pil,clip_b16|rand|western,pooled,1,20,0.012308141170816578
svgworld_pil,clip_b16|rand|western,pooled,1,24,0.014004125062274997
svgworld_pil,clip_b16|rand|western,pooled,1,32,0.019947230895179136
svgworld_pil,clip_b16|rand|western,pooled,1,48,0.01964780795711607
svgworld_pil,clip_b16|rand|western,pooled,1,64,0.01826702506195399
svgworld_pil,clip_b16|rand|western,pooled,1,96,0.01523934477472011
svgworld_pil,clip_b16|rand|western,pooled,1,128,0.013460968119895833
svgworld_pil,clip_b16|rand|western,pooled,1,192,0.011799570481003108
svgworld_pil,clip_b16|rand|western,pooled,1,256,0.010935320833320383
svgworld_pil,clip_b16|rand|western,pooled,1,384,0.009885037787978557
svgworld_pil,clip_b16|rand|western,pooled,1,512,0.00885123870990634
svgworld_pil,clip_b16|rand|western,pooled,1,767,0.006669788537193244
svgworld_pil,clip_b16|rand|western,pooled,2,1,0.03238637771595043
svgworld_pil,clip_b16|rand|western,pooled,2,2,0.023233784008215852
svgworld_pil,clip_b16|rand|western,pooled,2,4,0.019980251606858124
svgworld_pil,clip_b16|rand|western,pooled,2,8,0.016349450860223103
svgworld_pil,clip_b16|rand|western,pooled,2,12,0.014362063609571818
svgworld_pil,clip_b16|rand|western,pooled,2,16,0.012455318798210047
svgworld_pil,clip_b16|rand|western,pooled,2,20,0.011269357191866725
svgworld_pil,clip_b16|rand|western,pooled,2,24,0.01273546231903977
svgworld_pil,clip_b16|rand|western,pooled,2,32,0.019541728235696554
svgworld_pil,clip_b16|rand|western,pooled,2,48,0.018233874305262132
svgworld_pil,clip_b16|rand|western,pooled,2,64,0.017250870048308276
svgworld_pil,clip_b16|rand|western,pooled,2,96,0.014567110448866272
svgworld_pil,clip_b16|rand|western,pooled,2,128,0.013190359416124231
svgworld_pil,clip_b16|rand|western,pooled,2,192,0.011691984451758786
svgworld_pil,clip_b16|rand|western,pooled,2,256,0.010661713477648216
svgworld_pil,clip_b16|rand|western,pooled,2,384,0.009860237486319257
svgworld_pil,clip_b16|rand|western,pooled,2,512,0.008934151272430246
svgworld_pil,clip_b16|rand|western,pooled,2,767,0.006760161508936657
svgworld_pil,clip_b16|rand|western,pooled,3,1,0.02861414887730762
svgworld_pil,clip_b16|rand|western,pooled,3,2,0.01803689285705412
svgworld_pil,clip_b16|rand|western,pooled,3,4,0.016568716801152683
svgworld_pil,clip_b16|rand|western,pooled,3,8,0.015346739962055933
svgworld_pil,clip_b16|rand|western,pooled,3,12,0.014930252106269526
svgworld_pil,clip_b16|rand|western,pooled,3,16,0.01283450210726056
svgworld_pil,clip_b16|rand|western,pooled,3,20,0.011560515227319934
svgworld_pil,clip_b16|rand|western,pooled,3,24,0.013181998417127971
svgworld_pil,clip_b16|rand|western,pooled,3,32,0.020101358458506025
svgworld_pil,clip_b16|rand|western,pooled,3,48,0.0183866521460192
svgworld_pil,clip_b16|rand|western,pooled,3,64,0.017314276055171662
svgworld_pil,clip_b16|rand|western,pooled,3,96,0.014791720841950351
svgworld_pil,clip_b16|rand|western,pooled,3,128,0.013141139201317986
svgworld_pil,clip_b16|rand|western,pooled,3,192,0.011636993525604988
svgworld_pil,clip_b16|rand|western,pooled,3,256,0.01061716763695797
svgworld_pil,clip_b16|rand|western,pooled,3,384,0.009651306417585048
svgworld_pil,clip_b16|rand|western,pooled,3,512,0.008759434492841112
svgworld_pil,clip_b16|rand|western,pooled,3,767,0.006685097229377157
svgworld_pil,clip_b16|rand|western,pooled,4,1,0.036186840876051285
svgworld_pil,clip_b16|rand|western,pooled,4,2,0.023254617535473643
svgworld_pil,clip_b16|rand|western,pooled,4,4,0.020808888613386145
svgworld_pil,clip_b16|rand|western,pooled,4,8,0.016292183733503274
svgworld_pil,clip_b16|rand|western,pooled,4,12,0.016430644077331635
svgworld_pil,clip_b16|rand|western,pooled,4,16,0.013898128248457153
svgworld_pil,clip_b16|rand|western,pooled,4,20,0.013123447860395876
svgworld_pil,clip_b16|rand|western,pooled,4,24,0.014199010618598074
svgworld_pil,clip_b16|rand|western,pooled,4,32,0.021309187080995162
svgworld_pil,clip_b16|rand|western,pooled,4,48,0.020052873328848198
svgworld_pil,clip_b16|rand|western,pooled,4,64,0.018617788097499144
svgworld_pil,clip_b16|rand|western,pooled,4,96,0.015302202090487493
svgworld_pil,clip_b16|rand|western,pooled,4,128,0.013663800585883124
svgworld_pil,clip_b16|rand|western,pooled,4,192,0.012170292251284964
svgworld_pil,clip_b16|rand|western,pooled,4,256,0.011116278563076176
svgworld_pil,clip_b16|rand|western,pooled,4,384,0.010160462496428324
svgworld_pil,clip_b16|rand|western,pooled,4,512,0.009122030591233288
svgworld_pil,clip_b16|rand|western,pooled,4,767,0.0067896800938872515
svgworld_pil,deit_b16|pre|island,pooled,0,1,0.15959895180828576
svgworld_pil,deit_b16|pre|island,pooled,0,2,0.20355182668094896
svgworld_pil,deit_b16|pre|island,pooled,0,4,0.23827981975361057
svgworld_pil,deit_b16|pre|island,pooled,0,8,0.24724251094497607
svgworld_pil,deit_b16|pre|island,pooled,0,12,0.24486853043536527
svgworld_pil,deit_b16|pre|island,pooled,0,16,0.23591248568793233
svgworld_pil,deit_b16|pre|island,pooled,0,20,0.2179357641429821
svgworld_pil,deit_b16|pre|island,pooled,0,24,0.20103058277202412
svgworld_pil,deit_b16|pre|island,pooled,0,32,0.17638691601926393
svgworld_pil,deit_b16|pre|island,pooled,0,48,0.14447999334703687
svgworld_pil,deit_b16|pre|island,pooled,0,64,0.11886900459551764
svgworld_pil,deit_b16|pre|island,pooled,0,96,0.08932765800943698
svgworld_pil,deit_b16|pre|island,pooled,0,128,0.07159697497715412
svgworld_pil,deit_b16|pre|island,pooled,0,192,0.05033961056649017
svgworld_pil,deit_b16|pre|island,pooled,0,256,0.03841153830230193
svgworld_pil,deit_b16|pre|island,pooled,0,384,0.02561160451963873
svgworld_pil,deit_b16|pre|island,pooled,0,512,0.018750820322680495
svgworld_pil,deit_b16|pre|island,pooled,0,767,0.011279932435650286
svgworld_pil,deit_b16|pre|island,pooled,1,1,0.15922645783339862
svgworld_pil,deit_b16|pre|island,pooled,1,2,0.20928077857780458
svgworld_pil,deit_b16|pre|island,pooled,1,4,0.2409522969763912
svgworld_pil,deit_b16|pre|island,pooled,1,8,0.2461653556999861
svgworld_pil,deit_b16|pre|island,pooled,1,12,0.2409607564394024
svgworld_pil,deit_b16|pre|island,pooled,1,16,0.23413893674691155
svgworld_pil,deit_b16|pre|island,pooled,1,20,0.2160959067182624
svgworld_pil,deit_b16|pre|island,pooled,1,24,0.20063938581656804
svgworld_pil,deit_b16|pre|island,pooled,1,32,0.1721186038235345
svgworld_pil,deit_b16|pre|island,pooled,1,48,0.1448660476688448
svgworld_pil,deit_b16|pre|island,pooled,1,64,0.1179954099200059
svgworld_pil,deit_b16|pre|island,pooled,1,96,0.08843795614595795
svgworld_pil,deit_b16|pre|island,pooled,1,128,0.0700121925827708
svgworld_pil,deit_b16|pre|island,pooled,1,192,0.04959129948542851
svgworld_pil,deit_b16|pre|island,pooled,1,256,0.037860795938359226
svgworld_pil,deit_b16|pre|island,pooled,1,384,0.025431851316833898
svgworld_pil,deit_b16|pre|island,pooled,1,512,0.01858700515066758
svgworld_pil,deit_b16|pre|island,pooled,1,767,0.01116422817419449
svgworld_pil,deit_b16|pre|island,pooled,2,1,0.1675446855048659
svgworld_pil,deit_b16|pre|island,pooled,2,2,0.19654899374205015
svgworld_pil,deit_b16|pre|island,pooled,2,4,0.2439648575997091
svgworld_pil,deit_b16|pre|island,pooled,2,8,0.2532937588404027
svgworld_pil,deit_b16|pre|island,pooled,2,12,0.2479878436548142
svgworld_pil,deit_b16|pre|island,pooled,2,16,0.23946411446567895
svgworld_pil,deit_b16|pre|island,pooled,2,20,0.21873309468205715
svgworld_pil,deit_b16|pre|island,pooled,2,24,0.2018009986107684
svgworld_pil,deit_b16|pre|island,pooled,2,32,0.1740010757347994
svgworld_pil,deit_b16|pre|island,pooled,2,48,0.14490309374275745
svgworld_pil,deit_b16|pre|island,pooled,2,64,0.11722980603076061
svgworld_pil,deit_b16|pre|island,pooled,2,96,0.0879117484253451
svgworld_pil,deit_b16|pre|island,pooled,2,128,0.07040718768161192
svgworld_pil,deit_b16|pre|island,pooled,2,192,0.049365157520067204
svgworld_pil,deit_b16|pre|island,pooled,2,256,0.037590846963648894
svgworld_pil,deit_b16|pre|island,pooled,2,384,0.025081819352814616
svgworld_pil,deit_b16|pre|island,pooled,2,512,0.018342995516597682
svgworld_pil,deit_b16|pre|island,pooled,2,767,0.010948951227832238
svgworld_pil,deit_b16|pre|island,pooled,3,1,0.15627322520226727
svgworld_pil,deit_b16|pre|island,pooled,3,2,0.1969991017267494
svgworld_pil,deit_b16|pre|island,pooled,3,4,0.24504434605929015
svgworld_pil,deit_b16|pre|island,pooled,3,8,0.26334042295313054
svgworld_pil,deit_b16|pre|island,pooled,3,12,0.25234714131934677
svgworld_pil,deit_b16|pre|island,pooled,3,16,0.24470324783524156
svgworld_pil,deit_b16|pre|island,pooled,3,20,0.22282009706329386
svgworld_pil,deit_b16|pre|island,pooled,3,24,0.20595853458772984
svgworld_pil,deit_b16|pre|island,pooled,3,32,0.1773846673399685
svgworld_pil,deit_b16|pre|island,pooled,3,48,0.14619888469077902
svgworld_pil,deit_b16|pre|island,pooled,3,64,0.11827755865569767
svgworld_pil,deit_b16|pre|island,pooled,3,96,0.08837288540911359
svgworld_pil,deit_b16|pre|island,pooled,3,128,0.07034681910227547
svgworld_pil,deit_b16|pre|island,pooled,3,192,0.04974352866042431
svgworld_pil,deit_b16|pre|island,pooled,3,256,0.037999406201479125
svgworld_pil,deit_b16|pre|island,pooled,3,384,0.02531658093730982
svgworld_pil,deit_b16|pre|island,pooled,3,512,0.01857479119051142
svgworld_pil,deit_b16|pre|island,pooled,3,767,0.011141083855302769
svgworld_pil,deit_b16|pre|island,pooled,4,1,0.1639429020280987
svgworld_pil,deit_b16|pre|island,pooled,4,2,0.20288070131171143
svgworld_pil,deit_b16|pre|island,pooled,4,4,0.24518386144027537
svgworld_pil,deit_b16|pre|island,pooled,4,8,0.25814163158824666
svgworld_pil,deit_b16|pre|island,pooled,4,12,0.24420566411612787
svgworld_pil,deit_b16|pre|island,pooled,4,16,0.236825382148938
svgworld_pil,deit_b16|pre|island,pooled,4,20,0.21481176012238867
svgworld_pil,deit_b16|pre|island,pooled,4,24,0.19847468936575463
svgworld_pil,deit_b16|pre|island,pooled,4,32,0.1729954654819429
svgworld_pil,deit_b16|pre|island,pooled,4,48,0.14359933978837025
svgworld_pil,deit_b16|pre|island,pooled,4,64,0.11732567731621868
svgworld_pil,deit_b16|pre|island,pooled,4,96,0.0877243980481689
svgworld_pil,deit_b16|pre|island,pooled,4,128,0.07003632525755166
svgworld_pil,deit_b16|pre|island,pooled,4,192,0.04955028815383122
svgworld_pil,deit_b16|pre|island,pooled,4,256,0.03781586708758289
svgworld_pil,deit_b16|pre|island,pooled,4,384,0.025092793352334608
svgworld_pil,deit_b16|pre|island,pooled,4,512,0.018359905800392706
svgworld_pil,deit_b16|pre|island,pooled,4,767,0.011007634850930703
svgworld_pil,deit_b16|pre|western,pooled,0,1,0.3267557996980449
svgworld_pil,deit_b16|pre|western,pooled,0,2,0.268549871968511
svgworld_pil,deit_b16|pre|western,pooled,0,4,0.22769240469402674
svgworld_pil,deit_b16|pre|western,pooled,0,8,0.21091217191593514
svgworld_pil,deit_b16|pre|western,pooled,0,12,0.20653837429110977
svgworld_pil,deit_b16|pre|western,pooled,0,16,0.199844891959591
svgworld_pil,deit_b16|pre|western,pooled,0,20,0.18675755279600725
svgworld_pil,deit_b16|pre|western,pooled,0,24,0.17381999325291142
svgworld_pil,deit_b16|pre|western,pooled,0,32,0.15305185335736604
svgworld_pil,deit_b16|pre|western,pooled,0,48,0.1292420546741434
svgworld_pil,deit_b16|pre|western,pooled,0,64,0.10739372562050864
svgworld_pil,deit_b16|pre|western,pooled,0,96,0.08174553463661705
svgworld_pil,deit_b16|pre|western,pooled,0,128,0.06506057903816154
svgworld_pil,deit_b16|pre|western,pooled,0,192,0.04651303613565527
svgworld_pil,deit_b16|pre|western,pooled,0,256,0.036106032416885925
svgworld_pil,deit_b16|pre|western,pooled,0,384,0.02420459092091265
svgworld_pil,deit_b16|pre|western,pooled,0,512,0.01774467916084499
svgworld_pil,deit_b16|pre|western,pooled,0,767,0.010832040770105578
svgworld_pil,deit_b16|pre|western,pooled,1,1,0.32888373546385796
svgworld_pil,deit_b16|pre|western,pooled,1,2,0.2587861052127477
svgworld_pil,deit_b16|pre|western,pooled,1,4,0.22469837351388988
svgworld_pil,deit_b16|pre|western,pooled,1,8,0.21040093369619906
svgworld_pil,deit_b16|pre|western,pooled,1,12,0.20762035158980008
svgworld_pil,deit_b16|pre|western,pooled,1,16,0.1984378480941983
svgworld_pil,deit_b16|pre|western,pooled,1,20,0.1849387220898967
svgworld_pil,deit_b16|pre|western,pooled,1,24,0.17364804035272685
svgworld_pil,deit_b16|pre|western,pooled,1,32,0.1519289128400072
svgworld_pil,deit_b16|pre|western,pooled,1,48,0.12834441712424993
svgworld_pil,deit_b16|pre|western,pooled,1,64,0.10743129245635008
svgworld_pil,deit_b16|pre|western,pooled,1,96,0.08157968959620765
svgworld_pil,deit_b16|pre|western,pooled,1,128,0.06506050488075676
svgworld_pil,deit_b16|pre|western,pooled,1,192,0.046573541389809514
svgworld_pil,deit_b16|pre|western,pooled,1,256,0.03610369513172573
svgworld_pil,deit_b16|pre|western,pooled,1,384,0.024195161371381668
svgworld_pil,deit_b16|pre|western,pooled,1,512,0.017762187257278406
svgworld_pil,deit_b16|pre|western,pooled,1,767,0.010805027675354628
svgworld_pil,deit_b16|pre|western,pooled,2,1,0.32804413587685555
svgworld_pil,deit_b16|pre|western,pooled,2,2,0.26371132464819924
svgworld_pil,deit_b16|pre|western,pooled,2,4,0.21806662390540232
svgworld_pil,deit_b16|pre|western,pooled,2,8,0.2074508549579468
svgworld_pil,deit_b16|pre|western,pooled,2,12,0.20651804808869467
svgworld_pil,deit_b16|pre|western,pooled,2,16,0.19412185713798447
svgworld_pil,deit_b16|pre|western,pooled,2,20,0.18301753460690784
svgworld_pil,deit_b16|pre|western,pooled,2,24,0.17321323910669062
svgworld_pil,deit_b16|pre|western,pooled,2,32,0.15378097245799005
svgworld_pil,deit_b16|pre|western,pooled,2,48,0.12997198899544238
svgworld_pil,deit_b16|pre|western,pooled,2,64,0.10808973561606694
svgworld_pil,deit_b16|pre|western,pooled,2,96,0.08189527219660042
svgworld_pil,deit_b16|pre|western,pooled,2,128,0.0654189730319501
svgworld_pil,deit_b16|pre|western,pooled,2,192,0.04659803750440983
svgworld_pil,deit_b16|pre|western,pooled,2,256,0.036282679364214476
svgworld_pil,deit_b16|pre|western,pooled,2,384,0.024396075552747698
svgworld_pil,deit_b16|pre|western,pooled,2,512,0.01794882923692198
svgworld_pil,deit_b16|pre|western,pooled,2,767,0.011004381359916438
svgworld_pil,deit_b16|pre|western,pooled,3,1,0.3266392198687391
svgworld_pil,deit_b16|pre|western,pooled,3,2,0.25443725420357466
svgworld_pil,deit_b16|pre|western,pooled,3,4,0.2239572333124542
svgworld_pil,deit_b16|pre|western,pooled,3,8,0.2163517128033614
svgworld_pil,deit_b16|pre|western,pooled,3,12,0.21346265414090626
svgworld_pil,deit_b16|pre|western,pooled,3,16,0.20383351086505208
svgworld_pil,deit_b16|pre|western,pooled,3,20,0.18724875578522016
svgworld_pil,deit_b16|pre|western,pooled,3,24,0.17773954582041973
svgworld_pil,deit_b16|pre|western,pooled,3,32,0.15691626771656175
svgworld_pil,deit_b16|pre|western,pooled,3,48,0.1276345872112693
svgworld_pil,deit_b16|pre|western,pooled,3,64,0.10685481781880668
svgworld_pil,deit_b16|pre|western,pooled,3,96,0.0815999690215502
svgworld_pil,deit_b16|pre|western,pooled,3,128,0.06502233751686781
svgworld_pil,deit_b16|pre|western,pooled,3,192,0.04657006361940996
svgworld_pil,deit_b16|pre|western,pooled,3,256,0.03589159192202107
svgworld_pil,deit_b16|pre|western,pooled,3,384,0.024251314811360447
svgworld_pil,deit_b16|pre|western,pooled,3,512,0.017874037736881232
svgworld_pil,deit_b16|pre|western,pooled,3,767,0.010922737242939906
svgworld_pil,deit_b16|pre|western,pooled,4,1,0.32401219529088077
svgworld_pil,deit_b16|pre|western,pooled,4,2,0.27197969489226403
svgworld_pil,deit_b16|pre|western,pooled,4,4,0.22766306968539163
svgworld_pil,deit_b16|pre|western,pooled,4,8,0.21748669417301658
svgworld_pil,deit_b16|pre|western,pooled,4,12,0.2063816562101518
svgworld_pil,deit_b16|pre|western,pooled,4,16,0.20141019398672755
svgworld_pil,deit_b16|pre|western,pooled,4,20,0.18770571313175222
svgworld_pil,deit_b16|pre|western,pooled,4,24,0.1783982842630647
svgworld_pil,deit_b16|pre|western,pooled,4,32,0.1560022696819957
svgworld_pil,deit_b16|pre|western,pooled,4,48,0.131703572889728
svgworld_pil,deit_b16|pre|western,pooled,4,64,0.1104364311788969
svgworld_pil,deit_b16|pre|western,pooled,4,96,0.08323114282396926
svgworld_pil,deit_b16|pre|western,pooled,4,128,0.06632663721869747
svgworld_pil,deit_b16|pre|western,pooled,4,192,0.04732433993332896
svgworld_pil,deit_b16|pre|western,pooled,4,256,0.03660929683441805
svgworld_pil,deit_b16|pre|western,pooled,4,384,0.024609677202171
svgworld_pil,deit_b16|pre|western,pooled,4,512,0.01810222001472306
svgworld_pil,deit_b16|pre|western,pooled,4,767,0.011002915350295739
svgworld_pil,deit_b16|rand|island,pooled,0,1,0.04003676193245809
svgworld_pil,deit_b16|rand|island,pooled,0,2,0.025796690270364242
svgworld_pil,deit_b16|rand|island,pooled,0,4,0.018670530655177875
svgworld_pil,deit_b16|rand|island,pooled,0,8,0.01897046757932197
svgworld_pil,deit_b16|rand|island,pooled,0,12,0.024183941989773583
svgworld_pil,deit_b16|rand|island,pooled,0,16,0.025352281609761107
svgworld_pil,deit_b16|rand|island,pooled,0,20,0.030528228714673977
svgworld_pil,deit_b16|rand|island,pooled,0,24,0.03167185797718086
svgworld_pil,deit_b16|rand|island,pooled,0,32,0.030013829752700283
svgworld_pil,deit_b16|rand|island,pooled,0,48,0.026476415109416895
svgworld_pil,deit_b16|rand|island,pooled,0,64,0.024657930388011895
svgworld_pil,deit_b16|rand|island,pooled,0,96,0.02177775470919774
svgworld_pil,deit_b16|rand|island,pooled,0,128,0.020087399745463697
svgworld_pil,deit_b16|rand|island,pooled,0,192,0.01707337382651053
svgworld_pil,deit_b16|rand|island,pooled,0,256,0.015007033006305903
svgworld_pil,deit_b16|rand|island,pooled,0,384,0.012196004654421166
svgworld_pil,deit_b16|rand|island,pooled,0,512,0.010274203056796383
svgworld_pil,deit_b16|rand|island,pooled,0,767,0.0072240930373405066
svgworld_pil,deit_b16|rand|island,pooled,1,1,0.03427779763263916
svgworld_pil,deit_b16|rand|island,pooled,1,2,0.021654389254371353
svgworld_pil,deit_b16|rand|island,pooled,1,4,0.01711261618155524
svgworld_pil,deit_b16|rand|island,pooled,1,8,0.017828109270411896
svgworld_pil,deit_b16|rand|island,pooled,1,12,0.025275687983329465
svgworld_pil,deit_b16|rand|island,pooled,1,16,0.024827435871054404
svgworld_pil,deit_b16|rand|island,pooled,1,20,0.031462644177222554
svgworld_pil,deit_b16|rand|island,pooled,1,24,0.033167689381967125
svgworld_pil,deit_b16|rand|island,pooled,1,32,0.03186053463080063
svgworld_pil,deit_b16|rand|island,pooled,1,48,0.027408389105447517
svgworld_pil,deit_b16|rand|island,pooled,1,64,0.02533698255230432
svgworld_pil,deit_b16|rand|island,pooled,1,96,0.02212363199459899
svgworld_pil,deit_b16|rand|island,pooled,1,128,0.020320861643862043
svgworld_pil,deit_b16|rand|island,pooled,1,192,0.017057664291658337
svgworld_pil,deit_b16|rand|island,pooled,1,256,0.015101787737165528
svgworld_pil,deit_b16|rand|island,pooled,1,384,0.012531394677169239
svgworld_pil,deit_b16|rand|island,pooled,1,512,0.010602635154490558
svgworld_pil,deit_b16|rand|island,pooled,1,767,0.0074603008113898195
svgworld_pil,deit_b16|rand|island,pooled,2,1,0.03810056969559161
svgworld_pil,deit_b16|rand|island,pooled,2,2,0.022525933187586444
svgworld_pil,deit_b16|rand|island,pooled,2,4,0.015308771354667572
svgworld_pil,deit_b16|rand|island,pooled,2,8,0.01622074764463144
svgworld_pil,deit_b16|rand|island,pooled,2,12,0.02299680905478141
svgworld_pil,deit_b16|rand|island,pooled,2,16,0.02286221250060383
svgworld_pil,deit_b16|rand|island,pooled,2,20,0.02896090627125658
svgworld_pil,deit_b16|rand|island,pooled,2,24,0.032758359935441184
svgworld_pil,deit_b16|rand|island,pooled,2,32,0.029839383040154432
svgworld_pil,deit_b16|rand|island,pooled,2,48,0.02605998786446717
svgworld_pil,deit_b16|rand|island,pooled,2,64,0.024866919161064427
svgworld_pil,deit_b16|rand|island,pooled,2,96,0.021855814811384766
svgworld_pil,deit_b16|rand|island,pooled,2,128,0.02049044264332145
svgworld_pil,deit_b16|rand|island,pooled,2,192,0.01731701864212798
svgworld_pil,deit_b16|rand|island,pooled,2,256,0.015159569793671501
svgworld_pil,deit_b16|rand|island,pooled,2,384,0.012497993453614908
svgworld_pil,deit_b16|rand|island,pooled,2,512,0.01044240128706131
svgworld_pil,deit_b16|rand|island,pooled,2,767,0.007352738807153036
svgworld_pil,deit_b16|rand|island,pooled,3,1,0.03345250741049599
svgworld_pil,deit_b16|rand|island,pooled,3,2,0.02106266178534899
svgworld_pil,deit_b16|rand|island,pooled,3,4,0.01696493112592612
svgworld_pil,deit_b16|rand|island,pooled,3,8,0.017986881794573306
svgworld_pil,deit_b16|rand|island,pooled,3,12,0.023786908464073053
svgworld_pil,deit_b16|rand|island,pooled,3,16,0.023851908480343353
svgworld_pil,deit_b16|rand|island,pooled,3,20,0.028606965582782307
svgworld_pil,deit_b16|rand|island,pooled,3,24,0.030218760927267718
svgworld_pil,deit_b16|rand|island,pooled,3,32,0.02957177338264705
svgworld_pil,deit_b16|rand|island,pooled,3,48,0.026315577347651886
svgworld_pil,deit_b16|rand|island,pooled,3,64,0.025484472009718262
svgworld_pil,deit_b16|rand|island,pooled,3,96,0.022046982419295924
svgworld_pil,deit_b16|rand|island,pooled,3,128,0.02058931578884482
svgworld_pil,deit_b16|rand|island,pooled,3,192,0.017344310128008522
svgworld_pil,deit_b16|rand|island,pooled,3,256,0.015162037894899894
svgworld_pil,deit_b16|rand|island,pooled,3,384,0.012418154771779655
svgworld_pil,deit_b16|rand|island,pooled,3,512,0.010419147762689818
svgworld_pil,deit_b16|rand|island,pooled,3,767,0.007349223058558008
svgworld_pil,deit_b16|rand|island,pooled,4,1,0.03523973278640924
svgworld_pil,deit_b16|rand|island,pooled,4,2,0.022328821728311188
svgworld_pil,deit_b16|rand|island,pooled,4,4,0.017404866162084698
svgworld_pil,deit_b16|rand|island,pooled,4,8,0.02011400669070984
svgworld_pil,deit_b16|rand|island,pooled,4,12,0.02466923385096631
svgworld_pil,deit_b16|rand|island,pooled,4,16,0.0255139155423445
svgworld_pil,deit_b16|rand|island,pooled,4,20,0.02983446615774088
svgworld_pil,deit_b16|rand|island,pooled,4,24,0.030819275546804747
svgworld_pil,deit_b16|rand|island,pooled,4,32,0.031042826616412222
svgworld_pil,deit_b16|rand|island,pooled,4,48,0.027153787386051453
svgworld_pil,deit_b16|rand|island,pooled,4,64,0.025105801984513954
svgworld_pil,deit_b16|rand|island,pooled,4,96,0.02218146573295221
svgworld_pil,deit_b16|rand|island,pooled,4,128,0.02076206184382956
svgworld_pil,deit_b16|rand|island,pooled,4,192,0.017473701358630134
svgworld_pil,deit_b16|rand|island,pooled,4,256,0.015430269711944944
svgworld_pil,deit_b16|rand|island,pooled,4,384,0.012590247056710857
svgworld_pil,deit_b16|rand|island,pooled,4,512,0.010557932775323686
svgworld_pil,deit_b16|rand|island,pooled,4,767,0.0074137815931534234
svgworld_pil,deit_b16|rand|western,pooled,0,1,0.021253437991962
svgworld_pil,deit_b16|rand|western,pooled,0,2,0.013192861021916413
svgworld_pil,deit_b16|rand|western,pooled,0,4,0.021165057868158033
svgworld_pil,deit_b16|rand|western,pooled,0,8,0.015559378944438484
svgworld_pil,deit_b16|rand|western,pooled,0,12,0.014070370409080213
svgworld_pil,deit_b16|rand|western,pooled,0,16,0.015336685123570004
svgworld_pil,deit_b16|rand|western,pooled,0,20,0.014281350522757585
svgworld_pil,deit_b16|rand|western,pooled,0,24,0.014592110939550262
svgworld_pil,deit_b16|rand|western,pooled,0,32,0.018634860946933784
svgworld_pil,deit_b16|rand|western,pooled,0,48,0.0208017999900989
svgworld_pil,deit_b16|rand|western,pooled,0,64,0.019430006277794454
svgworld_pil,deit_b16|rand|western,pooled,0,96,0.01728437763662538
svgworld_pil,deit_b16|rand|western,pooled,0,128,0.015298926519832112
svgworld_pil,deit_b16|rand|western,pooled,0,192,0.013710261691274428
svgworld_pil,deit_b16|rand|western,pooled,0,256,0.012663186347650957
svgworld_pil,deit_b16|rand|western,pooled,0,384,0.011014560425207431
svgworld_pil,deit_b16|rand|western,pooled,0,512,0.009628093978244823
svgworld_pil,deit_b16|rand|western,pooled,0,767,0.0072300336187689496
svgworld_pil,deit_b16|rand|western,pooled,1,1,0.013946281717497566
svgworld_pil,deit_b16|rand|western,pooled,1,2,0.012440170249585658
svgworld_pil,deit_b16|rand|western,pooled,1,4,0.020920206730472235
svgworld_pil,deit_b16|rand|western,pooled,1,8,0.016440469965710802
svgworld_pil,deit_b16|rand|western,pooled,1,12,0.014852672621161744
svgworld_pil,deit_b16|rand|western,pooled,1,16,0.01398776808460267
svgworld_pil,deit_b16|rand|western,pooled,1,20,0.013854416415261639
svgworld_pil,deit_b16|rand|western,pooled,1,24,0.014574859461497724
svgworld_pil,deit_b16|rand|western,pooled,1,32,0.017318896883936175
svgworld_pil,deit_b16|rand|western,pooled,1,48,0.02055181416280638
svgworld_pil,deit_b16|rand|western,pooled,1,64,0.019487452928017124
svgworld_pil,deit_b16|rand|western,pooled,1,96,0.017592431061958957
svgworld_pil,deit_b16|rand|western,pooled,1,128,0.01573433050485573
svgworld_pil,deit_b16|rand|western,pooled,1,192,0.013769127321524577
svgworld_pil,deit_b16|rand|western,pooled,1,256,0.012739544625574806
svgworld_pil,deit_b16|rand|western,pooled,1,384,0.011089633282780897
svgworld_pil,deit_b16|rand|western,pooled,1,512,0.009666660796414317
svgworld_pil,deit_b16|rand|western,pooled,1,767,0.007361029703819577
svgworld_pil,deit_b16|rand|western,pooled,2,1,0.016892890240612246
svgworld_pil,deit_b16|rand|western,pooled,2,2,0.01392674861104426
svgworld_pil,deit_b16|rand|western,pooled,2,4,0.02006534791412884
svgworld_pil,deit_b16|rand|western,pooled,2,8,0.014692717829151158
svgworld_pil,deit_b16|rand|western,pooled,2,12,0.012839142487444777
svgworld_pil,deit_b16|rand|western,pooled,2,16,0.013243445142695376
svgworld_pil,deit_b16|rand|western,pooled,2,20,0.013273928409239688
svgworld_pil,deit_b16|rand|western,pooled,2,24,0.014128001421170211
svgworld_pil,deit_b16|rand|western,pooled,2,32,0.017515001356383397
svgworld_pil,deit_b16|rand|western,pooled,2,48,0.019645478690670015
svgworld_pil,deit_b16|rand|western,pooled,2,64,0.019063674248314344
svgworld_pil,deit_b16|rand|western,pooled,2,96,0.017370632190750634
svgworld_pil,deit_b16|rand|western,pooled,2,128,0.015402377101498277
svgworld_pil,deit_b16|rand|western,pooled,2,192,0.01367341692755697
svgworld_pil,deit_b16|rand|western,pooled,2,256,0.012628330967490942
svgworld_pil,deit_b16|rand|western,pooled,2,384,0.011049687960505317
svgworld_pil,deit_b16|rand|western,pooled,2,512,0.009788388878851584
svgworld_pil,deit_b16|rand|western,pooled,2,767,0.007357970472598785
svgworld_pil,deit_b16|rand|western,pooled,3,1,0.015847959226763186
svgworld_pil,deit_b16|rand|western,pooled,3,2,0.011088754674630108
svgworld_pil,deit_b16|rand|western,pooled,3,4,0.019107963623087976
svgworld_pil,deit_b16|rand|western,pooled,3,8,0.014294354346914395
svgworld_pil,deit_b16|rand|western,pooled,3,12,0.014163433156116567
svgworld_pil,deit_b16|rand|western,pooled,3,16,0.013734037882261796
svgworld_pil,deit_b16|rand|western,pooled,3,20,0.013362678970377129
svgworld_pil,deit_b16|rand|western,pooled,3,24,0.013951552749710605
svgworld_pil,deit_b16|rand|western,pooled,3,32,0.017483911634453064
svgworld_pil,deit_b16|rand|western,pooled,3,48,0.01971740670171207
svgworld_pil,deit_b16|rand|western,pooled,3,64,0.0187921846898772
svgworld_pil,deit_b16|rand|western,pooled,3,96,0.016747066552137535
svgworld_pil,deit_b16|rand|western,pooled,3,128,0.014915140626314938
svgworld_pil,deit_b16|rand|western,pooled,3,192,0.01330320933024598
svgworld_pil,deit_b16|rand|western,pooled,3,256,0.012386224045976335
svgworld_pil,deit_b16|rand|western,pooled,3,384,0.010857597930924778
svgworld_pil,deit_b16|rand|western,pooled,3,512,0.009447297360237306
svgworld_pil,deit_b16|rand|western,pooled,3,767,0.007178983208704248
svgworld_pil,deit_b16|rand|western,pooled,4,1,0.014300857298505054
svgworld_pil,deit_b16|rand|western,pooled,4,2,0.01294756210171244
svgworld_pil,deit_b16|rand|western,pooled,4,4,0.021624074440761087
svgworld_pil,deit_b16|rand|western,pooled,4,8,0.01568939791791968
svgworld_pil,deit_b16|rand|western,pooled,4,12,0.013882096525684173
svgworld_pil,deit_b16|rand|western,pooled,4,16,0.015395042843899254
svgworld_pil,deit_b16|rand|western,pooled,4,20,0.014719161372922174
svgworld_pil,deit_b16|rand|western,pooled,4,24,0.016211411148851274
svgworld_pil,deit_b16|rand|western,pooled,4,32,0.018392746274756178
svgworld_pil,deit_b16|rand|western,pooled,4,48,0.020480224103947786
svgworld_pil,deit_b16|rand|western,pooled,4,64,0.019703007581179377
svgworld_pil,deit_b16|rand|western,pooled,4,96,0.017432041411902244
svgworld_pil,deit_b16|rand|western,pooled,4,128,0.015692242243565913
svgworld_pil,deit_b16|rand|western,pooled,4,192,0.013767040282660292
svgworld_pil,deit_b16|rand|western,pooled,4,256,0.012820881189329225
svgworld_pil,deit_b16|rand|western,pooled,4,384,0.011166364051448774
svgworld_pil,deit_b16|rand|western,pooled,4,512,0.009708184241432605
svgworld_pil,deit_b16|rand|western,pooled,4,767,0.007325983326935681
svgworld_pil,dinov2_b14|pre|island,pooled,0,1,0.2693137659348336
svgworld_pil,dinov2_b14|pre|island,pooled,0,2,0.24065309517965716
svgworld_pil,dinov2_b14|pre|island,pooled,0,4,0.3344762797938394
svgworld_pil,dinov2_b14|pre|island,pooled,0,8,0.29462238372043814
svgworld_pil,dinov2_b14|pre|island,pooled,0,12,0.2825042223918718
svgworld_pil,dinov2_b14|pre|island,pooled,0,16,0.25573886151019865
svgworld_pil,dinov2_b14|pre|island,pooled,0,20,0.22937351800324557
svgworld_pil,dinov2_b14|pre|island,pooled,0,24,0.2121293118271831
svgworld_pil,dinov2_b14|pre|island,pooled,0,32,0.18721281471150308
svgworld_pil,dinov2_b14|pre|island,pooled,0,48,0.15143039586847085
svgworld_pil,dinov2_b14|pre|island,pooled,0,64,0.12761335139923358
svgworld_pil,dinov2_b14|pre|island,pooled,0,96,0.09516224249853844
svgworld_pil,dinov2_b14|pre|island,pooled,0,128,0.07498978374359044
svgworld_pil,dinov2_b14|pre|island,pooled,0,192,0.05196294830326609
svgworld_pil,dinov2_b14|pre|island,pooled,0,256,0.03959997681492433
svgworld_pil,dinov2_b14|pre|island,pooled,0,384,0.02635565081637392
svgworld_pil,dinov2_b14|pre|island,pooled,0,512,0.019316621494205544
svgworld_pil,dinov2_b14|pre|island,pooled,0,767,0.01185970985698026
svgworld_pil,dinov2_b14|pre|island,pooled,1,1,0.2667328184328762
svgworld_pil,dinov2_b14|pre|island,pooled,1,2,0.24852058170478264
svgworld_pil,dinov2_b14|pre|island,pooled,1,4,0.33995869794558
svgworld_pil,dinov2_b14|pre|island,pooled,1,8,0.285328409168779
svgworld_pil,dinov2_b14|pre|island,pooled,1,12,0.28480972937582194
svgworld_pil,dinov2_b14|pre|island,pooled,1,16,0.2610047431393653
svgworld_pil,dinov2_b14|pre|island,pooled,1,20,0.23169893092542915
svgworld_pil,dinov2_b14|pre|island,pooled,1,24,0.2137383929613239
svgworld_pil,dinov2_b14|pre|island,pooled,1,32,0.1861892412113485
svgworld_pil,dinov2_b14|pre|island,pooled,1,48,0.15167013306769828
svgworld_pil,dinov2_b14|pre|island,pooled,1,64,0.1264864242354976
svgworld_pil,dinov2_b14|pre|island,pooled,1,96,0.09512940283001581
svgworld_pil,dinov2_b14|pre|island,pooled,1,128,0.07505701917587904
svgworld_pil,dinov2_b14|pre|island,pooled,1,192,0.051897508041378826
svgworld_pil,dinov2_b14|pre|island,pooled,1,256,0.03956217341758628
svgworld_pil,dinov2_b14|pre|island,pooled,1,384,0.02629262077451855
svgworld_pil,dinov2_b14|pre|island,pooled,1,512,0.019306169925491612
svgworld_pil,dinov2_b14|pre|island,pooled,1,767,0.01183795055489989
svgworld_pil,dinov2_b14|pre|island,pooled,2,1,0.26494111569149414
svgworld_pil,dinov2_b14|pre|island,pooled,2,2,0.2449497019844996
svgworld_pil,dinov2_b14|pre|island,pooled,2,4,0.33889380563664306
svgworld_pil,dinov2_b14|pre|island,pooled,2,8,0.2801695104373636
svgworld_pil,dinov2_b14|pre|island,pooled,2,12,0.2937625580890413
svgworld_pil,dinov2_b14|pre|island,pooled,2,16,0.26439962591095467
svgworld_pil,dinov2_b14|pre|island,pooled,2,20,0.23261253972024154
svgworld_pil,dinov2_b14|pre|island,pooled,2,24,0.2149514651503176
svgworld_pil,dinov2_b14|pre|island,pooled,2,32,0.1895376159285851
svgworld_pil,dinov2_b14|pre|island,pooled,2,48,0.15178443237730188
svgworld_pil,dinov2_b14|pre|island,pooled,2,64,0.12743850553302716
svgworld_pil,dinov2_b14|pre|island,pooled,2,96,0.0949062087119873
svgworld_pil,dinov2_b14|pre|island,pooled,2,128,0.07484384689397405
svgworld_pil,dinov2_b14|pre|island,pooled,2,192,0.052073571909670435
svgworld_pil,dinov2_b14|pre|island,pooled,2,256,0.03979423523687453
svgworld_pil,dinov2_b14|pre|island,pooled,2,384,0.026502523264985367
svgworld_pil,dinov2_b14|pre|island,pooled,2,512,0.019413939227177712
svgworld_pil,dinov2_b14|pre|island,pooled,2,767,0.011937522490408026
svgworld_pil,dinov2_b14|pre|island,pooled,3,1,0.27117425999598144
svgworld_pil,dinov2_b14|pre|island,pooled,3,2,0.24475257157988706
svgworld_pil,dinov2_b14|pre|island,pooled,3,4,0.3466390746921031
svgworld_pil,dinov2_b14|pre|island,pooled,3,8,0.3023419016659584
svgworld_pil,dinov2_b14|pre|island,pooled,3,12,0.2948425560931116
svgworld_pil,dinov2_b14|pre|island,pooled,3,16,0.2652440997298342
svgworld_pil,dinov2_b14|pre|island,pooled,3,20,0.23391522477115467
svgworld_pil,dinov2_b14|pre|island,pooled,3,24,0.2153658067301274
svgworld_pil,dinov2_b14|pre|island,pooled,3,32,0.18998537503339163
svgworld_pil,dinov2_b14|pre|island,pooled,3,48,0.15399319559130165
svgworld_pil,dinov2_b14|pre|island,pooled,3,64,0.12794447033249878
svgworld_pil,dinov2_b14|pre|island,pooled,3,96,0.09555389960948368
svgworld_pil,dinov2_b14|pre|island,pooled,3,128,0.07443678571698387
svgworld_pil,dinov2_b14|pre|island,pooled,3,192,0.051640723030686675
svgworld_pil,dinov2_b14|pre|island,pooled,3,256,0.03941750687791301
svgworld_pil,dinov2_b14|pre|island,pooled,3,384,0.026104530742305898
svgworld_pil,dinov2_b14|pre|island,pooled,3,512,0.01920944327947982
svgworld_pil,dinov2_b14|pre|island,pooled,3,767,0.01178725760952648
svgworld_pil,dinov2_b14|pre|island,pooled,4,1,0.2767069030516389
svgworld_pil,dinov2_b14|pre|island,pooled,4,2,0.25127922862657726
svgworld_pil,dinov2_b14|pre|island,pooled,4,4,0.3456558855768991
svgworld_pil,dinov2_b14|pre|island,pooled,4,8,0.3024933002152709
svgworld_pil,dinov2_b14|pre|island,pooled,4,12,0.2897140789616949
svgworld_pil,dinov2_b14|pre|island,pooled,4,16,0.2612320214923798
svgworld_pil,dinov2_b14|pre|island,pooled,4,20,0.23236774318255382
svgworld_pil,dinov2_b14|pre|island,pooled,4,24,0.2124149914247081
svgworld_pil,dinov2_b14|pre|island,pooled,4,32,0.18932422576936025
svgworld_pil,dinov2_b14|pre|island,pooled,4,48,0.15299345724737679
svgworld_pil,dinov2_b14|pre|island,pooled,4,64,0.12668999489907695
svgworld_pil,dinov2_b14|pre|island,pooled,4,96,0.09462171666159735
svgworld_pil,dinov2_b14|pre|island,pooled,4,128,0.0748755230884367
svgworld_pil,dinov2_b14|pre|island,pooled,4,192,0.05204535847305214
svgworld_pil,dinov2_b14|pre|island,pooled,4,256,0.03976981293411841
svgworld_pil,dinov2_b14|pre|island,pooled,4,384,0.026571679290923855
svgworld_pil,dinov2_b14|pre|island,pooled,4,512,0.019470658608821245
svgworld_pil,dinov2_b14|pre|island,pooled,4,767,0.011916418609627444
svgworld_pil,dinov2_b14|pre|western,pooled,0,1,0.5075267141573665
svgworld_pil,dinov2_b14|pre|western,pooled,0,2,0.3311959778197039
svgworld_pil,dinov2_b14|pre|western,pooled,0,4,0.2822605556008795
svgworld_pil,dinov2_b14|pre|western,pooled,0,8,0.263806994860863
svgworld_pil,dinov2_b14|pre|western,pooled,0,12,0.2381258430974592
svgworld_pil,dinov2_b14|pre|western,pooled,0,16,0.22130856871435645
svgworld_pil,dinov2_b14|pre|western,pooled,0,20,0.19776898192891978
svgworld_pil,dinov2_b14|pre|western,pooled,0,24,0.18346114645876865
svgworld_pil,dinov2_b14|pre|western,pooled,0,32,0.15625172221489037
svgworld_pil,dinov2_b14|pre|western,pooled,0,48,0.1288306572009259
svgworld_pil,dinov2_b14|pre|western,pooled,0,64,0.11035340046907272
svgworld_pil,dinov2_b14|pre|western,pooled,0,96,0.08499427727515019
svgworld_pil,dinov2_b14|pre|western,pooled,0,128,0.06837345046359466
svgworld_pil,dinov2_b14|pre|western,pooled,0,192,0.04821528139924125
svgworld_pil,dinov2_b14|pre|western,pooled,0,256,0.037011305310030385
svgworld_pil,dinov2_b14|pre|western,pooled,0,384,0.025097814856932965
svgworld_pil,dinov2_b14|pre|western,pooled,0,512,0.01846703486014023
svgworld_pil,dinov2_b14|pre|western,pooled,0,767,0.011355443179593916
svgworld_pil,dinov2_b14|pre|western,pooled,1,1,0.5002142095475958
svgworld_pil,dinov2_b14|pre|western,pooled,1,2,0.32787238129725027
svgworld_pil,dinov2_b14|pre|western,pooled,1,4,0.2774786810924438
svgworld_pil,dinov2_b14|pre|western,pooled,1,8,0.24181961571438415
svgworld_pil,dinov2_b14|pre|western,pooled,1,12,0.24114161217390806
svgworld_pil,dinov2_b14|pre|western,pooled,1,16,0.21780468497379135
svgworld_pil,dinov2_b14|pre|western,pooled,1,20,0.19450779802494722
svgworld_pil,dinov2_b14|pre|western,pooled,1,24,0.1829859941189108
svgworld_pil,dinov2_b14|pre|western,pooled,1,32,0.1574765261150376
svgworld_pil,dinov2_b14|pre|western,pooled,1,48,0.12972723318527057
svgworld_pil,dinov2_b14|pre|western,pooled,1,64,0.11034064788520359
svgworld_pil,dinov2_b14|pre|western,pooled,1,96,0.08454663264415563
svgworld_pil,dinov2_b14|pre|western,pooled,1,128,0.06787698299283251
svgworld_pil,dinov2_b14|pre|western,pooled,1,192,0.04846019699328552
svgworld_pil,dinov2_b14|pre|western,pooled,1,256,0.037293630166807534
svgworld_pil,dinov2_b14|pre|western,pooled,1,384,0.025123935334903646
svgworld_pil,dinov2_b14|pre|western,pooled,1,512,0.0184867461717918
svgworld_pil,dinov2_b14|pre|western,pooled,1,767,0.011362483628260422
svgworld_pil,dinov2_b14|pre|western,pooled,2,1,0.5081291443825737
svgworld_pil,dinov2_b14|pre|western,pooled,2,2,0.34315708434568837
svgworld_pil,dinov2_b14|pre|western,pooled,2,4,0.28618021195527776
svgworld_pil,dinov2_b14|pre|western,pooled,2,8,0.26504317088893925
svgworld_pil,dinov2_b14|pre|western,pooled,2,12,0.23730364031727436
svgworld_pil,dinov2_b14|pre|western,pooled,2,16,0.2195462488815203
svgworld_pil,dinov2_b14|pre|western,pooled,2,20,0.19430560346814607
svgworld_pil,dinov2_b14|pre|western,pooled,2,24,0.18349774000582253
svgworld_pil,dinov2_b14|pre|western,pooled,2,32,0.15582570318086575
svgworld_pil,dinov2_b14|pre|western,pooled,2,48,0.12876995834879557
svgworld_pil,dinov2_b14|pre|western,pooled,2,64,0.11064889312708148
svgworld_pil,dinov2_b14|pre|western,pooled,2,96,0.0848706595367521
svgworld_pil,dinov2_b14|pre|western,pooled,2,128,0.06872970037394655
svgworld_pil,dinov2_b14|pre|western,pooled,2,192,0.048776142578540904
svgworld_pil,dinov2_b14|pre|western,pooled,2,256,0.03724924729923451
svgworld_pil,dinov2_b14|pre|western,pooled,2,384,0.025051982271102613
svgworld_pil,dinov2_b14|pre|western,pooled,2,512,0.018445727589594507
svgworld_pil,dinov2_b14|pre|western,pooled,2,767,0.011366854075026689
svgworld_pil,dinov2_b14|pre|western,pooled,3,1,0.5042583209534497
svgworld_pil,dinov2_b14|pre|western,pooled,3,2,0.34454738977201216
svgworld_pil,dinov2_b14|pre|western,pooled,3,4,0.2859372620851812
svgworld_pil,dinov2_b14|pre|western,pooled,3,8,0.2542127047976046
svgworld_pil,dinov2_b14|pre|western,pooled,3,12,0.2341618280826615
svgworld_pil,dinov2_b14|pre|western,pooled,3,16,0.2238915640950595
svgworld_pil,dinov2_b14|pre|western,pooled,3,20,0.19796728108147243
svgworld_pil,dinov2_b14|pre|western,pooled,3,24,0.18524482231395323
svgworld_pil,dinov2_b14|pre|western,pooled,3,32,0.15660817529974158
svgworld_pil,dinov2_b14|pre|western,pooled,3,48,0.12979257744358297
svgworld_pil,dinov2_b14|pre|western,pooled,3,64,0.10867540031841116
svgworld_pil,dinov2_b14|pre|western,pooled,3,96,0.08481235916843621
svgworld_pil,dinov2_b14|pre|western,pooled,3,128,0.06804954352063308
svgworld_pil,dinov2_b14|pre|western,pooled,3,192,0.04840854079579682
svgworld_pil,dinov2_b14|pre|western,pooled,3,256,0.03717169450629032
svgworld_pil,dinov2_b14|pre|western,pooled,3,384,0.02506038677845157
svgworld_pil,dinov2_b14|pre|western,pooled,3,512,0.0184691334548599
svgworld_pil,dinov2_b14|pre|western,pooled,3,767,0.011359301139019062
svgworld_pil,dinov2_b14|pre|western,pooled,4,1,0.5057388653329996
svgworld_pil,dinov2_b14|pre|western,pooled,4,2,0.3412066351743348
svgworld_pil,dinov2_b14|pre|western,pooled,4,4,0.2850031415520302
svgworld_pil,dinov2_b14|pre|western,pooled,4,8,0.25551325605551123
svgworld_pil,dinov2_b14|pre|western,pooled,4,12,0.23810686936560999
svgworld_pil,dinov2_b14|pre|western,pooled,4,16,0.22098732755727102
svgworld_pil,dinov2_b14|pre|western,pooled,4,20,0.19627535366343118
svgworld_pil,dinov2_b14|pre|western,pooled,4,24,0.18553429984102932
svgworld_pil,dinov2_b14|pre|western,pooled,4,32,0.15677258894919144
svgworld_pil,dinov2_b14|pre|western,pooled,4,48,0.12955385844859746
svgworld_pil,dinov2_b14|pre|western,pooled,4,64,0.10918213480272254
svgworld_pil,dinov2_b14|pre|western,pooled,4,96,0.08493127138673129
svgworld_pil,dinov2_b14|pre|western,pooled,4,128,0.06794323212823639
svgworld_pil,dinov2_b14|pre|western,pooled,4,192,0.04863650836512212
svgworld_pil,dinov2_b14|pre|western,pooled,4,256,0.03731797394646441
svgworld_pil,dinov2_b14|pre|western,pooled,4,384,0.024943165045988147
svgworld_pil,dinov2_b14|pre|western,pooled,4,512,0.018442357276227228
svgworld_pil,dinov2_b14|pre|western,pooled,4,767,0.01131245679353654
svgworld_pil,dinov2_b14|rand|island,pooled,0,1,0.010639779427935037
svgworld_pil,dinov2_b14|rand|island,pooled,0,2,0.008678593555955572
svgworld_pil,dinov2_b14|rand|island,pooled,0,4,0.047077941563284376
svgworld_pil,dinov2_b14|rand|island,pooled,0,8,0.048108190801007145
svgworld_pil,dinov2_b14|rand|island,pooled,0,12,0.05907853730752488
svgworld_pil,dinov2_b14|rand|island,pooled,0,16,0.046969360639207536
svgworld_pil,dinov2_b14|rand|island,pooled,0,20,0.04304051698154121
svgworld_pil,dinov2_b14|rand|island,pooled,0,24,0.03841929619720952
svgworld_pil,dinov2_b14|rand|island,pooled,0,32,0.03429131452715284
svgworld_pil,dinov2_b14|rand|island,pooled,0,48,0.029541749820855556
svgworld_pil,dinov2_b14|rand|island,pooled,0,64,0.027562853105458696
svgworld_pil,dinov2_b14|rand|island,pooled,0,96,0.024150457552924554
svgworld_pil,dinov2_b14|rand|island,pooled,0,128,0.022105267713295684
svgworld_pil,dinov2_b14|rand|island,pooled,0,192,0.019020369518678804
svgworld_pil,dinov2_b14|rand|island,pooled,0,256,0.016715857323621908
svgworld_pil,dinov2_b14|rand|island,pooled,0,384,0.012973246471521871
svgworld_pil,dinov2_b14|rand|island,pooled,0,512,0.01041701575947418
svgworld_pil,dinov2_b14|rand|island,pooled,0,767,0.006976626884518722
svgworld_pil,dinov2_b14|rand|island,pooled,1,1,0.009783492628769652
svgworld_pil,dinov2_b14|rand|island,pooled,1,2,0.007451909047712757
svgworld_pil,dinov2_b14|rand|island,pooled,1,4,0.04778236253195889
svgworld_pil,dinov2_b14|rand|island,pooled,1,8,0.050542311669095175
svgworld_pil,dinov2_b14|rand|island,pooled,1,12,0.06043166551543633
svgworld_pil,dinov2_b14|rand|island,pooled,1,16,0.04949557304833252
svgworld_pil,dinov2_b14|rand|island,pooled,1,20,0.04384478236936695
svgworld_pil,dinov2_b14|rand|island,pooled,1,24,0.039939243673347335
svgworld_pil,dinov2_b14|rand|island,pooled,1,32,0.03610174486905904
svgworld_pil,dinov2_b14|rand|island,pooled,1,48,0.030865338817759103
svgworld_pil,dinov2_b14|rand|island,pooled,1,64,0.029597191222697994
svgworld_pil,dinov2_b14|rand|island,pooled,1,96,0.02553827854107793
svgworld_pil,dinov2_b14|rand|island,pooled,1,128,0.0229596348582084
svgworld_pil,dinov2_b14|rand|island,pooled,1,192,0.019554985230717747
svgworld_pil,dinov2_b14|rand|island,pooled,1,256,0.01693368579590837
svgworld_pil,dinov2_b14|rand|island,pooled,1,384,0.013191334631351581
svgworld_pil,dinov2_b14|rand|island,pooled,1,512,0.01047690241609367
svgworld_pil,dinov2_b14|rand|island,pooled,1,767,0.007028780571777582
svgworld_pil,dinov2_b14|rand|island,pooled,2,1,0.0028058138543023414
svgworld_pil,dinov2_b14|rand|island,pooled,2,2,0.004633922409545188
svgworld_pil,dinov2_b14|rand|island,pooled,2,4,0.04417074871527826
svgworld_pil,dinov2_b14|rand|island,pooled,2,8,0.05401061988689959
svgworld_pil,dinov2_b14|rand|island,pooled,2,12,0.05963515365295502
svgworld_pil,dinov2_b14|rand|island,pooled,2,16,0.048576805979595905
svgworld_pil,dinov2_b14|rand|island,pooled,2,20,0.043400951149423994
svgworld_pil,dinov2_b14|rand|island,pooled,2,24,0.04014913058257674
svgworld_pil,dinov2_b14|rand|island,pooled,2,32,0.036251990035672366
svgworld_pil,dinov2_b14|rand|island,pooled,2,48,0.030516460902229148
svgworld_pil,dinov2_b14|rand|island,pooled,2,64,0.028585326672282307
svgworld_pil,dinov2_b14|rand|island,pooled,2,96,0.024545851216129733
svgworld_pil,dinov2_b14|rand|island,pooled,2,128,0.022074919629193057
svgworld_pil,dinov2_b14|rand|island,pooled,2,192,0.01914744506583943
svgworld_pil,dinov2_b14|rand|island,pooled,2,256,0.016912847578320234
svgworld_pil,dinov2_b14|rand|island,pooled,2,384,0.013185644670148933
svgworld_pil,dinov2_b14|rand|island,pooled,2,512,0.010521438736310618
svgworld_pil,dinov2_b14|rand|island,pooled,2,767,0.007026122048957584
svgworld_pil,dinov2_b14|rand|island,pooled,3,1,0.007301440938456749
svgworld_pil,dinov2_b14|rand|island,pooled,3,2,0.004627169948593246
svgworld_pil,dinov2_b14|rand|island,pooled,3,4,0.04401230072679274
svgworld_pil,dinov2_b14|rand|island,pooled,3,8,0.04956040034905995
svgworld_pil,dinov2_b14|rand|island,pooled,3,12,0.05894236041686096
svgworld_pil,dinov2_b14|rand|island,pooled,3,16,0.04827133456088617
svgworld_pil,dinov2_b14|rand|island,pooled,3,20,0.043205668893230964
svgworld_pil,dinov2_b14|rand|island,pooled,3,24,0.039237077522981556
svgworld_pil,dinov2_b14|rand|island,pooled,3,32,0.03418245592761404
svgworld_pil,dinov2_b14|rand|island,pooled,3,48,0.030063882437382117
svgworld_pil,dinov2_b14|rand|island,pooled,3,64,0.028314278462674536
svgworld_pil,dinov2_b14|rand|island,pooled,3,96,0.02501074173273432
svgworld_pil,dinov2_b14|rand|island,pooled,3,128,0.023121350622644532
svgworld_pil,dinov2_b14|rand|island,pooled,3,192,0.019552228625503765
svgworld_pil,dinov2_b14|rand|island,pooled,3,256,0.01688440689528259
svgworld_pil,dinov2_b14|rand|island,pooled,3,384,0.013157998318370168
svgworld_pil,dinov2_b14|rand|island,pooled,3,512,0.010510690460239447
svgworld_pil,dinov2_b14|rand|island,pooled,3,767,0.00702657835567444
svgworld_pil,dinov2_b14|rand|island,pooled,4,1,0.009621537613185627
svgworld_pil,dinov2_b14|rand|island,pooled,4,2,0.005107858697388612
svgworld_pil,dinov2_b14|rand|island,pooled,4,4,0.048053551470264466
svgworld_pil,dinov2_b14|rand|island,pooled,4,8,0.05157250661803625
svgworld_pil,dinov2_b14|rand|island,pooled,4,12,0.059806611744045224
svgworld_pil,dinov2_b14|rand|island,pooled,4,16,0.048988603738048364
svgworld_pil,dinov2_b14|rand|island,pooled,4,20,0.04479894426951403
svgworld_pil,dinov2_b14|rand|island,pooled,4,24,0.0401890513440466
svgworld_pil,dinov2_b14|rand|island,pooled,4,32,0.03510815098441633
svgworld_pil,dinov2_b14|rand|island,pooled,4,48,0.031106939203838335
svgworld_pil,dinov2_b14|rand|island,pooled,4,64,0.029133678173128952
svgworld_pil,dinov2_b14|rand|island,pooled,4,96,0.02541020195758259
svgworld_pil,dinov2_b14|rand|island,pooled,4,128,0.022987336993574026
svgworld_pil,dinov2_b14|rand|island,pooled,4,192,0.019842253770444684
svgworld_pil,dinov2_b14|rand|island,pooled,4,256,0.016969568876358365
svgworld_pil,dinov2_b14|rand|island,pooled,4,384,0.013043478240539086
svgworld_pil,dinov2_b14|rand|island,pooled,4,512,0.010325144494113925
svgworld_pil,dinov2_b14|rand|island,pooled,4,767,0.006923254315810756
svgworld_pil,dinov2_b14|rand|western,pooled,0,1,0.006520509934401564
svgworld_pil,dinov2_b14|rand|western,pooled,0,2,0.007454372051065139
svgworld_pil,dinov2_b14|rand|western,pooled,0,4,0.04588971802198327
svgworld_pil,dinov2_b14|rand|western,pooled,0,8,0.03043997342406146
svgworld_pil,dinov2_b14|rand|western,pooled,0,12,0.030576469993635502
svgworld_pil,dinov2_b14|rand|western,pooled,0,16,0.03514604128869159
svgworld_pil,dinov2_b14|rand|western,pooled,0,20,0.031997292940279976
svgworld_pil,dinov2_b14|rand|western,pooled,0,24,0.033836161370295104
svgworld_pil,dinov2_b14|rand|western,pooled,0,32,0.03514803491933838
svgworld_pil,dinov2_b14|rand|western,pooled,0,48,0.03189261003497601
svgworld_pil,dinov2_b14|rand|western,pooled,0,64,0.029884583160329936
svgworld_pil,dinov2_b14|rand|western,pooled,0,96,0.025507191480302338
svgworld_pil,dinov2_b14|rand|western,pooled,0,128,0.022796029643238902
svgworld_pil,dinov2_b14|rand|western,pooled,0,192,0.020200181377553417
svgworld_pil,dinov2_b14|rand|western,pooled,0,256,0.018191473772142475
svgworld_pil,dinov2_b14|rand|western,pooled,0,384,0.014354928075934303
svgworld_pil,dinov2_b14|rand|western,pooled,0,512,0.011577990976970987
svgworld_pil,dinov2_b14|rand|western,pooled,0,767,0.007896569269614573
svgworld_pil,dinov2_b14|rand|western,pooled,1,1,0.006839201231609637
svgworld_pil,dinov2_b14|rand|western,pooled,1,2,0.006796594529443367
svgworld_pil,dinov2_b14|rand|western,pooled,1,4,0.04824591739612005
svgworld_pil,dinov2_b14|rand|western,pooled,1,8,0.03156655426928734
svgworld_pil,dinov2_b14|rand|western,pooled,1,12,0.030770487004233016
svgworld_pil,dinov2_b14|rand|western,pooled,1,16,0.0398245527556933
svgworld_pil,dinov2_b14|rand|western,pooled,1,20,0.03510686731883306
svgworld_pil,dinov2_b14|rand|western,pooled,1,24,0.03596879366099359
svgworld_pil,dinov2_b14|rand|western,pooled,1,32,0.03776328436827259
svgworld_pil,dinov2_b14|rand|western,pooled,1,48,0.033121946485947795
svgworld_pil,dinov2_b14|rand|western,pooled,1,64,0.031245151852000608
svgworld_pil,dinov2_b14|rand|western,pooled,1,96,0.02688032570345289
svgworld_pil,dinov2_b14|rand|western,pooled,1,128,0.02352370858252084
svgworld_pil,dinov2_b14|rand|western,pooled,1,192,0.020542514888791996
svgworld_pil,dinov2_b14|rand|western,pooled,1,256,0.018012630833204257
svgworld_pil,dinov2_b14|rand|western,pooled,1,384,0.014139623411238533
svgworld_pil,dinov2_b14|rand|western,pooled,1,512,0.011421227858911975
svgworld_pil,dinov2_b14|rand|western,pooled,1,767,0.00788978315478206
svgworld_pil,dinov2_b14|rand|western,pooled,2,1,-0.0011243900111932437
svgworld_pil,dinov2_b14|rand|western,pooled,2,2,0.002942377071962987
svgworld_pil,dinov2_b14|rand|western,pooled,2,4,0.045973041908407675
svgworld_pil,dinov2_b14|rand|western,pooled,2,8,0.031503805397918305
svgworld_pil,dinov2_b14|rand|western,pooled,2,12,0.030833563416032495
svgworld_pil,dinov2_b14|rand|western,pooled,2,16,0.036310351459173607
svgworld_pil,dinov2_b14|rand|western,pooled,2,20,0.033036076674449744
svgworld_pil,dinov2_b14|rand|western,pooled,2,24,0.035140265488056044
svgworld_pil,dinov2_b14|rand|western,pooled,2,32,0.0361286114509658
svgworld_pil,dinov2_b14|rand|western,pooled,2,48,0.031426442466560345
svgworld_pil,dinov2_b14|rand|western,pooled,2,64,0.029774426532656273
svgworld_pil,dinov2_b14|rand|western,pooled,2,96,0.026125606555457703
svgworld_pil,dinov2_b14|rand|western,pooled,2,128,0.023240996536330716
svgworld_pil,dinov2_b14|rand|western,pooled,2,192,0.020394857728315063
svgworld_pil,dinov2_b14|rand|western,pooled,2,256,0.018068365121699403
svgworld_pil,dinov2_b14|rand|western,pooled,2,384,0.01415524229563725
svgworld_pil,dinov2_b14|rand|western,pooled,2,512,0.011491195016505085
svgworld_pil,dinov2_b14|rand|western,pooled,2,767,0.007881237418212339
svgworld_pil,dinov2_b14|rand|western,pooled,3,1,0.0022497350129473404
svgworld_pil,dinov2_b14|rand|western,pooled,3,2,0.0026566604274178562
svgworld_pil,dinov2_b14|rand|western,pooled,3,4,0.04480303642801209
svgworld_pil,dinov2_b14|rand|western,pooled,3,8,0.03028811182453528
svgworld_pil,dinov2_b14|rand|western,pooled,3,12,0.030220387398055437
svgworld_pil,dinov2_b14|rand|western,pooled,3,16,0.0346231591663827
svgworld_pil,dinov2_b14|rand|western,pooled,3,20,0.033178454251036604
svgworld_pil,dinov2_b14|rand|western,pooled,3,24,0.03453449209649673
svgworld_pil,dinov2_b14|rand|western,pooled,3,32,0.03627601184697038
svgworld_pil,dinov2_b14|rand|western,pooled,3,48,0.032993257834813994
svgworld_pil,dinov2_b14|rand|western,pooled,3,64,0.030865027313498716
svgworld_pil,dinov2_b14|rand|western,pooled,3,96,0.026775649804961832
svgworld_pil,dinov2_b14|rand|western,pooled,3,128,0.023693282940801974
svgworld_pil,dinov2_b14|rand|western,pooled,3,192,0.020658244022764838
svgworld_pil,dinov2_b14|rand|western,pooled,3,256,0.01818969068024101
svgworld_pil,dinov2_b14|rand|western,pooled,3,384,0.01430355764983593
svgworld_pil,dinov2_b14|rand|western,pooled,3,512,0.011607335963596754
svgworld_pil,dinov2_b14|rand|western,pooled,3,767,0.007947363262181262
svgworld_pil,dinov2_b14|rand|western,pooled,4,1,0.005657211867128087
svgworld_pil,dinov2_b14|rand|western,pooled,4,2,0.00470915231476432
svgworld_pil,dinov2_b14|rand|western,pooled,4,4,0.04403757076559167
svgworld_pil,dinov2_b14|rand|western,pooled,4,8,0.0331524108665765
svgworld_pil,dinov2_b14|rand|western,pooled,4,12,0.031065191533377834
svgworld_pil,dinov2_b14|rand|western,pooled,4,16,0.036686700149457074
svgworld_pil,dinov2_b14|rand|western,pooled,4,20,0.03460345154028954
svgworld_pil,dinov2_b14|rand|western,pooled,4,24,0.03607804533487724
svgworld_pil,dinov2_b14|rand|western,pooled,4,32,0.03636025898190265
svgworld_pil,dinov2_b14|rand|western,pooled,4,48,0.03353421645559962
svgworld_pil,dinov2_b14|rand|western,pooled,4,64,0.030914129759683773
svgworld_pil,dinov2_b14|rand|western,pooled,4,96,0.026351264320255585
svgworld_pil,dinov2_b14|rand|western,pooled,4,128,0.023625872384103297
svgworld_pil,dinov2_b14|rand|western,pooled,4,192,0.021169457740276232
svgworld_pil,dinov2_b14|rand|western,pooled,4,256,0.018410418603324707
svgworld_pil,dinov2_b14|rand|western,pooled,4,384,0.01425878601135655
svgworld_pil,dinov2_b14|rand|western,pooled,4,512,0.01142385030049009
svgworld_pil,dinov2_b14|rand|western,pooled,4,767,0.007791595151974473
svgworld_pil,dinov3_b16|pre|island,patches_mean,0,1,0.5026380415617444
svgworld_pil,dinov3_b16|pre|island,patches_mean,0,2,0.4923373147151353
svgworld_pil,dinov3_b16|pre|island,patches_mean,0,4,0.427289442113456
svgworld_pil,dinov3_b16|pre|island,patches_mean,0,8,0.3203200663123924
svgworld_pil,dinov3_b16|pre|island,patches_mean,0,12,0.2845441263122781
svgworld_pil,dinov3_b16|pre|island,patches_mean,0,16,0.2912762784353935
svgworld_pil,dinov3_b16|pre|island,patches_mean,0,20,0.27641359853439496
svgworld_pil,dinov3_b16|pre|island,patches_mean,0,24,0.24500750523910908
svgworld_pil,dinov3_b16|pre|island,patches_mean,0,32,0.21455099831709468
svgworld_pil,dinov3_b16|pre|island,patches_mean,0,48,0.1741361119866094
svgworld_pil,dinov3_b16|pre|island,patches_mean,0,64,0.13858169330192172
svgworld_pil,dinov3_b16|pre|island,patches_mean,0,96,0.09936024877183047
svgworld_pil,dinov3_b16|pre|island,patches_mean,0,128,0.07717339928507116
svgworld_pil,dinov3_b16|pre|island,patches_mean,0,192,0.05292533247677178
svgworld_pil,dinov3_b16|pre|island,patches_mean,0,256,0.03999683622990169
svgworld_pil,dinov3_b16|pre|island,patches_mean,0,384,0.026471654756636043
svgworld_pil,dinov3_b16|pre|island,patches_mean,0,512,0.019346748133449165
svgworld_pil,dinov3_b16|pre|island,patches_mean,0,767,0.011950913095579718
svgworld_pil,dinov3_b16|pre|island,patches_mean,1,1,0.5121981554948907
svgworld_pil,dinov3_b16|pre|island,patches_mean,1,2,0.4854525056702822
svgworld_pil,dinov3_b16|pre|island,patches_mean,1,4,0.4248366926086573
svgworld_pil,dinov3_b16|pre|island,patches_mean,1,8,0.3198358279302358
svgworld_pil,dinov3_b16|pre|island,patches_mean,1,12,0.2838522300136642
svgworld_pil,dinov3_b16|pre|island,patches_mean,1,16,0.2930847211284012
svgworld_pil,dinov3_b16|pre|island,patches_mean,1,20,0.2717285496710784
svgworld_pil,dinov3_b16|pre|island,patches_mean,1,24,0.24374492724755437
svgworld_pil,dinov3_b16|pre|island,patches_mean,1,32,0.21793325313445522
svgworld_pil,dinov3_b16|pre|island,patches_mean,1,48,0.17472438049863592
svgworld_pil,dinov3_b16|pre|island,patches_mean,1,64,0.139090529703635
svgworld_pil,dinov3_b16|pre|island,patches_mean,1,96,0.09987526341178299
svgworld_pil,dinov3_b16|pre|island,patches_mean,1,128,0.07732232415514495
svgworld_pil,dinov3_b16|pre|island,patches_mean,1,192,0.05291590215717401
svgworld_pil,dinov3_b16|pre|island,patches_mean,1,256,0.04010534257982801
svgworld_pil,dinov3_b16|pre|island,patches_mean,1,384,0.026644697952974417
svgworld_pil,dinov3_b16|pre|island,patches_mean,1,512,0.01943202224782381
svgworld_pil,dinov3_b16|pre|island,patches_mean,1,767,0.012033397791520462
svgworld_pil,dinov3_b16|pre|island,patches_mean,2,1,0.5061490222853564
svgworld_pil,dinov3_b16|pre|island,patches_mean,2,2,0.495356053829596
svgworld_pil,dinov3_b16|pre|island,patches_mean,2,4,0.4336950093442479
svgworld_pil,dinov3_b16|pre|island,patches_mean,2,8,0.31988417544357706
svgworld_pil,dinov3_b16|pre|island,patches_mean,2,12,0.2818921835658734
svgworld_pil,dinov3_b16|pre|island,patches_mean,2,16,0.286666706161782
svgworld_pil,dinov3_b16|pre|island,patches_mean,2,20,0.2771668536326972
svgworld_pil,dinov3_b16|pre|island,patches_mean,2,24,0.245039232532273
svgworld_pil,dinov3_b16|pre|island,patches_mean,2,32,0.21264835821707706
svgworld_pil,dinov3_b16|pre|island,patches_mean,2,48,0.17454865092483474
svgworld_pil,dinov3_b16|pre|island,patches_mean,2,64,0.13911602509676613
svgworld_pil,dinov3_b16|pre|island,patches_mean,2,96,0.09924263475072237
svgworld_pil,dinov3_b16|pre|island,patches_mean,2,128,0.07693492299194582
svgworld_pil,dinov3_b16|pre|island,patches_mean,2,192,0.053087224978896175
svgworld_pil,dinov3_b16|pre|island,patches_mean,2,256,0.040145061106211855
svgworld_pil,dinov3_b16|pre|island,patches_mean,2,384,0.026524591987130752
svgworld_pil,dinov3_b16|pre|island,patches_mean,2,512,0.01945465280032077
svgworld_pil,dinov3_b16|pre|island,patches_mean,2,767,0.012010028614124146
svgworld_pil,dinov3_b16|pre|island,patches_mean,3,1,0.5271188112021299
svgworld_pil,dinov3_b16|pre|island,patches_mean,3,2,0.4892131411154157
svgworld_pil,dinov3_b16|pre|island,patches_mean,3,4,0.4290658840438045
svgworld_pil,dinov3_b16|pre|island,patches_mean,3,8,0.3261644387384218
svgworld_pil,dinov3_b16|pre|island,patches_mean,3,12,0.285138163481227
svgworld_pil,dinov3_b16|pre|island,patches_mean,3,16,0.29265972919524674
svgworld_pil,dinov3_b16|pre|island,patches_mean,3,20,0.27369344542887664
svgworld_pil,dinov3_b16|pre|island,patches_mean,3,24,0.24513538108864596
svgworld_pil,dinov3_b16|pre|island,patches_mean,3,32,0.21698653637829324
svgworld_pil,dinov3_b16|pre|island,patches_mean,3,48,0.17587608541743804
svgworld_pil,dinov3_b16|pre|island,patches_mean,3,64,0.1384900884174426
svgworld_pil,dinov3_b16|pre|island,patches_mean,3,96,0.09984945755500607
svgworld_pil,dinov3_b16|pre|island,patches_mean,3,128,0.07750377549936172
svgworld_pil,dinov3_b16|pre|island,patches_mean,3,192,0.0532064628004133
svgworld_pil,dinov3_b16|pre|island,patches_mean,3,256,0.04035921112091756
svgworld_pil,dinov3_b16|pre|island,patches_mean,3,384,0.026669143495971492
svgworld_pil,dinov3_b16|pre|island,patches_mean,3,512,0.019490792762570597
svgworld_pil,dinov3_b16|pre|island,patches_mean,3,767,0.012059757591376563
svgworld_pil,dinov3_b16|pre|island,patches_mean,4,1,0.5164848220161309
svgworld_pil,dinov3_b16|pre|island,patches_mean,4,2,0.4930114241424268
svgworld_pil,dinov3_b16|pre|island,patches_mean,4,4,0.43252529749049107
svgworld_pil,dinov3_b16|pre|island,patches_mean,4,8,0.3185134755333868
svgworld_pil,dinov3_b16|pre|island,patches_mean,4,12,0.2822115563917641
svgworld_pil,dinov3_b16|pre|island,patches_mean,4,16,0.29239419731745264
svgworld_pil,dinov3_b16|pre|island,patches_mean,4,20,0.27507532900412646
svgworld_pil,dinov3_b16|pre|island,patches_mean,4,24,0.24698616722644318
svgworld_pil,dinov3_b16|pre|island,patches_mean,4,32,0.21393609990856566
svgworld_pil,dinov3_b16|pre|island,patches_mean,4,48,0.17591430234745142
svgworld_pil,dinov3_b16|pre|island,patches_mean,4,64,0.1395949714490735
svgworld_pil,dinov3_b16|pre|island,patches_mean,4,96,0.10054010844600147
svgworld_pil,dinov3_b16|pre|island,patches_mean,4,128,0.07807173187645333
svgworld_pil,dinov3_b16|pre|island,patches_mean,4,192,0.05387103052515341
svgworld_pil,dinov3_b16|pre|island,patches_mean,4,256,0.0407993671889898
svgworld_pil,dinov3_b16|pre|island,patches_mean,4,384,0.026972354565381274
svgworld_pil,dinov3_b16|pre|island,patches_mean,4,512,0.01970912443976469
svgworld_pil,dinov3_b16|pre|island,patches_mean,4,767,0.012146760424957215
svgworld_pil,dinov3_b16|pre|island,pooled,0,1,0.4025352157152695
svgworld_pil,dinov3_b16|pre|island,pooled,0,2,0.3328534743316921
svgworld_pil,dinov3_b16|pre|island,pooled,0,4,0.2620194001669427
svgworld_pil,dinov3_b16|pre|island,pooled,0,8,0.2774081604253721
svgworld_pil,dinov3_b16|pre|island,pooled,0,12,0.28867868035571576
svgworld_pil,dinov3_b16|pre|island,pooled,0,16,0.26954525484373715
svgworld_pil,dinov3_b16|pre|island,pooled,0,20,0.24623168438452103
svgworld_pil,dinov3_b16|pre|island,pooled,0,24,0.22594596944482193
svgworld_pil,dinov3_b16|pre|island,pooled,0,32,0.1965417551997335
svgworld_pil,dinov3_b16|pre|island,pooled,0,48,0.14828611079779297
svgworld_pil,dinov3_b16|pre|island,pooled,0,64,0.12354858184532935
svgworld_pil,dinov3_b16|pre|island,pooled,0,96,0.09191767953076468
svgworld_pil,dinov3_b16|pre|island,pooled,0,128,0.07215768661668642
svgworld_pil,dinov3_b16|pre|island,pooled,0,192,0.051045807769513285
svgworld_pil,dinov3_b16|pre|island,pooled,0,256,0.03898479207480121
svgworld_pil,dinov3_b16|pre|island,pooled,0,384,0.026040781624304565
svgworld_pil,dinov3_b16|pre|island,pooled,0,512,0.01917313109544494
svgworld_pil,dinov3_b16|pre|island,pooled,0,767,0.011726812540285292
svgworld_pil,dinov3_b16|pre|island,pooled,1,1,0.402469467760011
svgworld_pil,dinov3_b16|pre|island,pooled,1,2,0.32768416223282903
svgworld_pil,dinov3_b16|pre|island,pooled,1,4,0.26196137117958895
svgworld_pil,dinov3_b16|pre|island,pooled,1,8,0.2792119337865575
svgworld_pil,dinov3_b16|pre|island,pooled,1,12,0.28706317704577666
svgworld_pil,dinov3_b16|pre|island,pooled,1,16,0.2717080549751556
svgworld_pil,dinov3_b16|pre|island,pooled,1,20,0.24808463402336667
svgworld_pil,dinov3_b16|pre|island,pooled,1,24,0.22644288538290913
svgworld_pil,dinov3_b16|pre|island,pooled,1,32,0.19797307381838547
svgworld_pil,dinov3_b16|pre|island,pooled,1,48,0.15103503808127983
svgworld_pil,dinov3_b16|pre|island,pooled,1,64,0.12352251165662986
svgworld_pil,dinov3_b16|pre|island,pooled,1,96,0.09177339367472515
svgworld_pil,dinov3_b16|pre|island,pooled,1,128,0.07267941757734475
svgworld_pil,dinov3_b16|pre|island,pooled,1,192,0.050590933314513364
svgworld_pil,dinov3_b16|pre|island,pooled,1,256,0.038925718926610564
svgworld_pil,dinov3_b16|pre|island,pooled,1,384,0.025982553205009418
svgworld_pil,dinov3_b16|pre|island,pooled,1,512,0.01904860069256009
svgworld_pil,dinov3_b16|pre|island,pooled,1,767,0.011655079699592674
svgworld_pil,dinov3_b16|pre|island,pooled,2,1,0.4074200235259826
svgworld_pil,dinov3_b16|pre|island,pooled,2,2,0.32340009907983724
svgworld_pil,dinov3_b16|pre|island,pooled,2,4,0.26530658374418126
svgworld_pil,dinov3_b16|pre|island,pooled,2,8,0.2742828605951855
svgworld_pil,dinov3_b16|pre|island,pooled,2,12,0.28921000049954626
svgworld_pil,dinov3_b16|pre|island,pooled,2,16,0.2670981585312602
svgworld_pil,dinov3_b16|pre|island,pooled,2,20,0.24282103008911315
svgworld_pil,dinov3_b16|pre|island,pooled,2,24,0.22472041035406876
svgworld_pil,dinov3_b16|pre|island,pooled,2,32,0.1951802911477839
svgworld_pil,dinov3_b16|pre|island,pooled,2,48,0.14935368562353202
svgworld_pil,dinov3_b16|pre|island,pooled,2,64,0.12291553837778668
svgworld_pil,dinov3_b16|pre|island,pooled,2,96,0.09141655583580566
svgworld_pil,dinov3_b16|pre|island,pooled,2,128,0.07194541054914472
svgworld_pil,dinov3_b16|pre|island,pooled,2,192,0.05064460199921239
svgworld_pil,dinov3_b16|pre|island,pooled,2,256,0.03880162686270794
svgworld_pil,dinov3_b16|pre|island,pooled,2,384,0.02586463548975837
svgworld_pil,dinov3_b16|pre|island,pooled,2,512,0.018984786231943218
svgworld_pil,dinov3_b16|pre|island,pooled,2,767,0.011657570989060062
svgworld_pil,dinov3_b16|pre|island,pooled,3,1,0.38568021046276146
svgworld_pil,dinov3_b16|pre|island,pooled,3,2,0.3250167958982405
svgworld_pil,dinov3_b16|pre|island,pooled,3,4,0.2607882200116213
svgworld_pil,dinov3_b16|pre|island,pooled,3,8,0.27766339746116186
svgworld_pil,dinov3_b16|pre|island,pooled,3,12,0.29296659076558984
svgworld_pil,dinov3_b16|pre|island,pooled,3,16,0.26754392813840366
svgworld_pil,dinov3_b16|pre|island,pooled,3,20,0.24489279637331085
svgworld_pil,dinov3_b16|pre|island,pooled,3,24,0.22393232241309402
svgworld_pil,dinov3_b16|pre|island,pooled,3,32,0.19467502348092236
svgworld_pil,dinov3_b16|pre|island,pooled,3,48,0.149286552663064
svgworld_pil,dinov3_b16|pre|island,pooled,3,64,0.12357465633989972
svgworld_pil,dinov3_b16|pre|island,pooled,3,96,0.09206385178291965
svgworld_pil,dinov3_b16|pre|island,pooled,3,128,0.07244360449042508
svgworld_pil,dinov3_b16|pre|island,pooled,3,192,0.050836174477914664
svgworld_pil,dinov3_b16|pre|island,pooled,3,256,0.03899671530439097
svgworld_pil,dinov3_b16|pre|island,pooled,3,384,0.02611991675679648
svgworld_pil,dinov3_b16|pre|island,pooled,3,512,0.01913442641734009
svgworld_pil,dinov3_b16|pre|island,pooled,3,767,0.011715673430161555
svgworld_pil,dinov3_b16|pre|island,pooled,4,1,0.4059364249785622
svgworld_pil,dinov3_b16|pre|island,pooled,4,2,0.3247032280458638
svgworld_pil,dinov3_b16|pre|island,pooled,4,4,0.2633975485800947
svgworld_pil,dinov3_b16|pre|island,pooled,4,8,0.2809528577103717
svgworld_pil,dinov3_b16|pre|island,pooled,4,12,0.29396513756234244
svgworld_pil,dinov3_b16|pre|island,pooled,4,16,0.27179441110654057
svgworld_pil,dinov3_b16|pre|island,pooled,4,20,0.24549950047556512
svgworld_pil,dinov3_b16|pre|island,pooled,4,24,0.2242259982037068
svgworld_pil,dinov3_b16|pre|island,pooled,4,32,0.19499853078968543
svgworld_pil,dinov3_b16|pre|island,pooled,4,48,0.1491638890774556
svgworld_pil,dinov3_b16|pre|island,pooled,4,64,0.12398146609333882
svgworld_pil,dinov3_b16|pre|island,pooled,4,96,0.092491995274259
svgworld_pil,dinov3_b16|pre|island,pooled,4,128,0.07287274059357163
svgworld_pil,dinov3_b16|pre|island,pooled,4,192,0.05142585125395216
svgworld_pil,dinov3_b16|pre|island,pooled,4,256,0.03954210066614294
svgworld_pil,dinov3_b16|pre|island,pooled,4,384,0.026482333727541496
svgworld_pil,dinov3_b16|pre|island,pooled,4,512,0.01934426657059518
svgworld_pil,dinov3_b16|pre|island,pooled,4,767,0.011787392916083883
svgworld_pil,dinov3_b16|pre|western,patches_mean,0,1,0.761994725524558
svgworld_pil,dinov3_b16|pre|western,patches_mean,0,2,0.49247824232932547
svgworld_pil,dinov3_b16|pre|western,patches_mean,0,4,0.3812423130165029
svgworld_pil,dinov3_b16|pre|western,patches_mean,0,8,0.32927367042703903
svgworld_pil,dinov3_b16|pre|western,patches_mean,0,12,0.2725369451954145
svgworld_pil,dinov3_b16|pre|western,patches_mean,0,16,0.24112931536505988
svgworld_pil,dinov3_b16|pre|western,patches_mean,0,20,0.22688618280408146
svgworld_pil,dinov3_b16|pre|western,patches_mean,0,24,0.20672966854961738
svgworld_pil,dinov3_b16|pre|western,patches_mean,0,32,0.18649395201790164
svgworld_pil,dinov3_b16|pre|western,patches_mean,0,48,0.14988352162636176
svgworld_pil,dinov3_b16|pre|western,patches_mean,0,64,0.12352073307480949
svgworld_pil,dinov3_b16|pre|western,patches_mean,0,96,0.09033077153237279
svgworld_pil,dinov3_b16|pre|western,patches_mean,0,128,0.0714649949940892
svgworld_pil,dinov3_b16|pre|western,patches_mean,0,192,0.05022756983929233
svgworld_pil,dinov3_b16|pre|western,patches_mean,0,256,0.038438193921754626
svgworld_pil,dinov3_b16|pre|western,patches_mean,0,384,0.02562210861083747
svgworld_pil,dinov3_b16|pre|western,patches_mean,0,512,0.018801507410464158
svgworld_pil,dinov3_b16|pre|western,patches_mean,0,767,0.011716806461958051
svgworld_pil,dinov3_b16|pre|western,patches_mean,1,1,0.7720964287455083
svgworld_pil,dinov3_b16|pre|western,patches_mean,1,2,0.48114073398610313
svgworld_pil,dinov3_b16|pre|western,patches_mean,1,4,0.3829335779930303
svgworld_pil,dinov3_b16|pre|western,patches_mean,1,8,0.33370035118875163
svgworld_pil,dinov3_b16|pre|western,patches_mean,1,12,0.27939183135254664
svgworld_pil,dinov3_b16|pre|western,patches_mean,1,16,0.2426299403719152
svgworld_pil,dinov3_b16|pre|western,patches_mean,1,20,0.22755228338830624
svgworld_pil,dinov3_b16|pre|western,patches_mean,1,24,0.20862911626657032
svgworld_pil,dinov3_b16|pre|western,patches_mean,1,32,0.18688143991049277
svgworld_pil,dinov3_b16|pre|western,patches_mean,1,48,0.14910611571735055
svgworld_pil,dinov3_b16|pre|western,patches_mean,1,64,0.12234018946462966
svgworld_pil,dinov3_b16|pre|western,patches_mean,1,96,0.09078948390644448
svgworld_pil,dinov3_b16|pre|western,patches_mean,1,128,0.07191855462948216
svgworld_pil,dinov3_b16|pre|western,patches_mean,1,192,0.05013791740159257
svgworld_pil,dinov3_b16|pre|western,patches_mean,1,256,0.03834307068313281
svgworld_pil,dinov3_b16|pre|western,patches_mean,1,384,0.025589981955619567
svgworld_pil,dinov3_b16|pre|western,patches_mean,1,512,0.018793464072896948
svgworld_pil,dinov3_b16|pre|western,patches_mean,1,767,0.011700753208510273
svgworld_pil,dinov3_b16|pre|western,patches_mean,2,1,0.7668071726463974
svgworld_pil,dinov3_b16|pre|western,patches_mean,2,2,0.49347662945715876
svgworld_pil,dinov3_b16|pre|western,patches_mean,2,4,0.38675725419771545
svgworld_pil,dinov3_b16|pre|western,patches_mean,2,8,0.3345503875567599
svgworld_pil,dinov3_b16|pre|western,patches_mean,2,12,0.2765167358748003
svgworld_pil,dinov3_b16|pre|western,patches_mean,2,16,0.24339465247687675
svgworld_pil,dinov3_b16|pre|western,patches_mean,2,20,0.2305699779430881
svgworld_pil,dinov3_b16|pre|western,patches_mean,2,24,0.21078984748354535
svgworld_pil,dinov3_b16|pre|western,patches_mean,2,32,0.1879623427367828
svgworld_pil,dinov3_b16|pre|western,patches_mean,2,48,0.15039565146416545
svgworld_pil,dinov3_b16|pre|western,patches_mean,2,64,0.12405118179740715
svgworld_pil,dinov3_b16|pre|western,patches_mean,2,96,0.09091657972086276
svgworld_pil,dinov3_b16|pre|western,patches_mean,2,128,0.07214488948594089
svgworld_pil,dinov3_b16|pre|western,patches_mean,2,192,0.05055874384069592
svgworld_pil,dinov3_b16|pre|western,patches_mean,2,256,0.038577334140980746
svgworld_pil,dinov3_b16|pre|western,patches_mean,2,384,0.02573779320070335
svgworld_pil,dinov3_b16|pre|western,patches_mean,2,512,0.018902583750775137
svgworld_pil,dinov3_b16|pre|western,patches_mean,2,767,0.011732640951295559
svgworld_pil,dinov3_b16|pre|western,patches_mean,3,1,0.7643689802002791
svgworld_pil,dinov3_b16|pre|western,patches_mean,3,2,0.4840565595029491
svgworld_pil,dinov3_b16|pre|western,patches_mean,3,4,0.3836360304561022
svgworld_pil,dinov3_b16|pre|western,patches_mean,3,8,0.326160435438534
svgworld_pil,dinov3_b16|pre|western,patches_mean,3,12,0.27544779814507603
svgworld_pil,dinov3_b16|pre|western,patches_mean,3,16,0.2416865096475478
svgworld_pil,dinov3_b16|pre|western,patches_mean,3,20,0.22764697926749
svgworld_pil,dinov3_b16|pre|western,patches_mean,3,24,0.20898054507789876
svgworld_pil,dinov3_b16|pre|western,patches_mean,3,32,0.18747536056304848
svgworld_pil,dinov3_b16|pre|western,patches_mean,3,48,0.1483633709713854
svgworld_pil,dinov3_b16|pre|western,patches_mean,3,64,0.12316233825293699
svgworld_pil,dinov3_b16|pre|western,patches_mean,3,96,0.09025918478720052
svgworld_pil,dinov3_b16|pre|western,patches_mean,3,128,0.07186667141043901
svgworld_pil,dinov3_b16|pre|western,patches_mean,3,192,0.04993971801293828
svgworld_pil,dinov3_b16|pre|western,patches_mean,3,256,0.03817583481274023
svgworld_pil,dinov3_b16|pre|western,patches_mean,3,384,0.025589923571891382
svgworld_pil,dinov3_b16|pre|western,patches_mean,3,512,0.01883178543156916
svgworld_pil,dinov3_b16|pre|western,patches_mean,3,767,0.011647243866844126
svgworld_pil,dinov3_b16|pre|western,patches_mean,4,1,0.7598029338801011
svgworld_pil,dinov3_b16|pre|western,patches_mean,4,2,0.4849426972495313
svgworld_pil,dinov3_b16|pre|western,patches_mean,4,4,0.3822597404287691
svgworld_pil,dinov3_b16|pre|western,patches_mean,4,8,0.3287907185962369
svgworld_pil,dinov3_b16|pre|western,patches_mean,4,12,0.27669935061202044
svgworld_pil,dinov3_b16|pre|western,patches_mean,4,16,0.24653292544418004
svgworld_pil,dinov3_b16|pre|western,patches_mean,4,20,0.22998458697754565
svgworld_pil,dinov3_b16|pre|western,patches_mean,4,24,0.20983404409531858
svgworld_pil,dinov3_b16|pre|western,patches_mean,4,32,0.18811438595423013
svgworld_pil,dinov3_b16|pre|western,patches_mean,4,48,0.14844697872598922
svgworld_pil,dinov3_b16|pre|western,patches_mean,4,64,0.1230870854599816
svgworld_pil,dinov3_b16|pre|western,patches_mean,4,96,0.09025576083734277
svgworld_pil,dinov3_b16|pre|western,patches_mean,4,128,0.0714766970207924
svgworld_pil,dinov3_b16|pre|western,patches_mean,4,192,0.050169191998216345
svgworld_pil,dinov3_b16|pre|western,patches_mean,4,256,0.03835237475843667
svgworld_pil,dinov3_b16|pre|western,patches_mean,4,384,0.025563975326738708
svgworld_pil,dinov3_b16|pre|western,patches_mean,4,512,0.01873110254042465
svgworld_pil,dinov3_b16|pre|western,patches_mean,4,767,0.011674014946225775
svgworld_pil,dinov3_b16|pre|western,pooled,0,1,0.19301537122174595
svgworld_pil,dinov3_b16|pre|western,pooled,0,2,0.157656075020721
svgworld_pil,dinov3_b16|pre|western,pooled,0,4,0.2658525053905728
svgworld_pil,dinov3_b16|pre|western,pooled,0,8,0.23346964469999099
svgworld_pil,dinov3_b16|pre|western,pooled,0,12,0.22678014436638816
svgworld_pil,dinov3_b16|pre|western,pooled,0,16,0.1969162899875433
svgworld_pil,dinov3_b16|pre|western,pooled,0,20,0.19400751845925268
svgworld_pil,dinov3_b16|pre|western,pooled,0,24,0.18439221262247096
svgworld_pil,dinov3_b16|pre|western,pooled,0,32,0.16832989484638128
svgworld_pil,dinov3_b16|pre|western,pooled,0,48,0.13443138425296897
svgworld_pil,dinov3_b16|pre|western,pooled,0,64,0.11435773759756107
svgworld_pil,dinov3_b16|pre|western,pooled,0,96,0.08574800155659679
svgworld_pil,dinov3_b16|pre|western,pooled,0,128,0.06896055494502007
svgworld_pil,dinov3_b16|pre|western,pooled,0,192,0.049029163729709224
svgworld_pil,dinov3_b16|pre|western,pooled,0,256,0.037672484300706466
svgworld_pil,dinov3_b16|pre|western,pooled,0,384,0.025336468583523564
svgworld_pil,dinov3_b16|pre|western,pooled,0,512,0.01867405868499772
svgworld_pil,dinov3_b16|pre|western,pooled,0,767,0.01148584485628823
svgworld_pil,dinov3_b16|pre|western,pooled,1,1,0.19365041401690486
svgworld_pil,dinov3_b16|pre|western,pooled,1,2,0.1714180826932743
svgworld_pil,dinov3_b16|pre|western,pooled,1,4,0.2748544644250087
svgworld_pil,dinov3_b16|pre|western,pooled,1,8,0.243316331576499
svgworld_pil,dinov3_b16|pre|western,pooled,1,12,0.23002959247353894
svgworld_pil,dinov3_b16|pre|western,pooled,1,16,0.20289943730052695
svgworld_pil,dinov3_b16|pre|western,pooled,1,20,0.1934225168679945
svgworld_pil,dinov3_b16|pre|western,pooled,1,24,0.18334791381563464
svgworld_pil,dinov3_b16|pre|western,pooled,1,32,0.16746394446238366
svgworld_pil,dinov3_b16|pre|western,pooled,1,48,0.13453623756163435
svgworld_pil,dinov3_b16|pre|western,pooled,1,64,0.11403721007657663
svgworld_pil,dinov3_b16|pre|western,pooled,1,96,0.08574084912589897
svgworld_pil,dinov3_b16|pre|western,pooled,1,128,0.06878122238370443
svgworld_pil,dinov3_b16|pre|western,pooled,1,192,0.04871993234248562
svgworld_pil,dinov3_b16|pre|western,pooled,1,256,0.037624288125281735
svgworld_pil,dinov3_b16|pre|western,pooled,1,384,0.02524029989370624
svgworld_pil,dinov3_b16|pre|western,pooled,1,512,0.018554770357652073
svgworld_pil,dinov3_b16|pre|western,pooled,1,767,0.011323484934945838
svgworld_pil,dinov3_b16|pre|western,pooled,2,1,0.19102890707712095
svgworld_pil,dinov3_b16|pre|western,pooled,2,2,0.1620063611554966
svgworld_pil,dinov3_b16|pre|western,pooled,2,4,0.2762083748242876
svgworld_pil,dinov3_b16|pre|western,pooled,2,8,0.23958213372855686
svgworld_pil,dinov3_b16|pre|western,pooled,2,12,0.22607650100708943
svgworld_pil,dinov3_b16|pre|western,pooled,2,16,0.19890692139454436
svgworld_pil,dinov3_b16|pre|western,pooled,2,20,0.19045650821000648
svgworld_pil,dinov3_b16|pre|western,pooled,2,24,0.18623254339648065
svgworld_pil,dinov3_b16|pre|western,pooled,2,32,0.16877779666415027
svgworld_pil,dinov3_b16|pre|western,pooled,2,48,0.13764095444517288
svgworld_pil,dinov3_b16|pre|western,pooled,2,64,0.11478488228724337
svgworld_pil,dinov3_b16|pre|western,pooled,2,96,0.08674271621789986
svgworld_pil,dinov3_b16|pre|western,pooled,2,128,0.06961047641962725
svgworld_pil,dinov3_b16|pre|western,pooled,2,192,0.04935601315820559
svgworld_pil,dinov3_b16|pre|western,pooled,2,256,0.03796433079286843
svgworld_pil,dinov3_b16|pre|western,pooled,2,384,0.025450871507856965
svgworld_pil,dinov3_b16|pre|western,pooled,2,512,0.01875839761666287
svgworld_pil,dinov3_b16|pre|western,pooled,2,767,0.01150211353164754
svgworld_pil,dinov3_b16|pre|western,pooled,3,1,0.19037265670310266
svgworld_pil,dinov3_b16|pre|western,pooled,3,2,0.1618983236788537
svgworld_pil,dinov3_b16|pre|western,pooled,3,4,0.2688249953992169
svgworld_pil,dinov3_b16|pre|western,pooled,3,8,0.23537905922771418
svgworld_pil,dinov3_b16|pre|western,pooled,3,12,0.2275687067512
svgworld_pil,dinov3_b16|pre|western,pooled,3,16,0.196981652192182
svgworld_pil,dinov3_b16|pre|western,pooled,3,20,0.19136525847125785
svgworld_pil,dinov3_b16|pre|western,pooled,3,24,0.1811335747536168
svgworld_pil,dinov3_b16|pre|western,pooled,3,32,0.16479784756070726
svgworld_pil,dinov3_b16|pre|western,pooled,3,48,0.13435695061247788
svgworld_pil,dinov3_b16|pre|western,pooled,3,64,0.11341241178911798
svgworld_pil,dinov3_b16|pre|western,pooled,3,96,0.08540560256580398
svgworld_pil,dinov3_b16|pre|western,pooled,3,128,0.06879822285042148
svgworld_pil,dinov3_b16|pre|western,pooled,3,192,0.0486228546145977
svgworld_pil,dinov3_b16|pre|western,pooled,3,256,0.037279123929620184
svgworld_pil,dinov3_b16|pre|western,pooled,3,384,0.02518235745494335
svgworld_pil,dinov3_b16|pre|western,pooled,3,512,0.018571446096192434
svgworld_pil,dinov3_b16|pre|western,pooled,3,767,0.011428043983307212
svgworld_pil,dinov3_b16|pre|western,pooled,4,1,0.18395250854338763
svgworld_pil,dinov3_b16|pre|western,pooled,4,2,0.16041926799780548
svgworld_pil,dinov3_b16|pre|western,pooled,4,4,0.27166058069449517
svgworld_pil,dinov3_b16|pre|western,pooled,4,8,0.24005532863968226
svgworld_pil,dinov3_b16|pre|western,pooled,4,12,0.22929114366816583
svgworld_pil,dinov3_b16|pre|western,pooled,4,16,0.20008962198456048
svgworld_pil,dinov3_b16|pre|western,pooled,4,20,0.19482879810830755
svgworld_pil,dinov3_b16|pre|western,pooled,4,24,0.18871081689681035
svgworld_pil,dinov3_b16|pre|western,pooled,4,32,0.1696644780044413
svgworld_pil,dinov3_b16|pre|western,pooled,4,48,0.13617061911522876
svgworld_pil,dinov3_b16|pre|western,pooled,4,64,0.11412721824928762
svgworld_pil,dinov3_b16|pre|western,pooled,4,96,0.08550776139181004
svgworld_pil,dinov3_b16|pre|western,pooled,4,128,0.0691398455849398
svgworld_pil,dinov3_b16|pre|western,pooled,4,192,0.04907892345794207
svgworld_pil,dinov3_b16|pre|western,pooled,4,256,0.03765332416879097
svgworld_pil,dinov3_b16|pre|western,pooled,4,384,0.025249812007275385
svgworld_pil,dinov3_b16|pre|western,pooled,4,512,0.01860195707734158
svgworld_pil,dinov3_b16|pre|western,pooled,4,767,0.01146121283384538
svgworld_pil,dinov3_b16|rand|island,patches_mean,0,1,0.033662109449310695
svgworld_pil,dinov3_b16|rand|island,patches_mean,0,2,0.02239486501047694
svgworld_pil,dinov3_b16|rand|island,patches_mean,0,4,0.03891076608100452
svgworld_pil,dinov3_b16|rand|island,patches_mean,0,8,0.034854728396434775
svgworld_pil,dinov3_b16|rand|island,patches_mean,0,12,0.03024613432643808
svgworld_pil,dinov3_b16|rand|island,patches_mean,0,16,0.02845797280658746
svgworld_pil,dinov3_b16|rand|island,patches_mean,0,20,0.03159874948342056
svgworld_pil,dinov3_b16|rand|island,patches_mean,0,24,0.02783345994990627
svgworld_pil,dinov3_b16|rand|island,patches_mean,0,32,0.03699610117671592
svgworld_pil,dinov3_b16|rand|island,patches_mean,0,48,0.031312168812012375
svgworld_pil,dinov3_b16|rand|island,patches_mean,0,64,0.028746731903250056
svgworld_pil,dinov3_b16|rand|island,patches_mean,0,96,0.02475164853085643
svgworld_pil,dinov3_b16|rand|island,patches_mean,0,128,0.022446797203982127
svgworld_pil,dinov3_b16|rand|island,patches_mean,0,192,0.01881106801307142
svgworld_pil,dinov3_b16|rand|island,patches_mean,0,256,0.01698156163336295
svgworld_pil,dinov3_b16|rand|island,patches_mean,0,384,0.013337183104997097
svgworld_pil,dinov3_b16|rand|island,patches_mean,0,512,0.010931246388840354
svgworld_pil,dinov3_b16|rand|island,patches_mean,0,767,0.007307386242967784
svgworld_pil,dinov3_b16|rand|island,patches_mean,1,1,0.02691620742321499
svgworld_pil,dinov3_b16|rand|island,patches_mean,1,2,0.02019263015256123
svgworld_pil,dinov3_b16|rand|island,patches_mean,1,4,0.03361640867489479
svgworld_pil,dinov3_b16|rand|island,patches_mean,1,8,0.03376608747293641
svgworld_pil,dinov3_b16|rand|island,patches_mean,1,12,0.031664681149050744
svgworld_pil,dinov3_b16|rand|island,patches_mean,1,16,0.029388111634027325
svgworld_pil,dinov3_b16|rand|island,patches_mean,1,20,0.03287755620153787
svgworld_pil,dinov3_b16|rand|island,patches_mean,1,24,0.03072211715633999
svgworld_pil,dinov3_b16|rand|island,patches_mean,1,32,0.037688757143631624
svgworld_pil,dinov3_b16|rand|island,patches_mean,1,48,0.03206346060619525
svgworld_pil,dinov3_b16|rand|island,patches_mean,1,64,0.028591104960876468
svgworld_pil,dinov3_b16|rand|island,patches_mean,1,96,0.02488011409598767
svgworld_pil,dinov3_b16|rand|island,patches_mean,1,128,0.02249991003589502
svgworld_pil,dinov3_b16|rand|island,patches_mean,1,192,0.018573224324198057
svgworld_pil,dinov3_b16|rand|island,patches_mean,1,256,0.016815135828520567
svgworld_pil,dinov3_b16|rand|island,patches_mean,1,384,0.013298433246578756
svgworld_pil,dinov3_b16|rand|island,patches_mean,1,512,0.010848496303097699
svgworld_pil,dinov3_b16|rand|island,patches_mean,1,767,0.007287422003454114
svgworld_pil,dinov3_b16|rand|island,patches_mean,2,1,0.031454492628055
svgworld_pil,dinov3_b16|rand|island,patches_mean,2,2,0.02251414126371143
svgworld_pil,dinov3_b16|rand|island,patches_mean,2,4,0.03530401843567943
svgworld_pil,dinov3_b16|rand|island,patches_mean,2,8,0.032905234154405494
svgworld_pil,dinov3_b16|rand|island,patches_mean,2,12,0.028214867044952796
svgworld_pil,dinov3_b16|rand|island,patches_mean,2,16,0.025485468348777518
svgworld_pil,dinov3_b16|rand|island,patches_mean,2,20,0.029066214266190382
svgworld_pil,dinov3_b16|rand|island,patches_mean,2,24,0.02622881268984889
svgworld_pil,dinov3_b16|rand|island,patches_mean,2,32,0.03412661462433253
svgworld_pil,dinov3_b16|rand|island,patches_mean,2,48,0.030588074506347707
svgworld_pil,dinov3_b16|rand|island,patches_mean,2,64,0.027170539419472117
svgworld_pil,dinov3_b16|rand|island,patches_mean,2,96,0.024475083055420455
svgworld_pil,dinov3_b16|rand|island,patches_mean,2,128,0.022298021313455374
svgworld_pil,dinov3_b16|rand|island,patches_mean,2,192,0.01899114068262575
svgworld_pil,dinov3_b16|rand|island,patches_mean,2,256,0.01708719636235745
svgworld_pil,dinov3_b16|rand|island,patches_mean,2,384,0.013468066012194968
svgworld_pil,dinov3_b16|rand|island,patches_mean,2,512,0.010967953698728272
svgworld_pil,dinov3_b16|rand|island,patches_mean,2,767,0.007340113271899984
svgworld_pil,dinov3_b16|rand|island,patches_mean,3,1,0.022639193067333196
svgworld_pil,dinov3_b16|rand|island,patches_mean,3,2,0.015799216489385315
svgworld_pil,dinov3_b16|rand|island,patches_mean,3,4,0.031681079466781115
svgworld_pil,dinov3_b16|rand|island,patches_mean,3,8,0.031369497311095174
svgworld_pil,dinov3_b16|rand|island,patches_mean,3,12,0.029747249837730583
svgworld_pil,dinov3_b16|rand|island,patches_mean,3,16,0.028153893002558217
svgworld_pil,dinov3_b16|rand|island,patches_mean,3,20,0.029389593416978887
svgworld_pil,dinov3_b16|rand|island,patches_mean,3,24,0.026630930007852327
svgworld_pil,dinov3_b16|rand|island,patches_mean,3,32,0.03622071154571238
svgworld_pil,dinov3_b16|rand|island,patches_mean,3,48,0.0304275118887688
svgworld_pil,dinov3_b16|rand|island,patches_mean,3,64,0.02759672363537402
svgworld_pil,dinov3_b16|rand|island,patches_mean,3,96,0.02417163618852003
svgworld_pil,dinov3_b16|rand|island,patches_mean,3,128,0.02200421944447606
svgworld_pil,dinov3_b16|rand|island,patches_mean,3,192,0.01909567219885311
svgworld_pil,dinov3_b16|rand|island,patches_mean,3,256,0.017003152676244637
svgworld_pil,dinov3_b16|rand|island,patches_mean,3,384,0.013278808331332326
svgworld_pil,dinov3_b16|rand|island,patches_mean,3,512,0.010772890448301209
svgworld_pil,dinov3_b16|rand|island,patches_mean,3,767,0.007322648525801334
svgworld_pil,dinov3_b16|rand|island,patches_mean,4,1,0.03242312238759204
svgworld_pil,dinov3_b16|rand|island,patches_mean,4,2,0.020953092467066003
svgworld_pil,dinov3_b16|rand|island,patches_mean,4,4,0.034699210121072244
svgworld_pil,dinov3_b16|rand|island,patches_mean,4,8,0.03526568176645428
svgworld_pil,dinov3_b16|rand|island,patches_mean,4,12,0.031169525774235263
svgworld_pil,dinov3_b16|rand|island,patches_mean,4,16,0.02776536524988482
svgworld_pil,dinov3_b16|rand|island,patches_mean,4,20,0.031183458334458458
svgworld_pil,dinov3_b16|rand|island,patches_mean,4,24,0.030756537623816138
svgworld_pil,dinov3_b16|rand|island,patches_mean,4,32,0.038572372272795086
svgworld_pil,dinov3_b16|rand|island,patches_mean,4,48,0.03181976083415772
svgworld_pil,dinov3_b16|rand|island,patches_mean,4,64,0.02837466527883059
svgworld_pil,dinov3_b16|rand|island,patches_mean,4,96,0.025107209277787645
svgworld_pil,dinov3_b16|rand|island,patches_mean,4,128,0.022766201301057887
svgworld_pil,dinov3_b16|rand|island,patches_mean,4,192,0.01925974861009494
svgworld_pil,dinov3_b16|rand|island,patches_mean,4,256,0.017441225398689197
svgworld_pil,dinov3_b16|rand|island,patches_mean,4,384,0.013691777424895912
svgworld_pil,dinov3_b16|rand|island,patches_mean,4,512,0.011114302785810382
svgworld_pil,dinov3_b16|rand|island,patches_mean,4,767,0.007456489490826668
svgworld_pil,dinov3_b16|rand|island,pooled,0,1,0.03228717049201568
svgworld_pil,dinov3_b16|rand|island,pooled,0,2,0.0202549183108115
svgworld_pil,dinov3_b16|rand|island,pooled,0,4,0.03284393826214882
svgworld_pil,dinov3_b16|rand|island,pooled,0,8,0.029497886305575816
svgworld_pil,dinov3_b16|rand|island,pooled,0,12,0.032128084920240774
svgworld_pil,dinov3_b16|rand|island,pooled,0,16,0.02952992475058369
svgworld_pil,dinov3_b16|rand|island,pooled,0,20,0.027556915643250135
svgworld_pil,dinov3_b16|rand|island,pooled,0,24,0.031793821944897105
svgworld_pil,dinov3_b16|rand|island,pooled,0,32,0.029281286631566483
svgworld_pil,dinov3_b16|rand|island,pooled,0,48,0.028201683255856147
svgworld_pil,dinov3_b16|rand|island,pooled,0,64,0.026510685153110725
svgworld_pil,dinov3_b16|rand|island,pooled,0,96,0.023229034363626888
svgworld_pil,dinov3_b16|rand|island,pooled,0,128,0.020910596643059387
svgworld_pil,dinov3_b16|rand|island,pooled,0,192,0.01838092825936133
svgworld_pil,dinov3_b16|rand|island,pooled,0,256,0.0164334830565247
svgworld_pil,dinov3_b16|rand|island,pooled,0,384,0.013457381485630027
svgworld_pil,dinov3_b16|rand|island,pooled,0,512,0.011356237433384209
svgworld_pil,dinov3_b16|rand|island,pooled,0,767,0.007957803653823037
svgworld_pil,dinov3_b16|rand|island,pooled,1,1,0.025688347778772824
svgworld_pil,dinov3_b16|rand|island,pooled,1,2,0.018552122963525597
svgworld_pil,dinov3_b16|rand|island,pooled,1,4,0.03315252179298367
svgworld_pil,dinov3_b16|rand|island,pooled,1,8,0.025606326917763433
svgworld_pil,dinov3_b16|rand|island,pooled,1,12,0.03142716077761609
svgworld_pil,dinov3_b16|rand|island,pooled,1,16,0.030777804228261152
svgworld_pil,dinov3_b16|rand|island,pooled,1,20,0.029405454289393895
svgworld_pil,dinov3_b16|rand|island,pooled,1,24,0.030299181316491786
svgworld_pil,dinov3_b16|rand|island,pooled,1,32,0.0327844095088049
svgworld_pil,dinov3_b16|rand|island,pooled,1,48,0.02963498501547357
svgworld_pil,dinov3_b16|rand|island,pooled,1,64,0.027504025666492238
svgworld_pil,dinov3_b16|rand|island,pooled,1,96,0.023916113730963917
svgworld_pil,dinov3_b16|rand|island,pooled,1,128,0.021332256199673827
svgworld_pil,dinov3_b16|rand|island,pooled,1,192,0.018796867232950154
svgworld_pil,dinov3_b16|rand|island,pooled,1,256,0.016888925259641585
svgworld_pil,dinov3_b16|rand|island,pooled,1,384,0.013657306376475886
svgworld_pil,dinov3_b16|rand|island,pooled,1,512,0.011596620334153651
svgworld_pil,dinov3_b16|rand|island,pooled,1,767,0.008085937371103746
svgworld_pil,dinov3_b16|rand|island,pooled,2,1,0.03007625388257462
svgworld_pil,dinov3_b16|rand|island,pooled,2,2,0.021387513121315038
svgworld_pil,dinov3_b16|rand|island,pooled,2,4,0.03315353436692514
svgworld_pil,dinov3_b16|rand|island,pooled,2,8,0.02577613121155764
svgworld_pil,dinov3_b16|rand|island,pooled,2,12,0.030514391172321798
svgworld_pil,dinov3_b16|rand|island,pooled,2,16,0.027307068656953093
svgworld_pil,dinov3_b16|rand|island,pooled,2,20,0.025720596925649875
svgworld_pil,dinov3_b16|rand|island,pooled,2,24,0.028896981367770747
svgworld_pil,dinov3_b16|rand|island,pooled,2,32,0.03004204305926006
svgworld_pil,dinov3_b16|rand|island,pooled,2,48,0.02765761512485143
svgworld_pil,dinov3_b16|rand|island,pooled,2,64,0.02636529825392231
svgworld_pil,dinov3_b16|rand|island,pooled,2,96,0.024107426272799604
svgworld_pil,dinov3_b16|rand|island,pooled,2,128,0.021673138352969246
svgworld_pil,dinov3_b16|rand|island,pooled,2,192,0.01904102034096966
svgworld_pil,dinov3_b16|rand|island,pooled,2,256,0.016742132885241845
svgworld_pil,dinov3_b16|rand|island,pooled,2,384,0.01378250449215579
svgworld_pil,dinov3_b16|rand|island,pooled,2,512,0.011580492729585501
svgworld_pil,dinov3_b16|rand|island,pooled,2,767,0.008155330213538647
svgworld_pil,dinov3_b16|rand|island,pooled,3,1,0.022038722463628146
svgworld_pil,dinov3_b16|rand|island,pooled,3,2,0.01548056812080012
svgworld_pil,dinov3_b16|rand|island,pooled,3,4,0.028863904096582793
svgworld_pil,dinov3_b16|rand|island,pooled,3,8,0.024629588257835455
svgworld_pil,dinov3_b16|rand|island,pooled,3,12,0.027526844470601053
svgworld_pil,dinov3_b16|rand|island,pooled,3,16,0.02666342165004465
svgworld_pil,dinov3_b16|rand|island,pooled,3,20,0.025395444326493544
svgworld_pil,dinov3_b16|rand|island,pooled,3,24,0.0296972457261917
svgworld_pil,dinov3_b16|rand|island,pooled,3,32,0.02865025660310705
svgworld_pil,dinov3_b16|rand|island,pooled,3,48,0.027200635268962214
svgworld_pil,dinov3_b16|rand|island,pooled,3,64,0.02610842678293923
svgworld_pil,dinov3_b16|rand|island,pooled,3,96,0.02325462455598537
svgworld_pil,dinov3_b16|rand|island,pooled,3,128,0.020629079819608376
svgworld_pil,dinov3_b16|rand|island,pooled,3,192,0.018491626246564197
svgworld_pil,dinov3_b16|rand|island,pooled,3,256,0.016745737775267777
svgworld_pil,dinov3_b16|rand|island,pooled,3,384,0.01356706293973764
svgworld_pil,dinov3_b16|rand|island,pooled,3,512,0.011409858415333929
svgworld_pil,dinov3_b16|rand|island,pooled,3,767,0.008035515723949449
svgworld_pil,dinov3_b16|rand|island,pooled,4,1,0.03067551539190483
svgworld_pil,dinov3_b16|rand|island,pooled,4,2,0.019531879837691446
svgworld_pil,dinov3_b16|rand|island,pooled,4,4,0.032065760657127185
svgworld_pil,dinov3_b16|rand|island,pooled,4,8,0.02592862953103503
svgworld_pil,dinov3_b16|rand|island,pooled,4,12,0.03230621048482696
svgworld_pil,dinov3_b16|rand|island,pooled,4,16,0.02996566793516442
svgworld_pil,dinov3_b16|rand|island,pooled,4,20,0.027437400258747968
svgworld_pil,dinov3_b16|rand|island,pooled,4,24,0.026261845846412335
svgworld_pil,dinov3_b16|rand|island,pooled,4,32,0.031010419893897412
svgworld_pil,dinov3_b16|rand|island,pooled,4,48,0.029032131287557772
svgworld_pil,dinov3_b16|rand|island,pooled,4,64,0.026911903877390952
svgworld_pil,dinov3_b16|rand|island,pooled,4,96,0.024218847457705195
svgworld_pil,dinov3_b16|rand|island,pooled,4,128,0.02153613979469038
svgworld_pil,dinov3_b16|rand|island,pooled,4,192,0.01881516760465174
svgworld_pil,dinov3_b16|rand|island,pooled,4,256,0.01656699180309873
svgworld_pil,dinov3_b16|rand|island,pooled,4,384,0.013723851461295955
svgworld_pil,dinov3_b16|rand|island,pooled,4,512,0.011637236738380907
svgworld_pil,dinov3_b16|rand|island,pooled,4,767,0.008141422627345074
svgworld_pil,dinov3_b16|rand|western,patches_mean,0,1,0.03093346541531261
svgworld_pil,dinov3_b16|rand|western,patches_mean,0,2,0.018953614865216295
svgworld_pil,dinov3_b16|rand|western,patches_mean,0,4,0.028306658523686412
svgworld_pil,dinov3_b16|rand|western,patches_mean,0,8,0.01911403125439104
svgworld_pil,dinov3_b16|rand|western,patches_mean,0,12,0.018304314843242353
svgworld_pil,dinov3_b16|rand|western,patches_mean,0,16,0.01818646167166882
svgworld_pil,dinov3_b16|rand|western,patches_mean,0,20,0.017721704501451607
svgworld_pil,dinov3_b16|rand|western,patches_mean,0,24,0.019137947706422742
svgworld_pil,dinov3_b16|rand|western,patches_mean,0,32,0.024503184415900936
svgworld_pil,dinov3_b16|rand|western,patches_mean,0,48,0.02312106980390216
svgworld_pil,dinov3_b16|rand|western,patches_mean,0,64,0.023150528147051763
svgworld_pil,dinov3_b16|rand|western,patches_mean,0,96,0.020765522832479566
svgworld_pil,dinov3_b16|rand|western,patches_mean,0,128,0.01875619211491486
svgworld_pil,dinov3_b16|rand|western,patches_mean,0,192,0.016681258295090484
svgworld_pil,dinov3_b16|rand|western,patches_mean,0,256,0.015581773017934952
svgworld_pil,dinov3_b16|rand|western,patches_mean,0,384,0.012958094154266186
svgworld_pil,dinov3_b16|rand|western,patches_mean,0,512,0.010955057581746974
svgworld_pil,dinov3_b16|rand|western,patches_mean,0,767,0.007761016443351698
svgworld_pil,dinov3_b16|rand|western,patches_mean,1,1,0.02402696421969419
svgworld_pil,dinov3_b16|rand|western,patches_mean,1,2,0.017834296250536008
svgworld_pil,dinov3_b16|rand|western,patches_mean,1,4,0.02961326308525658
svgworld_pil,dinov3_b16|rand|western,patches_mean,1,8,0.02025875065920535
svgworld_pil,dinov3_b16|rand|western,patches_mean,1,12,0.019377379781243653
svgworld_pil,dinov3_b16|rand|western,patches_mean,1,16,0.018098829548395146
svgworld_pil,dinov3_b16|rand|western,patches_mean,1,20,0.01693909076165323
svgworld_pil,dinov3_b16|rand|western,patches_mean,1,24,0.018885847864216876
svgworld_pil,dinov3_b16|rand|western,patches_mean,1,32,0.024946075970837867
svgworld_pil,dinov3_b16|rand|western,patches_mean,1,48,0.02416137801731788
svgworld_pil,dinov3_b16|rand|western,patches_mean,1,64,0.024490171110470582
svgworld_pil,dinov3_b16|rand|western,patches_mean,1,96,0.020956342877305634
svgworld_pil,dinov3_b16|rand|western,patches_mean,1,128,0.019032075620854516
svgworld_pil,dinov3_b16|rand|western,patches_mean,1,192,0.016633762113300365
svgworld_pil,dinov3_b16|rand|western,patches_mean,1,256,0.015307857016230608
svgworld_pil,dinov3_b16|rand|western,patches_mean,1,384,0.012906918650427812
svgworld_pil,dinov3_b16|rand|western,patches_mean,1,512,0.010858569232082615
svgworld_pil,dinov3_b16|rand|western,patches_mean,1,767,0.007618447720300958
svgworld_pil,dinov3_b16|rand|western,patches_mean,2,1,0.024445757079514796
svgworld_pil,dinov3_b16|rand|western,patches_mean,2,2,0.018275855057098722
svgworld_pil,dinov3_b16|rand|western,patches_mean,2,4,0.028296535561739056
svgworld_pil,dinov3_b16|rand|western,patches_mean,2,8,0.017387603746927938
svgworld_pil,dinov3_b16|rand|western,patches_mean,2,12,0.01666277306715136
svgworld_pil,dinov3_b16|rand|western,patches_mean,2,16,0.016410067453392907
svgworld_pil,dinov3_b16|rand|western,patches_mean,2,20,0.016249529104605753
svgworld_pil,dinov3_b16|rand|western,patches_mean,2,24,0.01806103140080184
svgworld_pil,dinov3_b16|rand|western,patches_mean,2,32,0.025368620626093685
svgworld_pil,dinov3_b16|rand|western,patches_mean,2,48,0.022839941220618942
svgworld_pil,dinov3_b16|rand|western,patches_mean,2,64,0.022930850031887773
svgworld_pil,dinov3_b16|rand|western,patches_mean,2,96,0.02119266578078549
svgworld_pil,dinov3_b16|rand|western,patches_mean,2,128,0.0190946311568696
svgworld_pil,dinov3_b16|rand|western,patches_mean,2,192,0.01669539914885454
svgworld_pil,dinov3_b16|rand|western,patches_mean,2,256,0.015322708068661428
svgworld_pil,dinov3_b16|rand|western,patches_mean,2,384,0.013050824226104152
svgworld_pil,dinov3_b16|rand|western,patches_mean,2,512,0.010937981129080177
svgworld_pil,dinov3_b16|rand|western,patches_mean,2,767,0.007687814069553656
svgworld_pil,dinov3_b16|rand|western,patches_mean,3,1,0.019596333551577083
svgworld_pil,dinov3_b16|rand|western,patches_mean,3,2,0.01458326368501961
svgworld_pil,dinov3_b16|rand|western,patches_mean,3,4,0.027228765715532455
svgworld_pil,dinov3_b16|rand|western,patches_mean,3,8,0.018565727651194908
svgworld_pil,dinov3_b16|rand|western,patches_mean,3,12,0.017929238934879632
svgworld_pil,dinov3_b16|rand|western,patches_mean,3,16,0.017384631915616122
svgworld_pil,dinov3_b16|rand|western,patches_mean,3,20,0.016396533612157427
svgworld_pil,dinov3_b16|rand|western,patches_mean,3,24,0.018122680366759125
svgworld_pil,dinov3_b16|rand|western,patches_mean,3,32,0.02491049204438045
svgworld_pil,dinov3_b16|rand|western,patches_mean,3,48,0.022835408609724106
svgworld_pil,dinov3_b16|rand|western,patches_mean,3,64,0.02338358914982197
svgworld_pil,dinov3_b16|rand|western,patches_mean,3,96,0.020860064845279802
svgworld_pil,dinov3_b16|rand|western,patches_mean,3,128,0.019141908980013667
svgworld_pil,dinov3_b16|rand|western,patches_mean,3,192,0.01653187201911588
svgworld_pil,dinov3_b16|rand|western,patches_mean,3,256,0.015026687925827176
svgworld_pil,dinov3_b16|rand|western,patches_mean,3,384,0.01273148128839563
svgworld_pil,dinov3_b16|rand|western,patches_mean,3,512,0.010659798088144545
svgworld_pil,dinov3_b16|rand|western,patches_mean,3,767,0.007509613798345027
svgworld_pil,dinov3_b16|rand|western,patches_mean,4,1,0.027030025356596377
svgworld_pil,dinov3_b16|rand|western,patches_mean,4,2,0.01838695038777416
svgworld_pil,dinov3_b16|rand|western,patches_mean,4,4,0.029816852236849933
svgworld_pil,dinov3_b16|rand|western,patches_mean,4,8,0.01979943332813139
svgworld_pil,dinov3_b16|rand|western,patches_mean,4,12,0.018115055576377936
svgworld_pil,dinov3_b16|rand|western,patches_mean,4,16,0.018640179034502657
svgworld_pil,dinov3_b16|rand|western,patches_mean,4,20,0.017768302137665892
svgworld_pil,dinov3_b16|rand|western,patches_mean,4,24,0.019303272137707994
svgworld_pil,dinov3_b16|rand|western,patches_mean,4,32,0.026291962869517627
svgworld_pil,dinov3_b16|rand|western,patches_mean,4,48,0.0245734808097805
svgworld_pil,dinov3_b16|rand|western,patches_mean,4,64,0.02372635097847431
svgworld_pil,dinov3_b16|rand|western,patches_mean,4,96,0.02125585424236831
svgworld_pil,dinov3_b16|rand|western,patches_mean,4,128,0.019851015037606112
svgworld_pil,dinov3_b16|rand|western,patches_mean,4,192,0.017225948156411763
svgworld_pil,dinov3_b16|rand|western,patches_mean,4,256,0.015521329370477122
svgworld_pil,dinov3_b16|rand|western,patches_mean,4,384,0.013016948519640081
svgworld_pil,dinov3_b16|rand|western,patches_mean,4,512,0.010950739472592508
svgworld_pil,dinov3_b16|rand|western,patches_mean,4,767,0.007679329700736814
svgworld_pil,dinov3_b16|rand|western,pooled,0,1,0.02374456859330054
svgworld_pil,dinov3_b16|rand|western,pooled,0,2,0.019832029996302403
svgworld_pil,dinov3_b16|rand|western,pooled,0,4,0.025278320445710656
svgworld_pil,dinov3_b16|rand|western,pooled,0,8,0.019800400138960006
svgworld_pil,dinov3_b16|rand|western,pooled,0,12,0.018137418218927226
svgworld_pil,dinov3_b16|rand|western,pooled,0,16,0.015393540100614778
svgworld_pil,dinov3_b16|rand|western,pooled,0,20,0.014598358595364402
svgworld_pil,dinov3_b16|rand|western,pooled,0,24,0.015926736963663646
svgworld_pil,dinov3_b16|rand|western,pooled,0,32,0.020637454987433745
svgworld_pil,dinov3_b16|rand|western,pooled,0,48,0.021607528196924353
svgworld_pil,dinov3_b16|rand|western,pooled,0,64,0.021926697810431328
svgworld_pil,dinov3_b16|rand|western,pooled,0,96,0.02015649607550629
svgworld_pil,dinov3_b16|rand|western,pooled,0,128,0.020490227337427114
svgworld_pil,dinov3_b16|rand|western,pooled,0,192,0.019892497910958373
svgworld_pil,dinov3_b16|rand|western,pooled,0,256,0.017976022119000068
svgworld_pil,dinov3_b16|rand|western,pooled,0,384,0.01494023695924196
svgworld_pil,dinov3_b16|rand|western,pooled,0,512,0.012541782052452821
svgworld_pil,dinov3_b16|rand|western,pooled,0,767,0.008900398008817145
svgworld_pil,dinov3_b16|rand|western,pooled,1,1,0.019225233823232157
svgworld_pil,dinov3_b16|rand|western,pooled,1,2,0.018563729710016075
svgworld_pil,dinov3_b16|rand|western,pooled,1,4,0.02551531916372518
svgworld_pil,dinov3_b16|rand|western,pooled,1,8,0.020837857178922392
svgworld_pil,dinov3_b16|rand|western,pooled,1,12,0.01886590044439085
svgworld_pil,dinov3_b16|rand|western,pooled,1,16,0.015538938940931502
svgworld_pil,dinov3_b16|rand|western,pooled,1,20,0.014758297185266112
svgworld_pil,dinov3_b16|rand|western,pooled,1,24,0.016262913451867256
svgworld_pil,dinov3_b16|rand|western,pooled,1,32,0.02070313712238947
svgworld_pil,dinov3_b16|rand|western,pooled,1,48,0.02256915894723266
svgworld_pil,dinov3_b16|rand|western,pooled,1,64,0.02368733984344129
svgworld_pil,dinov3_b16|rand|western,pooled,1,96,0.021467504156031603
svgworld_pil,dinov3_b16|rand|western,pooled,1,128,0.021077279136138105
svgworld_pil,dinov3_b16|rand|western,pooled,1,192,0.019782856474580446
svgworld_pil,dinov3_b16|rand|western,pooled,1,256,0.017923235452615094
svgworld_pil,dinov3_b16|rand|western,pooled,1,384,0.014843095256141692
svgworld_pil,dinov3_b16|rand|western,pooled,1,512,0.01231228800508044
svgworld_pil,dinov3_b16|rand|western,pooled,1,767,0.008694508050052674
svgworld_pil,dinov3_b16|rand|western,pooled,2,1,0.01914126094169044
svgworld_pil,dinov3_b16|rand|western,pooled,2,2,0.020656979038760737
svgworld_pil,dinov3_b16|rand|western,pooled,2,4,0.024318749665428352
svgworld_pil,dinov3_b16|rand|western,pooled,2,8,0.018615219534803162
svgworld_pil,dinov3_b16|rand|western,pooled,2,12,0.015154859642004914
svgworld_pil,dinov3_b16|rand|western,pooled,2,16,0.01311677288540336
svgworld_pil,dinov3_b16|rand|western,pooled,2,20,0.012613608194532167
svgworld_pil,dinov3_b16|rand|western,pooled,2,24,0.01486606939012125
svgworld_pil,dinov3_b16|rand|western,pooled,2,32,0.020146010002230152
svgworld_pil,dinov3_b16|rand|western,pooled,2,48,0.021004212985690662
svgworld_pil,dinov3_b16|rand|western,pooled,2,64,0.02229793418536008
svgworld_pil,dinov3_b16|rand|western,pooled,2,96,0.02103281550373237
svgworld_pil,dinov3_b16|rand|western,pooled,2,128,0.020744829217512528
svgworld_pil,dinov3_b16|rand|western,pooled,2,192,0.020016951587910836
svgworld_pil,dinov3_b16|rand|western,pooled,2,256,0.018359732945606888
svgworld_pil,dinov3_b16|rand|western,pooled,2,384,0.015295490253303012
svgworld_pil,dinov3_b16|rand|western,pooled,2,512,0.012631586888041557
svgworld_pil,dinov3_b16|rand|western,pooled,2,767,0.009013845939057186
svgworld_pil,dinov3_b16|rand|western,pooled,3,1,0.01716410037914451
svgworld_pil,dinov3_b16|rand|western,pooled,3,2,0.016615017290436795
svgworld_pil,dinov3_b16|rand|western,pooled,3,4,0.02451993655462492
svgworld_pil,dinov3_b16|rand|western,pooled,3,8,0.019986163306943583
svgworld_pil,dinov3_b16|rand|western,pooled,3,12,0.01776805630873901
svgworld_pil,dinov3_b16|rand|western,pooled,3,16,0.014722165072044713
svgworld_pil,dinov3_b16|rand|western,pooled,3,20,0.013257374003683542
svgworld_pil,dinov3_b16|rand|western,pooled,3,24,0.014405044603591821
svgworld_pil,dinov3_b16|rand|western,pooled,3,32,0.02053954560869453
svgworld_pil,dinov3_b16|rand|western,pooled,3,48,0.0213179098151961
svgworld_pil,dinov3_b16|rand|western,pooled,3,64,0.021909711130443932
svgworld_pil,dinov3_b16|rand|western,pooled,3,96,0.0209283973255594
svgworld_pil,dinov3_b16|rand|western,pooled,3,128,0.020641255635882927
svgworld_pil,dinov3_b16|rand|western,pooled,3,192,0.019820021781875696
svgworld_pil,dinov3_b16|rand|western,pooled,3,256,0.01784384489651003
svgworld_pil,dinov3_b16|rand|western,pooled,3,384,0.014801654849310841
svgworld_pil,dinov3_b16|rand|western,pooled,3,512,0.012544287086312833
svgworld_pil,dinov3_b16|rand|western,pooled,3,767,0.00885115547591675
svgworld_pil,dinov3_b16|rand|western,pooled,4,1,0.02058445499993178
svgworld_pil,dinov3_b16|rand|western,pooled,4,2,0.019228469696540795
svgworld_pil,dinov3_b16|rand|western,pooled,4,4,0.025695401740533308
svgworld_pil,dinov3_b16|rand|western,pooled,4,8,0.021081406631763833
svgworld_pil,dinov3_b16|rand|western,pooled,4,12,0.018682269649099137
svgworld_pil,dinov3_b16|rand|western,pooled,4,16,0.016002645546732475
svgworld_pil,dinov3_b16|rand|western,pooled,4,20,0.015589068679013218
svgworld_pil,dinov3_b16|rand|western,pooled,4,24,0.017184061107913706
svgworld_pil,dinov3_b16|rand|western,pooled,4,32,0.023329596604680924
svgworld_pil,dinov3_b16|rand|western,pooled,4,48,0.022395452963677287
svgworld_pil,dinov3_b16|rand|western,pooled,4,64,0.023350151341683834
svgworld_pil,dinov3_b16|rand|western,pooled,4,96,0.021470756240751232
svgworld_pil,dinov3_b16|rand|western,pooled,4,128,0.0210900794981419
svgworld_pil,dinov3_b16|rand|western,pooled,4,192,0.020496851912853886
svgworld_pil,dinov3_b16|rand|western,pooled,4,256,0.018768107792195288
svgworld_pil,dinov3_b16|rand|western,pooled,4,384,0.015281162515552782
svgworld_pil,dinov3_b16|rand|western,pooled,4,512,0.012682919670433557
svgworld_pil,dinov3_b16|rand|western,pooled,4,767,0.00896889554758784
svgworld_pil,dinov3_l16|pre|island,pooled,0,1,0.14386361509194256
svgworld_pil,dinov3_l16|pre|island,pooled,0,2,0.2694147972169396
svgworld_pil,dinov3_l16|pre|island,pooled,0,4,0.18980340104693783
svgworld_pil,dinov3_l16|pre|island,pooled,0,8,0.22965842623777666
svgworld_pil,dinov3_l16|pre|island,pooled,0,12,0.22134047549995695
svgworld_pil,dinov3_l16|pre|island,pooled,0,16,0.20514127837837204
svgworld_pil,dinov3_l16|pre|island,pooled,0,20,0.1919373165145224
svgworld_pil,dinov3_l16|pre|island,pooled,0,24,0.18547796795224147
svgworld_pil,dinov3_l16|pre|island,pooled,0,32,0.1722142539835052
svgworld_pil,dinov3_l16|pre|island,pooled,0,48,0.14185356996720055
svgworld_pil,dinov3_l16|pre|island,pooled,0,64,0.11705659079689157
svgworld_pil,dinov3_l16|pre|island,pooled,0,96,0.08661293077290688
svgworld_pil,dinov3_l16|pre|island,pooled,0,128,0.06862894185819879
svgworld_pil,dinov3_l16|pre|island,pooled,0,192,0.04915878442844723
svgworld_pil,dinov3_l16|pre|island,pooled,0,256,0.03812398586841581
svgworld_pil,dinov3_l16|pre|island,pooled,0,384,0.025793812567217356
svgworld_pil,dinov3_l16|pre|island,pooled,0,512,0.01906828698660612
svgworld_pil,dinov3_l16|pre|island,pooled,0,767,0.01191067022968939
svgworld_pil,dinov3_l16|pre|island,pooled,1,1,0.1385961569652907
svgworld_pil,dinov3_l16|pre|island,pooled,1,2,0.2584118532158005
svgworld_pil,dinov3_l16|pre|island,pooled,1,4,0.18478526736078382
svgworld_pil,dinov3_l16|pre|island,pooled,1,8,0.22987856327603595
svgworld_pil,dinov3_l16|pre|island,pooled,1,12,0.2181841704091424
svgworld_pil,dinov3_l16|pre|island,pooled,1,16,0.20249657675530197
svgworld_pil,dinov3_l16|pre|island,pooled,1,20,0.1904305559185545
svgworld_pil,dinov3_l16|pre|island,pooled,1,24,0.1846353628499412
svgworld_pil,dinov3_l16|pre|island,pooled,1,32,0.1715886156654911
svgworld_pil,dinov3_l16|pre|island,pooled,1,48,0.14198424293298617
svgworld_pil,dinov3_l16|pre|island,pooled,1,64,0.11614171679771679
svgworld_pil,dinov3_l16|pre|island,pooled,1,96,0.08541674785049791
svgworld_pil,dinov3_l16|pre|island,pooled,1,128,0.06762077576271663
svgworld_pil,dinov3_l16|pre|island,pooled,1,192,0.04846587472388875
svgworld_pil,dinov3_l16|pre|island,pooled,1,256,0.03757878186460739
svgworld_pil,dinov3_l16|pre|island,pooled,1,384,0.02538871402983156
svgworld_pil,dinov3_l16|pre|island,pooled,1,512,0.018856162921130015
svgworld_pil,dinov3_l16|pre|island,pooled,1,767,0.011785376943635684
svgworld_pil,dinov3_l16|pre|island,pooled,2,1,0.14557237010317292
svgworld_pil,dinov3_l16|pre|island,pooled,2,2,0.26608109483642206
svgworld_pil,dinov3_l16|pre|island,pooled,2,4,0.18598066404163227
svgworld_pil,dinov3_l16|pre|island,pooled,2,8,0.23410274582103918
svgworld_pil,dinov3_l16|pre|island,pooled,2,12,0.22224206289615056
svgworld_pil,dinov3_l16|pre|island,pooled,2,16,0.20559608688634567
svgworld_pil,dinov3_l16|pre|island,pooled,2,20,0.19395401433359694
svgworld_pil,dinov3_l16|pre|island,pooled,2,24,0.18737637746053148
svgworld_pil,dinov3_l16|pre|island,pooled,2,32,0.17310987656111088
svgworld_pil,dinov3_l16|pre|island,pooled,2,48,0.14294521032718743
svgworld_pil,dinov3_l16|pre|island,pooled,2,64,0.1171885446747628
svgworld_pil,dinov3_l16|pre|island,pooled,2,96,0.08617209052543795
svgworld_pil,dinov3_l16|pre|island,pooled,2,128,0.06787704736347266
svgworld_pil,dinov3_l16|pre|island,pooled,2,192,0.04882709847941413
svgworld_pil,dinov3_l16|pre|island,pooled,2,256,0.0378954297198727
svgworld_pil,dinov3_l16|pre|island,pooled,2,384,0.02555851870713821
svgworld_pil,dinov3_l16|pre|island,pooled,2,512,0.018911924347969067
svgworld_pil,dinov3_l16|pre|island,pooled,2,767,0.011786032952054382
svgworld_pil,dinov3_l16|pre|island,pooled,3,1,0.1357361973591773
svgworld_pil,dinov3_l16|pre|island,pooled,3,2,0.25896321327311533
svgworld_pil,dinov3_l16|pre|island,pooled,3,4,0.1866771118116155
svgworld_pil,dinov3_l16|pre|island,pooled,3,8,0.23154159139688124
svgworld_pil,dinov3_l16|pre|island,pooled,3,12,0.22655991571309297
svgworld_pil,dinov3_l16|pre|island,pooled,3,16,0.20995921021221298
svgworld_pil,dinov3_l16|pre|island,pooled,3,20,0.19726474933575555
svgworld_pil,dinov3_l16|pre|island,pooled,3,24,0.18755100865888974
svgworld_pil,dinov3_l16|pre|island,pooled,3,32,0.17140287504107865
svgworld_pil,dinov3_l16|pre|island,pooled,3,48,0.14173164708000208
svgworld_pil,dinov3_l16|pre|island,pooled,3,64,0.1166149645656881
svgworld_pil,dinov3_l16|pre|island,pooled,3,96,0.08619732322601903
svgworld_pil,dinov3_l16|pre|island,pooled,3,128,0.06818961855448435
svgworld_pil,dinov3_l16|pre|island,pooled,3,192,0.04962001549793227
svgworld_pil,dinov3_l16|pre|island,pooled,3,256,0.03854376784115121
svgworld_pil,dinov3_l16|pre|island,pooled,3,384,0.02608512909925942
svgworld_pil,dinov3_l16|pre|island,pooled,3,512,0.019317422333832823
svgworld_pil,dinov3_l16|pre|island,pooled,3,767,0.012053265067624497
svgworld_pil,dinov3_l16|pre|island,pooled,4,1,0.13573141254974053
svgworld_pil,dinov3_l16|pre|island,pooled,4,2,0.26178937111205247
svgworld_pil,dinov3_l16|pre|island,pooled,4,4,0.1779233346537279
svgworld_pil,dinov3_l16|pre|island,pooled,4,8,0.23404444851567052
svgworld_pil,dinov3_l16|pre|island,pooled,4,12,0.2219796797365321
svgworld_pil,dinov3_l16|pre|island,pooled,4,16,0.20591567694965107
svgworld_pil,dinov3_l16|pre|island,pooled,4,20,0.19132936089446262
svgworld_pil,dinov3_l16|pre|island,pooled,4,24,0.18545063675471318
svgworld_pil,dinov3_l16|pre|island,pooled,4,32,0.1700310079713201
svgworld_pil,dinov3_l16|pre|island,pooled,4,48,0.14211570769262583
svgworld_pil,dinov3_l16|pre|island,pooled,4,64,0.11679100962414712
svgworld_pil,dinov3_l16|pre|island,pooled,4,96,0.0868647529632206
svgworld_pil,dinov3_l16|pre|island,pooled,4,128,0.06880754505385867
svgworld_pil,dinov3_l16|pre|island,pooled,4,192,0.04981807474068556
svgworld_pil,dinov3_l16|pre|island,pooled,4,256,0.03860674481484805
svgworld_pil,dinov3_l16|pre|island,pooled,4,384,0.02604028397059588
svgworld_pil,dinov3_l16|pre|island,pooled,4,512,0.019308535318550146
svgworld_pil,dinov3_l16|pre|island,pooled,4,767,0.01206584156139845
svgworld_pil,dinov3_l16|pre|western,pooled,0,1,0.21771008032702444
svgworld_pil,dinov3_l16|pre|western,pooled,0,2,0.1639257782185538
svgworld_pil,dinov3_l16|pre|western,pooled,0,4,0.2572166738660606
svgworld_pil,dinov3_l16|pre|western,pooled,0,8,0.2539830689788224
svgworld_pil,dinov3_l16|pre|western,pooled,0,12,0.2518721324779296
svgworld_pil,dinov3_l16|pre|western,pooled,0,16,0.22860254310773742
svgworld_pil,dinov3_l16|pre|western,pooled,0,20,0.2021259803164258
svgworld_pil,dinov3_l16|pre|western,pooled,0,24,0.189409882901731
svgworld_pil,dinov3_l16|pre|western,pooled,0,32,0.1706807853765483
svgworld_pil,dinov3_l16|pre|western,pooled,0,48,0.14231775514976952
svgworld_pil,dinov3_l16|pre|western,pooled,0,64,0.1183277935908601
svgworld_pil,dinov3_l16|pre|western,pooled,0,96,0.08841025847246542
svgworld_pil,dinov3_l16|pre|western,pooled,0,128,0.07096119917685972
svgworld_pil,dinov3_l16|pre|western,pooled,0,192,0.04989641422216473
svgworld_pil,dinov3_l16|pre|western,pooled,0,256,0.03840064124290521
svgworld_pil,dinov3_l16|pre|western,pooled,0,384,0.02588985123289722
svgworld_pil,dinov3_l16|pre|western,pooled,0,512,0.019107058743333183
svgworld_pil,dinov3_l16|pre|western,pooled,0,767,0.01191390223387323
svgworld_pil,dinov3_l16|pre|western,pooled,1,1,0.22887903143118116
svgworld_pil,dinov3_l16|pre|western,pooled,1,2,0.16192534160401673
svgworld_pil,dinov3_l16|pre|western,pooled,1,4,0.2577615141053309
svgworld_pil,dinov3_l16|pre|western,pooled,1,8,0.25944210678745583
svgworld_pil,dinov3_l16|pre|western,pooled,1,12,0.256900632272378
svgworld_pil,dinov3_l16|pre|western,pooled,1,16,0.22661204726531137
svgworld_pil,dinov3_l16|pre|western,pooled,1,20,0.20125861639611986
svgworld_pil,dinov3_l16|pre|western,pooled,1,24,0.18876812260591813
svgworld_pil,dinov3_l16|pre|western,pooled,1,32,0.16718903573344313
svgworld_pil,dinov3_l16|pre|western,pooled,1,48,0.14048472648620847
svgworld_pil,dinov3_l16|pre|western,pooled,1,64,0.11714024321732042
svgworld_pil,dinov3_l16|pre|western,pooled,1,96,0.08823617657915217
svgworld_pil,dinov3_l16|pre|western,pooled,1,128,0.07052819419813428
svgworld_pil,dinov3_l16|pre|western,pooled,1,192,0.04965105384209545
svgworld_pil,dinov3_l16|pre|western,pooled,1,256,0.03808043806816752
svgworld_pil,dinov3_l16|pre|western,pooled,1,384,0.02563952882301479
svgworld_pil,dinov3_l16|pre|western,pooled,1,512,0.01892638503506383
svgworld_pil,dinov3_l16|pre|western,pooled,1,767,0.011842243846325373
svgworld_pil,dinov3_l16|pre|western,pooled,2,1,0.2243277852222174
svgworld_pil,dinov3_l16|pre|western,pooled,2,2,0.1649363153225405
svgworld_pil,dinov3_l16|pre|western,pooled,2,4,0.2528364597310858
svgworld_pil,dinov3_l16|pre|western,pooled,2,8,0.2574225797817331
svgworld_pil,dinov3_l16|pre|western,pooled,2,12,0.2558065227151738
svgworld_pil,dinov3_l16|pre|western,pooled,2,16,0.2260374804856451
svgworld_pil,dinov3_l16|pre|western,pooled,2,20,0.20090501589696286
svgworld_pil,dinov3_l16|pre|western,pooled,2,24,0.18998802283899585
svgworld_pil,dinov3_l16|pre|western,pooled,2,32,0.17053296701739984
svgworld_pil,dinov3_l16|pre|western,pooled,2,48,0.14004005372831185
svgworld_pil,dinov3_l16|pre|western,pooled,2,64,0.11666178679279371
svgworld_pil,dinov3_l16|pre|western,pooled,2,96,0.08759170497677249
svgworld_pil,dinov3_l16|pre|western,pooled,2,128,0.07044152793344283
svgworld_pil,dinov3_l16|pre|western,pooled,2,192,0.049870108098590715
svgworld_pil,dinov3_l16|pre|western,pooled,2,256,0.03821872150219685
svgworld_pil,dinov3_l16|pre|western,pooled,2,384,0.025712134263778164
svgworld_pil,dinov3_l16|pre|western,pooled,2,512,0.018952161423467007
svgworld_pil,dinov3_l16|pre|western,pooled,2,767,0.01188674745059315
svgworld_pil,dinov3_l16|pre|western,pooled,3,1,0.22265122645737434
svgworld_pil,dinov3_l16|pre|western,pooled,3,2,0.1627285758628786
svgworld_pil,dinov3_l16|pre|western,pooled,3,4,0.2557412503922861
svgworld_pil,dinov3_l16|pre|western,pooled,3,8,0.24961825646082691
svgworld_pil,dinov3_l16|pre|western,pooled,3,12,0.2581790215001297
svgworld_pil,dinov3_l16|pre|western,pooled,3,16,0.23116472226576212
svgworld_pil,dinov3_l16|pre|western,pooled,3,20,0.20304188802065837
svgworld_pil,dinov3_l16|pre|western,pooled,3,24,0.18980420656140795
svgworld_pil,dinov3_l16|pre|western,pooled,3,32,0.17055579323750114
svgworld_pil,dinov3_l16|pre|western,pooled,3,48,0.14039581537270096
svgworld_pil,dinov3_l16|pre|western,pooled,3,64,0.11598247807401174
svgworld_pil,dinov3_l16|pre|western,pooled,3,96,0.08780955231782273
svgworld_pil,dinov3_l16|pre|western,pooled,3,128,0.07077799482102798
svgworld_pil,dinov3_l16|pre|western,pooled,3,192,0.04989229274675888
svgworld_pil,dinov3_l16|pre|western,pooled,3,256,0.03801645648739027
svgworld_pil,dinov3_l16|pre|western,pooled,3,384,0.025824299733866574
svgworld_pil,dinov3_l16|pre|western,pooled,3,512,0.019097637268543854
svgworld_pil,dinov3_l16|pre|western,pooled,3,767,0.011912607886619075
svgworld_pil,dinov3_l16|pre|western,pooled,4,1,0.22690322969208443
svgworld_pil,dinov3_l16|pre|western,pooled,4,2,0.16725636162511892
svgworld_pil,dinov3_l16|pre|western,pooled,4,4,0.2569338905291143
svgworld_pil,dinov3_l16|pre|western,pooled,4,8,0.2515795491584566
svgworld_pil,dinov3_l16|pre|western,pooled,4,12,0.26301465281575087
svgworld_pil,dinov3_l16|pre|western,pooled,4,16,0.22832883967744078
svgworld_pil,dinov3_l16|pre|western,pooled,4,20,0.2060597060457776
svgworld_pil,dinov3_l16|pre|western,pooled,4,24,0.19165917123998588
svgworld_pil,dinov3_l16|pre|western,pooled,4,32,0.1720600857259107
svgworld_pil,dinov3_l16|pre|western,pooled,4,48,0.14284297328812479
svgworld_pil,dinov3_l16|pre|western,pooled,4,64,0.11951211300515074
svgworld_pil,dinov3_l16|pre|western,pooled,4,96,0.08922713118783365
svgworld_pil,dinov3_l16|pre|western,pooled,4,128,0.07177487191561238
svgworld_pil,dinov3_l16|pre|western,pooled,4,192,0.05050725116227217
svgworld_pil,dinov3_l16|pre|western,pooled,4,256,0.038707138520884476
svgworld_pil,dinov3_l16|pre|western,pooled,4,384,0.026036271595430094
svgworld_pil,dinov3_l16|pre|western,pooled,4,512,0.019247124195737375
svgworld_pil,dinov3_l16|pre|western,pooled,4,767,0.011955838381298323
svgworld_pil,dinov3_l16|rand|island,pooled,0,1,0.03885776764455007
svgworld_pil,dinov3_l16|rand|island,pooled,0,2,0.027680270651907146
svgworld_pil,dinov3_l16|rand|island,pooled,0,4,0.02967423847677375
svgworld_pil,dinov3_l16|rand|island,pooled,0,8,0.032469703619382395
svgworld_pil,dinov3_l16|rand|island,pooled,0,12,0.028798342962783274
svgworld_pil,dinov3_l16|rand|island,pooled,0,16,0.031586020912621304
svgworld_pil,dinov3_l16|rand|island,pooled,0,20,0.032397468019183195
svgworld_pil,dinov3_l16|rand|island,pooled,0,24,0.03328354194578176
svgworld_pil,dinov3_l16|rand|island,pooled,0,32,0.03463626465463854
svgworld_pil,dinov3_l16|rand|island,pooled,0,48,0.030996698248346943
svgworld_pil,dinov3_l16|rand|island,pooled,0,64,0.028474876636357727
svgworld_pil,dinov3_l16|rand|island,pooled,0,96,0.02455831824852528
svgworld_pil,dinov3_l16|rand|island,pooled,0,128,0.022263578948912288
svgworld_pil,dinov3_l16|rand|island,pooled,0,192,0.019636748771592827
svgworld_pil,dinov3_l16|rand|island,pooled,0,256,0.017403138761979964
svgworld_pil,dinov3_l16|rand|island,pooled,0,384,0.014290773001694568
svgworld_pil,dinov3_l16|rand|island,pooled,0,512,0.01184640850739549
svgworld_pil,dinov3_l16|rand|island,pooled,0,767,0.008646986110387389
svgworld_pil,dinov3_l16|rand|island,pooled,1,1,0.032644532170139295
svgworld_pil,dinov3_l16|rand|island,pooled,1,2,0.021567456918043293
svgworld_pil,dinov3_l16|rand|island,pooled,1,4,0.02470805784719743
svgworld_pil,dinov3_l16|rand|island,pooled,1,8,0.028820627159251933
svgworld_pil,dinov3_l16|rand|island,pooled,1,12,0.028906049579191073
svgworld_pil,dinov3_l16|rand|island,pooled,1,16,0.03194789737002013
svgworld_pil,dinov3_l16|rand|island,pooled,1,20,0.031929390611904473
svgworld_pil,dinov3_l16|rand|island,pooled,1,24,0.03287062065761159
svgworld_pil,dinov3_l16|rand|island,pooled,1,32,0.03296296034012436
svgworld_pil,dinov3_l16|rand|island,pooled,1,48,0.030230188207373998
svgworld_pil,dinov3_l16|rand|island,pooled,1,64,0.02851447053864431
svgworld_pil,dinov3_l16|rand|island,pooled,1,96,0.025128057854424513
svgworld_pil,dinov3_l16|rand|island,pooled,1,128,0.022649373292717545
svgworld_pil,dinov3_l16|rand|island,pooled,1,192,0.01997447399563601
svgworld_pil,dinov3_l16|rand|island,pooled,1,256,0.017662029807322566
svgworld_pil,dinov3_l16|rand|island,pooled,1,384,0.014392773005053594
svgworld_pil,dinov3_l16|rand|island,pooled,1,512,0.011850464969162089
svgworld_pil,dinov3_l16|rand|island,pooled,1,767,0.008692411167581349
svgworld_pil,dinov3_l16|rand|island,pooled,2,1,0.03809136355754239
svgworld_pil,dinov3_l16|rand|island,pooled,2,2,0.025418673424643434
svgworld_pil,dinov3_l16|rand|island,pooled,2,4,0.02671539576084958
svgworld_pil,dinov3_l16|rand|island,pooled,2,8,0.030886972650123634
svgworld_pil,dinov3_l16|rand|island,pooled,2,12,0.028083091186261067
svgworld_pil,dinov3_l16|rand|island,pooled,2,16,0.032823857400387624
svgworld_pil,dinov3_l16|rand|island,pooled,2,20,0.030734643151719032
svgworld_pil,dinov3_l16|rand|island,pooled,2,24,0.03377143901376711
svgworld_pil,dinov3_l16|rand|island,pooled,2,32,0.033514078666518676
svgworld_pil,dinov3_l16|rand|island,pooled,2,48,0.030520708433180888
svgworld_pil,dinov3_l16|rand|island,pooled,2,64,0.027379604349293762
svgworld_pil,dinov3_l16|rand|island,pooled,2,96,0.024346072163395127
svgworld_pil,dinov3_l16|rand|island,pooled,2,128,0.02194467865194738
svgworld_pil,dinov3_l16|rand|island,pooled,2,192,0.01974737160981621
svgworld_pil,dinov3_l16|rand|island,pooled,2,256,0.01765028921144196
svgworld_pil,dinov3_l16|rand|island,pooled,2,384,0.014391242230446188
svgworld_pil,dinov3_l16|rand|island,pooled,2,512,0.011935413239551496
svgworld_pil,dinov3_l16|rand|island,pooled,2,767,0.008725952506104195
svgworld_pil,dinov3_l16|rand|island,pooled,3,1,0.03005887750431746
svgworld_pil,dinov3_l16|rand|island,pooled,3,2,0.021102357568770214
svgworld_pil,dinov3_l16|rand|island,pooled,3,4,0.0261118281380468
svgworld_pil,dinov3_l16|rand|island,pooled,3,8,0.028256409152122353
svgworld_pil,dinov3_l16|rand|island,pooled,3,12,0.029193494405163167
svgworld_pil,dinov3_l16|rand|island,pooled,3,16,0.031764076499073424
svgworld_pil,dinov3_l16|rand|island,pooled,3,20,0.03040215823549286
svgworld_pil,dinov3_l16|rand|island,pooled,3,24,0.03150877860768142
svgworld_pil,dinov3_l16|rand|island,pooled,3,32,0.033313627935776746
svgworld_pil,dinov3_l16|rand|island,pooled,3,48,0.031398255536046804
svgworld_pil,dinov3_l16|rand|island,pooled,3,64,0.028132286695746855
svgworld_pil,dinov3_l16|rand|island,pooled,3,96,0.02436848496268873
svgworld_pil,dinov3_l16|rand|island,pooled,3,128,0.021956017449063947
svgworld_pil,dinov3_l16|rand|island,pooled,3,192,0.01942527194052479
svgworld_pil,dinov3_l16|rand|island,pooled,3,256,0.017372194219475334
svgworld_pil,dinov3_l16|rand|island,pooled,3,384,0.014000594163496194
svgworld_pil,dinov3_l16|rand|island,pooled,3,512,0.011721957250504067
svgworld_pil,dinov3_l16|rand|island,pooled,3,767,0.008603085922407216
svgworld_pil,dinov3_l16|rand|island,pooled,4,1,0.03623201292654965
svgworld_pil,dinov3_l16|rand|island,pooled,4,2,0.0248664776005596
svgworld_pil,dinov3_l16|rand|island,pooled,4,4,0.029955744130483297
svgworld_pil,dinov3_l16|rand|island,pooled,4,8,0.02909171940487998
svgworld_pil,dinov3_l16|rand|island,pooled,4,12,0.02887440399991059
svgworld_pil,dinov3_l16|rand|island,pooled,4,16,0.030889974837980172
svgworld_pil,dinov3_l16|rand|island,pooled,4,20,0.030243263917605123
svgworld_pil,dinov3_l16|rand|island,pooled,4,24,0.03419848573934703
svgworld_pil,dinov3_l16|rand|island,pooled,4,32,0.034870446493872276
svgworld_pil,dinov3_l16|rand|island,pooled,4,48,0.031383943375563605
svgworld_pil,dinov3_l16|rand|island,pooled,4,64,0.028855411419287935
svgworld_pil,dinov3_l16|rand|island,pooled,4,96,0.024719306671580954
svgworld_pil,dinov3_l16|rand|island,pooled,4,128,0.022899390686612064
svgworld_pil,dinov3_l16|rand|island,pooled,4,192,0.020558924767575593
svgworld_pil,dinov3_l16|rand|island,pooled,4,256,0.018026846050209544
svgworld_pil,dinov3_l16|rand|island,pooled,4,384,0.014585079264590184
svgworld_pil,dinov3_l16|rand|island,pooled,4,512,0.01207549130477692
svgworld_pil,dinov3_l16|rand|island,pooled,4,767,0.008805034769440945
svgworld_pil,dinov3_l16|rand|western,pooled,0,1,0.026873202020647136
svgworld_pil,dinov3_l16|rand|western,pooled,0,2,0.02049817172633439
svgworld_pil,dinov3_l16|rand|western,pooled,0,4,0.02691671061156664
svgworld_pil,dinov3_l16|rand|western,pooled,0,8,0.01848250343974034
svgworld_pil,dinov3_l16|rand|western,pooled,0,12,0.016183023712172395
svgworld_pil,dinov3_l16|rand|western,pooled,0,16,0.01631540501143869
svgworld_pil,dinov3_l16|rand|western,pooled,0,20,0.016195743803956164
svgworld_pil,dinov3_l16|rand|western,pooled,0,24,0.01828298088664415
svgworld_pil,dinov3_l16|rand|western,pooled,0,32,0.02483231001473518
svgworld_pil,dinov3_l16|rand|western,pooled,0,48,0.02387856341632133
svgworld_pil,dinov3_l16|rand|western,pooled,0,64,0.023261642827821283
svgworld_pil,dinov3_l16|rand|western,pooled,0,96,0.022422481705593578
svgworld_pil,dinov3_l16|rand|western,pooled,0,128,0.022112632937001275
svgworld_pil,dinov3_l16|rand|western,pooled,0,192,0.020648026973045575
svgworld_pil,dinov3_l16|rand|western,pooled,0,256,0.019174482772897572
svgworld_pil,dinov3_l16|rand|western,pooled,0,384,0.01563756100918312
svgworld_pil,dinov3_l16|rand|western,pooled,0,512,0.013019835670151747
svgworld_pil,dinov3_l16|rand|western,pooled,0,767,0.009422371627489823
svgworld_pil,dinov3_l16|rand|western,pooled,1,1,0.02121228147813603
svgworld_pil,dinov3_l16|rand|western,pooled,1,2,0.016667801824235884
svgworld_pil,dinov3_l16|rand|western,pooled,1,4,0.024825159672928976
svgworld_pil,dinov3_l16|rand|western,pooled,1,8,0.01869695441910557
svgworld_pil,dinov3_l16|rand|western,pooled,1,12,0.015652433937844323
svgworld_pil,dinov3_l16|rand|western,pooled,1,16,0.017108643619019648
svgworld_pil,dinov3_l16|rand|western,pooled,1,20,0.016278592810304193
svgworld_pil,dinov3_l16|rand|western,pooled,1,24,0.018626260234057446
svgworld_pil,dinov3_l16|rand|western,pooled,1,32,0.02328710360084174
svgworld_pil,dinov3_l16|rand|western,pooled,1,48,0.02283675853923861
svgworld_pil,dinov3_l16|rand|western,pooled,1,64,0.02242318362028728
svgworld_pil,dinov3_l16|rand|western,pooled,1,96,0.022150812701614342
svgworld_pil,dinov3_l16|rand|western,pooled,1,128,0.02234864435213435
svgworld_pil,dinov3_l16|rand|western,pooled,1,192,0.020577518488947844
svgworld_pil,dinov3_l16|rand|western,pooled,1,256,0.019000359573569603
svgworld_pil,dinov3_l16|rand|western,pooled,1,384,0.015341710302211209
svgworld_pil,dinov3_l16|rand|western,pooled,1,512,0.012735003743702178
svgworld_pil,dinov3_l16|rand|western,pooled,1,767,0.009249758666769692
svgworld_pil,dinov3_l16|rand|western,pooled,2,1,0.02494062571384492
svgworld_pil,dinov3_l16|rand|western,pooled,2,2,0.018350672849879346
svgworld_pil,dinov3_l16|rand|western,pooled,2,4,0.02536122999753765
svgworld_pil,dinov3_l16|rand|western,pooled,2,8,0.016915732067122047
svgworld_pil,dinov3_l16|rand|western,pooled,2,12,0.01579522317407489
svgworld_pil,dinov3_l16|rand|western,pooled,2,16,0.01661027874660037
svgworld_pil,dinov3_l16|rand|western,pooled,2,20,0.016469483468251722
svgworld_pil,dinov3_l16|rand|western,pooled,2,24,0.018504140949119785
svgworld_pil,dinov3_l16|rand|western,pooled,2,32,0.0221557765369359
svgworld_pil,dinov3_l16|rand|western,pooled,2,48,0.022493821410924375
svgworld_pil,dinov3_l16|rand|western,pooled,2,64,0.02269294706515046
svgworld_pil,dinov3_l16|rand|western,pooled,2,96,0.02196631787789194
svgworld_pil,dinov3_l16|rand|western,pooled,2,128,0.021271538096505727
svgworld_pil,dinov3_l16|rand|western,pooled,2,192,0.01978170742226526
svgworld_pil,dinov3_l16|rand|western,pooled,2,256,0.01861606349853151
svgworld_pil,dinov3_l16|rand|western,pooled,2,384,0.01536954451864303
svgworld_pil,dinov3_l16|rand|western,pooled,2,512,0.01276518948531169
svgworld_pil,dinov3_l16|rand|western,pooled,2,767,0.009235824426973793
svgworld_pil,dinov3_l16|rand|western,pooled,3,1,0.018965557525877363
svgworld_pil,dinov3_l16|rand|western,pooled,3,2,0.01502007573195241
svgworld_pil,dinov3_l16|rand|western,pooled,3,4,0.026877517667430517
svgworld_pil,dinov3_l16|rand|western,pooled,3,8,0.017885080980280743
svgworld_pil,dinov3_l16|rand|western,pooled,3,12,0.017037072577382295
svgworld_pil,dinov3_l16|rand|western,pooled,3,16,0.01656819490606032
svgworld_pil,dinov3_l16|rand|western,pooled,3,20,0.01594570932058348
svgworld_pil,dinov3_l16|rand|western,pooled,3,24,0.01905679109141145
svgworld_pil,dinov3_l16|rand|western,pooled,3,32,0.022560448705832514
svgworld_pil,dinov3_l16|rand|western,pooled,3,48,0.023818331251118985
svgworld_pil,dinov3_l16|rand|western,pooled,3,64,0.02328987159309326
svgworld_pil,dinov3_l16|rand|western,pooled,3,96,0.022688564664510302
svgworld_pil,dinov3_l16|rand|western,pooled,3,128,0.022231960766476266
svgworld_pil,dinov3_l16|rand|western,pooled,3,192,0.020590498213948205
svgworld_pil,dinov3_l16|rand|western,pooled,3,256,0.018712904623374604
svgworld_pil,dinov3_l16|rand|western,pooled,3,384,0.015420428725050339
svgworld_pil,dinov3_l16|rand|western,pooled,3,512,0.012864472394188198
svgworld_pil,dinov3_l16|rand|western,pooled,3,767,0.009393558492826859
svgworld_pil,dinov3_l16|rand|western,pooled,4,1,0.022004270986931584
svgworld_pil,dinov3_l16|rand|western,pooled,4,2,0.01732202186093923
svgworld_pil,dinov3_l16|rand|western,pooled,4,4,0.024714078140294693
svgworld_pil,dinov3_l16|rand|western,pooled,4,8,0.017499977988652327
svgworld_pil,dinov3_l16|rand|western,pooled,4,12,0.016320178103642835
svgworld_pil,dinov3_l16|rand|western,pooled,4,16,0.017270929528066192
svgworld_pil,dinov3_l16|rand|western,pooled,4,20,0.016402600572049897
svgworld_pil,dinov3_l16|rand|western,pooled,4,24,0.018712860888298266
svgworld_pil,dinov3_l16|rand|western,pooled,4,32,0.02337928400838296
svgworld_pil,dinov3_l16|rand|western,pooled,4,48,0.023663908284103585
svgworld_pil,dinov3_l16|rand|western,pooled,4,64,0.023319982538851813
svgworld_pil,dinov3_l16|rand|western,pooled,4,96,0.023016034600497504
svgworld_pil,dinov3_l16|rand|western,pooled,4,128,0.02232201106875953
svgworld_pil,dinov3_l16|rand|western,pooled,4,192,0.020621897958083224
svgworld_pil,dinov3_l16|rand|western,pooled,4,256,0.019225591213599014
svgworld_pil,dinov3_l16|rand|western,pooled,4,384,0.015707686127431342
svgworld_pil,dinov3_l16|rand|western,pooled,4,512,0.012799993722491299
svgworld_pil,dinov3_l16|rand|western,pooled,4,767,0.009353208710285887
svgworld_pil,dinov3_s16|pre|island,pooled,0,1,0.4680289790759291
svgworld_pil,dinov3_s16|pre|island,pooled,0,2,0.4666859303762725
svgworld_pil,dinov3_s16|pre|island,pooled,0,4,0.37245421321610794
svgworld_pil,dinov3_s16|pre|island,pooled,0,8,0.34457807879909286
svgworld_pil,dinov3_s16|pre|island,pooled,0,12,0.28483823058934243
svgworld_pil,dinov3_s16|pre|island,pooled,0,16,0.254547407163492
svgworld_pil,dinov3_s16|pre|island,pooled,0,20,0.2313814892209325
svgworld_pil,dinov3_s16|pre|island,pooled,0,24,0.21111752733999
svgworld_pil,dinov3_s16|pre|island,pooled,0,32,0.18139120503084194
svgworld_pil,dinov3_s16|pre|island,pooled,0,48,0.14385961203613817
svgworld_pil,dinov3_s16|pre|island,pooled,0,64,0.11670351853502492
svgworld_pil,dinov3_s16|pre|island,pooled,0,96,0.08743567916442152
svgworld_pil,dinov3_s16|pre|island,pooled,0,128,0.06969105015380417
svgworld_pil,dinov3_s16|pre|island,pooled,0,192,0.049099166614224976
svgworld_pil,dinov3_s16|pre|island,pooled,0,256,0.03754369896025267
svgworld_pil,dinov3_s16|pre|island,pooled,1,1,0.4711710801577693
svgworld_pil,dinov3_s16|pre|island,pooled,1,2,0.45258424960561794
svgworld_pil,dinov3_s16|pre|island,pooled,1,4,0.3709012484045092
svgworld_pil,dinov3_s16|pre|island,pooled,1,8,0.3412869166470138
svgworld_pil,dinov3_s16|pre|island,pooled,1,12,0.2842694153709584
svgworld_pil,dinov3_s16|pre|island,pooled,1,16,0.2518504834123625
svgworld_pil,dinov3_s16|pre|island,pooled,1,20,0.2283510033998133
svgworld_pil,dinov3_s16|pre|island,pooled,1,24,0.210426735359577
svgworld_pil,dinov3_s16|pre|island,pooled,1,32,0.18034665879999867
svgworld_pil,dinov3_s16|pre|island,pooled,1,48,0.14225485578298092
svgworld_pil,dinov3_s16|pre|island,pooled,1,64,0.1171023626244414
svgworld_pil,dinov3_s16|pre|island,pooled,1,96,0.08738939951438018
svgworld_pil,dinov3_s16|pre|island,pooled,1,128,0.06959735512481668
svgworld_pil,dinov3_s16|pre|island,pooled,1,192,0.048627666505122846
svgworld_pil,dinov3_s16|pre|island,pooled,1,256,0.0371674732175713
svgworld_pil,dinov3_s16|pre|island,pooled,2,1,0.4714805853575774
svgworld_pil,dinov3_s16|pre|island,pooled,2,2,0.4700772980906418
svgworld_pil,dinov3_s16|pre|island,pooled,2,4,0.3725308749169082
svgworld_pil,dinov3_s16|pre|island,pooled,2,8,0.33974720541323244
svgworld_pil,dinov3_s16|pre|island,pooled,2,12,0.280391306828363
svgworld_pil,dinov3_s16|pre|island,pooled,2,16,0.25056562568754626
svgworld_pil,dinov3_s16|pre|island,pooled,2,20,0.22601932046293183
svgworld_pil,dinov3_s16|pre|island,pooled,2,24,0.20753512449835343
svgworld_pil,dinov3_s16|pre|island,pooled,2,32,0.17786250313421637
svgworld_pil,dinov3_s16|pre|island,pooled,2,48,0.14214151971394218
svgworld_pil,dinov3_s16|pre|island,pooled,2,64,0.11709868277395763
svgworld_pil,dinov3_s16|pre|island,pooled,2,96,0.08705595654187637
svgworld_pil,dinov3_s16|pre|island,pooled,2,128,0.06991621879602872
svgworld_pil,dinov3_s16|pre|island,pooled,2,192,0.04893472364990836
svgworld_pil,dinov3_s16|pre|island,pooled,2,256,0.037250387385588946
svgworld_pil,dinov3_s16|pre|island,pooled,3,1,0.4659468038347322
svgworld_pil,dinov3_s16|pre|island,pooled,3,2,0.46653987041899436
svgworld_pil,dinov3_s16|pre|island,pooled,3,4,0.37653249161777236
svgworld_pil,dinov3_s16|pre|island,pooled,3,8,0.3452775772295793
svgworld_pil,dinov3_s16|pre|island,pooled,3,12,0.28431076334379635
svgworld_pil,dinov3_s16|pre|island,pooled,3,16,0.24985984674120687
svgworld_pil,dinov3_s16|pre|island,pooled,3,20,0.22912592092267148
svgworld_pil,dinov3_s16|pre|island,pooled,3,24,0.21041841512760695
svgworld_pil,dinov3_s16|pre|island,pooled,3,32,0.1805877438552056
svgworld_pil,dinov3_s16|pre|island,pooled,3,48,0.14390486418521264
svgworld_pil,dinov3_s16|pre|island,pooled,3,64,0.11758532293031432
svgworld_pil,dinov3_s16|pre|island,pooled,3,96,0.08804023400968386
svgworld_pil,dinov3_s16|pre|island,pooled,3,128,0.06977588166319715
svgworld_pil,dinov3_s16|pre|island,pooled,3,192,0.048811235416826526
svgworld_pil,dinov3_s16|pre|island,pooled,3,256,0.037242585559285835
svgworld_pil,dinov3_s16|pre|island,pooled,4,1,0.46496227481623065
svgworld_pil,dinov3_s16|pre|island,pooled,4,2,0.4807436690821283
svgworld_pil,dinov3_s16|pre|island,pooled,4,4,0.3791331446153793
svgworld_pil,dinov3_s16|pre|island,pooled,4,8,0.3500060886889901
svgworld_pil,dinov3_s16|pre|island,pooled,4,12,0.28631512567621276
svgworld_pil,dinov3_s16|pre|island,pooled,4,16,0.25252495817248777
svgworld_pil,dinov3_s16|pre|island,pooled,4,20,0.2284512108616148
svgworld_pil,dinov3_s16|pre|island,pooled,4,24,0.20813862112690884
svgworld_pil,dinov3_s16|pre|island,pooled,4,32,0.18051314583140798
svgworld_pil,dinov3_s16|pre|island,pooled,4,48,0.14260914259969004
svgworld_pil,dinov3_s16|pre|island,pooled,4,64,0.11713512829060202
svgworld_pil,dinov3_s16|pre|island,pooled,4,96,0.08701480842872367
svgworld_pil,dinov3_s16|pre|island,pooled,4,128,0.06928846434041158
svgworld_pil,dinov3_s16|pre|island,pooled,4,192,0.04869909585903032
svgworld_pil,dinov3_s16|pre|island,pooled,4,256,0.03717159017403382
svgworld_pil,dinov3_s16|pre|western,pooled,0,1,0.3738668727622061
svgworld_pil,dinov3_s16|pre|western,pooled,0,2,0.3972624239258067
svgworld_pil,dinov3_s16|pre|western,pooled,0,4,0.3497598338414214
svgworld_pil,dinov3_s16|pre|western,pooled,0,8,0.2874716764577254
svgworld_pil,dinov3_s16|pre|western,pooled,0,12,0.2543031978960324
svgworld_pil,dinov3_s16|pre|western,pooled,0,16,0.21958172888395022
svgworld_pil,dinov3_s16|pre|western,pooled,0,20,0.19665353613007097
svgworld_pil,dinov3_s16|pre|western,pooled,0,24,0.1782258898559439
svgworld_pil,dinov3_s16|pre|western,pooled,0,32,0.15777026536090377
svgworld_pil,dinov3_s16|pre|western,pooled,0,48,0.1286497109782847
svgworld_pil,dinov3_s16|pre|western,pooled,0,64,0.10852260232566857
svgworld_pil,dinov3_s16|pre|western,pooled,0,96,0.08258256887881699
svgworld_pil,dinov3_s16|pre|western,pooled,0,128,0.06632796739678726
svgworld_pil,dinov3_s16|pre|western,pooled,0,192,0.046896071440951204
svgworld_pil,dinov3_s16|pre|western,pooled,0,256,0.03608935574323968
svgworld_pil,dinov3_s16|pre|western,pooled,1,1,0.36564622582476547
svgworld_pil,dinov3_s16|pre|western,pooled,1,2,0.3946644066108913
svgworld_pil,dinov3_s16|pre|western,pooled,1,4,0.3474770048142858
svgworld_pil,dinov3_s16|pre|western,pooled,1,8,0.2882748453360532
svgworld_pil,dinov3_s16|pre|western,pooled,1,12,0.2469659327959356
svgworld_pil,dinov3_s16|pre|western,pooled,1,16,0.2133673130068896
svgworld_pil,dinov3_s16|pre|western,pooled,1,20,0.1965648525791347
svgworld_pil,dinov3_s16|pre|western,pooled,1,24,0.1770090072921474
svgworld_pil,dinov3_s16|pre|western,pooled,1,32,0.1593460062888269
svgworld_pil,dinov3_s16|pre|western,pooled,1,48,0.12757504536666653
svgworld_pil,dinov3_s16|pre|western,pooled,1,64,0.10901410553938862
svgworld_pil,dinov3_s16|pre|western,pooled,1,96,0.0827109425885082
svgworld_pil,dinov3_s16|pre|western,pooled,1,128,0.06672650230039168
svgworld_pil,dinov3_s16|pre|western,pooled,1,192,0.04714188417041065
svgworld_pil,dinov3_s16|pre|western,pooled,1,256,0.03612857997214236
svgworld_pil,dinov3_s16|pre|western,pooled,2,1,0.3643251672793181
svgworld_pil,dinov3_s16|pre|western,pooled,2,2,0.3889249608083065
svgworld_pil,dinov3_s16|pre|western,pooled,2,4,0.34273905046213893
svgworld_pil,dinov3_s16|pre|western,pooled,2,8,0.2846128966432161
svgworld_pil,dinov3_s16|pre|western,pooled,2,12,0.24913212011945496
svgworld_pil,dinov3_s16|pre|western,pooled,2,16,0.2128986408564122
svgworld_pil,dinov3_s16|pre|western,pooled,2,20,0.19482359790252424
svgworld_pil,dinov3_s16|pre|western,pooled,2,24,0.17451251896427578
svgworld_pil,dinov3_s16|pre|western,pooled,2,32,0.15432961718763172
svgworld_pil,dinov3_s16|pre|western,pooled,2,48,0.12713652703888922
svgworld_pil,dinov3_s16|pre|western,pooled,2,64,0.10713840389521045
svgworld_pil,dinov3_s16|pre|western,pooled,2,96,0.08163964424244718
svgworld_pil,dinov3_s16|pre|western,pooled,2,128,0.06585115952543674
svgworld_pil,dinov3_s16|pre|western,pooled,2,192,0.04679081458168566
svgworld_pil,dinov3_s16|pre|western,pooled,2,256,0.03573325743153388
svgworld_pil,dinov3_s16|pre|western,pooled,3,1,0.36235670278523957
svgworld_pil,dinov3_s16|pre|western,pooled,3,2,0.3888514937410886
svgworld_pil,dinov3_s16|pre|western,pooled,3,4,0.34096015466853546
svgworld_pil,dinov3_s16|pre|western,pooled,3,8,0.2957911813403007
svgworld_pil,dinov3_s16|pre|western,pooled,3,12,0.2505409659697009
svgworld_pil,dinov3_s16|pre|western,pooled,3,16,0.21395322161916064
svgworld_pil,dinov3_s16|pre|western,pooled,3,20,0.19540722225653617
svgworld_pil,dinov3_s16|pre|western,pooled,3,24,0.17499712754514563
svgworld_pil,dinov3_s16|pre|western,pooled,3,32,0.1574674917466672
svgworld_pil,dinov3_s16|pre|western,pooled,3,48,0.1264138748345599
svgworld_pil,dinov3_s16|pre|western,pooled,3,64,0.10912069303642002
svgworld_pil,dinov3_s16|pre|western,pooled,3,96,0.08235124319494758
svgworld_pil,dinov3_s16|pre|western,pooled,3,128,0.06607552817132034
svgworld_pil,dinov3_s16|pre|western,pooled,3,192,0.046707883192666166
svgworld_pil,dinov3_s16|pre|western,pooled,3,256,0.036118443742889084
svgworld_pil,dinov3_s16|pre|western,pooled,4,1,0.3629932242592909
svgworld_pil,dinov3_s16|pre|western,pooled,4,2,0.3876498431602725
svgworld_pil,dinov3_s16|pre|western,pooled,4,4,0.34256651777696634
svgworld_pil,dinov3_s16|pre|western,pooled,4,8,0.27495249852116543
svgworld_pil,dinov3_s16|pre|western,pooled,4,12,0.25173651300093025
svgworld_pil,dinov3_s16|pre|western,pooled,4,16,0.2165412254937713
svgworld_pil,dinov3_s16|pre|western,pooled,4,20,0.1972875760076298
svgworld_pil,dinov3_s16|pre|western,pooled,4,24,0.17734148863250387
svgworld_pil,dinov3_s16|pre|western,pooled,4,32,0.15895847261846296
svgworld_pil,dinov3_s16|pre|western,pooled,4,48,0.12845159591248267
svgworld_pil,dinov3_s16|pre|western,pooled,4,64,0.10827891816670987
svgworld_pil,dinov3_s16|pre|western,pooled,4,96,0.0828050778663203
svgworld_pil,dinov3_s16|pre|western,pooled,4,128,0.06623146312811279
svgworld_pil,dinov3_s16|pre|western,pooled,4,192,0.0471116954423223
svgworld_pil,dinov3_s16|pre|western,pooled,4,256,0.03605336808479387
svgworld_pil,dinov3_s16|rand|island,pooled,0,1,0.04974158110293625
svgworld_pil,dinov3_s16|rand|island,pooled,0,2,0.03126909866266825
svgworld_pil,dinov3_s16|rand|island,pooled,0,4,0.03346922271240438
svgworld_pil,dinov3_s16|rand|island,pooled,0,8,0.02865705424267262
svgworld_pil,dinov3_s16|rand|island,pooled,0,12,0.03285058764599991
svgworld_pil,dinov3_s16|rand|island,pooled,0,16,0.03762765636492471
svgworld_pil,dinov3_s16|rand|island,pooled,0,20,0.0332177476825517
svgworld_pil,dinov3_s16|rand|island,pooled,0,24,0.030744734462579748
svgworld_pil,dinov3_s16|rand|island,pooled,0,32,0.0286884860760952
svgworld_pil,dinov3_s16|rand|island,pooled,0,48,0.025671085056592324
svgworld_pil,dinov3_s16|rand|island,pooled,0,64,0.022810318012393305
svgworld_pil,dinov3_s16|rand|island,pooled,0,96,0.01894721227216467
svgworld_pil,dinov3_s16|rand|island,pooled,0,128,0.017474759123969008
svgworld_pil,dinov3_s16|rand|island,pooled,0,192,0.016058376766042826
svgworld_pil,dinov3_s16|rand|island,pooled,0,256,0.01460430593301043
svgworld_pil,dinov3_s16|rand|island,pooled,1,1,0.04110559658161839
svgworld_pil,dinov3_s16|rand|island,pooled,1,2,0.027027440287694993
svgworld_pil,dinov3_s16|rand|island,pooled,1,4,0.024217822347086804
svgworld_pil,dinov3_s16|rand|island,pooled,1,8,0.028666022030161997
svgworld_pil,dinov3_s16|rand|island,pooled,1,12,0.0338890963995746
svgworld_pil,dinov3_s16|rand|island,pooled,1,16,0.037955907406947764
svgworld_pil,dinov3_s16|rand|island,pooled,1,20,0.03568456304880363
svgworld_pil,dinov3_s16|rand|island,pooled,1,24,0.03361506088672739
svgworld_pil,dinov3_s16|rand|island,pooled,1,32,0.03043939931307449
svgworld_pil,dinov3_s16|rand|island,pooled,1,48,0.026355314056809576
svgworld_pil,dinov3_s16|rand|island,pooled,1,64,0.023847903071670173
svgworld_pil,dinov3_s16|rand|island,pooled,1,96,0.02008172808252695
svgworld_pil,dinov3_s16|rand|island,pooled,1,128,0.01806663556580146
svgworld_pil,dinov3_s16|rand|island,pooled,1,192,0.016360694391430508
svgworld_pil,dinov3_s16|rand|island,pooled,1,256,0.015002732174797972
svgworld_pil,dinov3_s16|rand|island,pooled,2,1,0.046384327207106946
svgworld_pil,dinov3_s16|rand|island,pooled,2,2,0.030613838334542454
svgworld_pil,dinov3_s16|rand|island,pooled,2,4,0.021915051254407847
svgworld_pil,dinov3_s16|rand|island,pooled,2,8,0.02633859281028028
svgworld_pil,dinov3_s16|rand|island,pooled,2,12,0.033341668701833416
svgworld_pil,dinov3_s16|rand|island,pooled,2,16,0.035925134441833984
svgworld_pil,dinov3_s16|rand|island,pooled,2,20,0.03230097580176261
svgworld_pil,dinov3_s16|rand|island,pooled,2,24,0.02990706109981489
svgworld_pil,dinov3_s16|rand|island,pooled,2,32,0.028073291507652476
svgworld_pil,dinov3_s16|rand|island,pooled,2,48,0.02502549697749057
svgworld_pil,dinov3_s16|rand|island,pooled,2,64,0.02254674177626581
svgworld_pil,dinov3_s16|rand|island,pooled,2,96,0.019410930620102462
svgworld_pil,dinov3_s16|rand|island,pooled,2,128,0.01787947612178442
svgworld_pil,dinov3_s16|rand|island,pooled,2,192,0.016405550537958336
svgworld_pil,dinov3_s16|rand|island,pooled,2,256,0.015311569391372126
svgworld_pil,dinov3_s16|rand|island,pooled,3,1,0.043466112375669
svgworld_pil,dinov3_s16|rand|island,pooled,3,2,0.024652078379987397
svgworld_pil,dinov3_s16|rand|island,pooled,3,4,0.023919206881068633
svgworld_pil,dinov3_s16|rand|island,pooled,3,8,0.02777765003534094
svgworld_pil,dinov3_s16|rand|island,pooled,3,12,0.03095939484167276
svgworld_pil,dinov3_s16|rand|island,pooled,3,16,0.03569172529808318
svgworld_pil,dinov3_s16|rand|island,pooled,3,20,0.032454398266815065
svgworld_pil,dinov3_s16|rand|island,pooled,3,24,0.02968964540032637
svgworld_pil,dinov3_s16|rand|island,pooled,3,32,0.028405689362043796
svgworld_pil,dinov3_s16|rand|island,pooled,3,48,0.025609316644532032
svgworld_pil,dinov3_s16|rand|island,pooled,3,64,0.02255063446159289
svgworld_pil,dinov3_s16|rand|island,pooled,3,96,0.019130032186225554
svgworld_pil,dinov3_s16|rand|island,pooled,3,128,0.01767034054984551
svgworld_pil,dinov3_s16|rand|island,pooled,3,192,0.016427722883093576
svgworld_pil,dinov3_s16|rand|island,pooled,3,256,0.014981559449696258
svgworld_pil,dinov3_s16|rand|island,pooled,4,1,0.05253928666069252
svgworld_pil,dinov3_s16|rand|island,pooled,4,2,0.030703034074870295
svgworld_pil,dinov3_s16|rand|island,pooled,4,4,0.020374757161761292
svgworld_pil,dinov3_s16|rand|island,pooled,4,8,0.02983196632977314
svgworld_pil,dinov3_s16|rand|island,pooled,4,12,0.03285974584928053
svgworld_pil,dinov3_s16|rand|island,pooled,4,16,0.03645306021608141
svgworld_pil,dinov3_s16|rand|island,pooled,4,20,0.03511222120240942
svgworld_pil,dinov3_s16|rand|island,pooled,4,24,0.031992251668002125
svgworld_pil,dinov3_s16|rand|island,pooled,4,32,0.029430966152702243
svgworld_pil,dinov3_s16|rand|island,pooled,4,48,0.0262994790393124
svgworld_pil,dinov3_s16|rand|island,pooled,4,64,0.02326689578678165
svgworld_pil,dinov3_s16|rand|island,pooled,4,96,0.01986834529872017
svgworld_pil,dinov3_s16|rand|island,pooled,4,128,0.017860109087274534
svgworld_pil,dinov3_s16|rand|island,pooled,4,192,0.01614627485384157
svgworld_pil,dinov3_s16|rand|island,pooled,4,256,0.015015948505595844
svgworld_pil,dinov3_s16|rand|western,pooled,0,1,0.03791141766050954
svgworld_pil,dinov3_s16|rand|western,pooled,0,2,0.023472464116118474
svgworld_pil,dinov3_s16|rand|western,pooled,0,4,0.020477335046475198
svgworld_pil,dinov3_s16|rand|western,pooled,0,8,0.01834275755299819
svgworld_pil,dinov3_s16|rand|western,pooled,0,12,0.017847689888714435
svgworld_pil,dinov3_s16|rand|western,pooled,0,16,0.017541273183757866
svgworld_pil,dinov3_s16|rand|western,pooled,0,20,0.01640115651577878
svgworld_pil,dinov3_s16|rand|western,pooled,0,24,0.020261301674041277
svgworld_pil,dinov3_s16|rand|western,pooled,0,32,0.018494788698550924
svgworld_pil,dinov3_s16|rand|western,pooled,0,48,0.017544938807583232
svgworld_pil,dinov3_s16|rand|western,pooled,0,64,0.01800510274344591
svgworld_pil,dinov3_s16|rand|western,pooled,0,96,0.0166087791898597
svgworld_pil,dinov3_s16|rand|western,pooled,0,128,0.01619270679436524
svgworld_pil,dinov3_s16|rand|western,pooled,0,192,0.01695926359261013
svgworld_pil,dinov3_s16|rand|western,pooled,0,256,0.01596895158336631
svgworld_pil,dinov3_s16|rand|western,pooled,1,1,0.028283740961920767
svgworld_pil,dinov3_s16|rand|western,pooled,1,2,0.019091200567912248
svgworld_pil,dinov3_s16|rand|western,pooled,1,4,0.018246772073285844
svgworld_pil,dinov3_s16|rand|western,pooled,1,8,0.01915527099978309
svgworld_pil,dinov3_s16|rand|western,pooled,1,12,0.017263808823677507
svgworld_pil,dinov3_s16|rand|western,pooled,1,16,0.018283611935706046
svgworld_pil,dinov3_s16|rand|western,pooled,1,20,0.015890864184074815
svgworld_pil,dinov3_s16|rand|western,pooled,1,24,0.02075310252632223
svgworld_pil,dinov3_s16|rand|western,pooled,1,32,0.018254588373117997
svgworld_pil,dinov3_s16|rand|western,pooled,1,48,0.017437313387423603
svgworld_pil,dinov3_s16|rand|western,pooled,1,64,0.01828440029882672
svgworld_pil,dinov3_s16|rand|western,pooled,1,96,0.017373965249385948
svgworld_pil,dinov3_s16|rand|western,pooled,1,128,0.016343505128106228
svgworld_pil,dinov3_s16|rand|western,pooled,1,192,0.016982433385008933
svgworld_pil,dinov3_s16|rand|western,pooled,1,256,0.015976973089262936
svgworld_pil,dinov3_s16|rand|western,pooled,2,1,0.03591372519207514
svgworld_pil,dinov3_s16|rand|western,pooled,2,2,0.02261805533840644
svgworld_pil,dinov3_s16|rand|western,pooled,2,4,0.02068689927622136
svgworld_pil,dinov3_s16|rand|western,pooled,2,8,0.016196190483538486
svgworld_pil,dinov3_s16|rand|western,pooled,2,12,0.01591183358694548
svgworld_pil,dinov3_s16|rand|western,pooled,2,16,0.016398779357177262
svgworld_pil,dinov3_s16|rand|western,pooled,2,20,0.014743525316270434
svgworld_pil,dinov3_s16|rand|western,pooled,2,24,0.019116189595431488
svgworld_pil,dinov3_s16|rand|western,pooled,2,32,0.017281147011495746
svgworld_pil,dinov3_s16|rand|western,pooled,2,48,0.017023538169523733
svgworld_pil,dinov3_s16|rand|western,pooled,2,64,0.017384002257983422
svgworld_pil,dinov3_s16|rand|western,pooled,2,96,0.016814750645376297
svgworld_pil,dinov3_s16|rand|western,pooled,2,128,0.016284186402502066
svgworld_pil,dinov3_s16|rand|western,pooled,2,192,0.017097451802457253
svgworld_pil,dinov3_s16|rand|western,pooled,2,256,0.01598760365949292
svgworld_pil,dinov3_s16|rand|western,pooled,3,1,0.022070380194497585
svgworld_pil,dinov3_s16|rand|western,pooled,3,2,0.020204306957820828
svgworld_pil,dinov3_s16|rand|western,pooled,3,4,0.021342565050386453
svgworld_pil,dinov3_s16|rand|western,pooled,3,8,0.019400497239148717
svgworld_pil,dinov3_s16|rand|western,pooled,3,12,0.01765106101955094
svgworld_pil,dinov3_s16|rand|western,pooled,3,16,0.01780127543322596
svgworld_pil,dinov3_s16|rand|western,pooled,3,20,0.0158100230335827
svgworld_pil,dinov3_s16|rand|western,pooled,3,24,0.02109597408382291
svgworld_pil,dinov3_s16|rand|western,pooled,3,32,0.01859137796999666
svgworld_pil,dinov3_s16|rand|western,pooled,3,48,0.016994685938364396
svgworld_pil,dinov3_s16|rand|western,pooled,3,64,0.0179683596629594
svgworld_pil,dinov3_s16|rand|western,pooled,3,96,0.017523161622176042
svgworld_pil,dinov3_s16|rand|western,pooled,3,128,0.016700079561685954
svgworld_pil,dinov3_s16|rand|western,pooled,3,192,0.017197438851443425
svgworld_pil,dinov3_s16|rand|western,pooled,3,256,0.01611609791421642
svgworld_pil,dinov3_s16|rand|western,pooled,4,1,0.02637283415141567
svgworld_pil,dinov3_s16|rand|western,pooled,4,2,0.02308559162588608
svgworld_pil,dinov3_s16|rand|western,pooled,4,4,0.024457233090495745
svgworld_pil,dinov3_s16|rand|western,pooled,4,8,0.0207854799174908
svgworld_pil,dinov3_s16|rand|western,pooled,4,12,0.018200246916250218
svgworld_pil,dinov3_s16|rand|western,pooled,4,16,0.018639214367086154
svgworld_pil,dinov3_s16|rand|western,pooled,4,20,0.017021908286992238
svgworld_pil,dinov3_s16|rand|western,pooled,4,24,0.022092884704019378
svgworld_pil,dinov3_s16|rand|western,pooled,4,32,0.01980393631987931
svgworld_pil,dinov3_s16|rand|western,pooled,4,48,0.018760945191396927
svgworld_pil,dinov3_s16|rand|western,pooled,4,64,0.01857748969949491
svgworld_pil,dinov3_s16|rand|western,pooled,4,96,0.018080209565014327
svgworld_pil,dinov3_s16|rand|western,pooled,4,128,0.01695075711618399
svgworld_pil,dinov3_s16|rand|western,pooled,4,192,0.017386829636967138
svgworld_pil,dinov3_s16|rand|western,pooled,4,256,0.01625545130330086
svgworld_pil,resnet50|pre|island,pooled,0,1,0.4854337351554242
svgworld_pil,resnet50|pre|island,pooled,0,2,0.5661850330930858
svgworld_pil,resnet50|pre|island,pooled,0,4,0.5158369898280751
svgworld_pil,resnet50|pre|island,pooled,0,8,0.4420567594943099
svgworld_pil,resnet50|pre|island,pooled,0,12,0.384369913716471
svgworld_pil,resnet50|pre|island,pooled,0,16,0.3320510434015054
svgworld_pil,resnet50|pre|island,pooled,0,20,0.29814007191580216
svgworld_pil,resnet50|pre|island,pooled,0,24,0.2792255139846894
svgworld_pil,resnet50|pre|island,pooled,0,32,0.2376153051062222
svgworld_pil,resnet50|pre|island,pooled,0,48,0.18219314193796043
svgworld_pil,resnet50|pre|island,pooled,0,64,0.14529585060575168
svgworld_pil,resnet50|pre|island,pooled,0,96,0.102113026823341
svgworld_pil,resnet50|pre|island,pooled,0,128,0.0788849220453598
svgworld_pil,resnet50|pre|island,pooled,0,192,0.05372776700166926
svgworld_pil,resnet50|pre|island,pooled,0,256,0.04061220454555026
svgworld_pil,resnet50|pre|island,pooled,0,384,0.027037907031129516
svgworld_pil,resnet50|pre|island,pooled,0,512,0.01995259203297184
svgworld_pil,resnet50|pre|island,pooled,0,767,0.012589857941921245
svgworld_pil,resnet50|pre|island,pooled,1,1,0.5079745093973227
svgworld_pil,resnet50|pre|island,pooled,1,2,0.5856697706261961
svgworld_pil,resnet50|pre|island,pooled,1,4,0.539778287018611
svgworld_pil,resnet50|pre|island,pooled,1,8,0.4503306678831204
svgworld_pil,resnet50|pre|island,pooled,1,12,0.392230024218607
svgworld_pil,resnet50|pre|island,pooled,1,16,0.34248946716196504
svgworld_pil,resnet50|pre|island,pooled,1,20,0.3046527701903402
svgworld_pil,resnet50|pre|island,pooled,1,24,0.2880802612288861
svgworld_pil,resnet50|pre|island,pooled,1,32,0.2424928745981063
svgworld_pil,resnet50|pre|island,pooled,1,48,0.18343502329404704
svgworld_pil,resnet50|pre|island,pooled,1,64,0.147170347822575
svgworld_pil,resnet50|pre|island,pooled,1,96,0.1035632254943698
svgworld_pil,resnet50|pre|island,pooled,1,128,0.07965891279090687
svgworld_pil,resnet50|pre|island,pooled,1,192,0.054415513966362794
svgworld_pil,resnet50|pre|island,pooled,1,256,0.041146583772854406
svgworld_pil,resnet50|pre|island,pooled,1,384,0.027247335637319736
svgworld_pil,resnet50|pre|island,pooled,1,512,0.020046736902586848
svgworld_pil,resnet50|pre|island,pooled,1,767,0.012637344123767602
svgworld_pil,resnet50|pre|island,pooled,2,1,0.48475434963993536
svgworld_pil,resnet50|pre|island,pooled,2,2,0.5677844511556176
svgworld_pil,resnet50|pre|island,pooled,2,4,0.5172827269343263
svgworld_pil,resnet50|pre|island,pooled,2,8,0.44589226080046207
svgworld_pil,resnet50|pre|island,pooled,2,12,0.3910870381393807
svgworld_pil,resnet50|pre|island,pooled,2,16,0.3353550992642661
svgworld_pil,resnet50|pre|island,pooled,2,20,0.29947441180695555
svgworld_pil,resnet50|pre|island,pooled,2,24,0.28354985074043404
svgworld_pil,resnet50|pre|island,pooled,2,32,0.2374686202773323
svgworld_pil,resnet50|pre|island,pooled,2,48,0.18164131639256387
svgworld_pil,resnet50|pre|island,pooled,2,64,0.14614094535884992
svgworld_pil,resnet50|pre|island,pooled,2,96,0.10296086537331717
svgworld_pil,resnet50|pre|island,pooled,2,128,0.07945665752747422
svgworld_pil,resnet50|pre|island,pooled,2,192,0.054228332287455494
svgworld_pil,resnet50|pre|island,pooled,2,256,0.040967122444345416
svgworld_pil,resnet50|pre|island,pooled,2,384,0.027197964633919547
svgworld_pil,resnet50|pre|island,pooled,2,512,0.02005798627953248
svgworld_pil,resnet50|pre|island,pooled,2,767,0.012641899204660412
svgworld_pil,resnet50|pre|island,pooled,3,1,0.4911216328705126
svgworld_pil,resnet50|pre|island,pooled,3,2,0.5749329276895911
svgworld_pil,resnet50|pre|island,pooled,3,4,0.5281051343929006
svgworld_pil,resnet50|pre|island,pooled,3,8,0.44561096844330494
svgworld_pil,resnet50|pre|island,pooled,3,12,0.3923120456154482
svgworld_pil,resnet50|pre|island,pooled,3,16,0.3346783077385964
svgworld_pil,resnet50|pre|island,pooled,3,20,0.3014769671769164
svgworld_pil,resnet50|pre|island,pooled,3,24,0.28604719911290066
svgworld_pil,resnet50|pre|island,pooled,3,32,0.23897904691934257
svgworld_pil,resnet50|pre|island,pooled,3,48,0.1818851388685907
svgworld_pil,resnet50|pre|island,pooled,3,64,0.14677230061317237
svgworld_pil,resnet50|pre|island,pooled,3,96,0.10361833447200064
svgworld_pil,resnet50|pre|island,pooled,3,128,0.07988902496509231
svgworld_pil,resnet50|pre|island,pooled,3,192,0.05435836254072035
svgworld_pil,resnet50|pre|island,pooled,3,256,0.04104575810796085
svgworld_pil,resnet50|pre|island,pooled,3,384,0.02727257136202743
svgworld_pil,resnet50|pre|island,pooled,3,512,0.02006333833552021
svgworld_pil,resnet50|pre|island,pooled,3,767,0.01263228678790107
svgworld_pil,resnet50|pre|island,pooled,4,1,0.4937581275661769
svgworld_pil,resnet50|pre|island,pooled,4,2,0.5758781177570254
svgworld_pil,resnet50|pre|island,pooled,4,4,0.5442159373326708
svgworld_pil,resnet50|pre|island,pooled,4,8,0.44690257084460205
svgworld_pil,resnet50|pre|island,pooled,4,12,0.39309787056296164
svgworld_pil,resnet50|pre|island,pooled,4,16,0.33832811507473004
svgworld_pil,resnet50|pre|island,pooled,4,20,0.304356206503669
svgworld_pil,resnet50|pre|island,pooled,4,24,0.28526945371871726
svgworld_pil,resnet50|pre|island,pooled,4,32,0.24203977638434937
svgworld_pil,resnet50|pre|island,pooled,4,48,0.18436896717549478
svgworld_pil,resnet50|pre|island,pooled,4,64,0.14775754534921282
svgworld_pil,resnet50|pre|island,pooled,4,96,0.10359867512640875
svgworld_pil,resnet50|pre|island,pooled,4,128,0.0799168685443089
svgworld_pil,resnet50|pre|island,pooled,4,192,0.05452470301810164
svgworld_pil,resnet50|pre|island,pooled,4,256,0.04114134372901834
svgworld_pil,resnet50|pre|island,pooled,4,384,0.027339393433641113
svgworld_pil,resnet50|pre|island,pooled,4,512,0.020059029118360994
svgworld_pil,resnet50|pre|island,pooled,4,767,0.012604413742038023
svgworld_pil,resnet50|pre|western,pooled,0,1,0.6934124899602392
svgworld_pil,resnet50|pre|western,pooled,0,2,0.6727877469202506
svgworld_pil,resnet50|pre|western,pooled,0,4,0.5489058708439476
svgworld_pil,resnet50|pre|western,pooled,0,8,0.47792358736333374
svgworld_pil,resnet50|pre|western,pooled,0,12,0.40820362592516557
svgworld_pil,resnet50|pre|western,pooled,0,16,0.3638741628866914
svgworld_pil,resnet50|pre|western,pooled,0,20,0.31448637201797425
svgworld_pil,resnet50|pre|western,pooled,0,24,0.28577023111904876
svgworld_pil,resnet50|pre|western,pooled,0,32,0.2346560438402464
svgworld_pil,resnet50|pre|western,pooled,0,48,0.17324844304860643
svgworld_pil,resnet50|pre|western,pooled,0,64,0.14101634279830555
svgworld_pil,resnet50|pre|western,pooled,0,96,0.10064509509391562
svgworld_pil,resnet50|pre|western,pooled,0,128,0.07816659845119511
svgworld_pil,resnet50|pre|western,pooled,0,192,0.053995434202716575
svgworld_pil,resnet50|pre|western,pooled,0,256,0.04077362297879339
svgworld_pil,resnet50|pre|western,pooled,0,384,0.027218353086333358
svgworld_pil,resnet50|pre|western,pooled,0,512,0.020156131591452242
svgworld_pil,resnet50|pre|western,pooled,0,767,0.012761853451264904
svgworld_pil,resnet50|pre|western,pooled,1,1,0.6906400551300689
svgworld_pil,resnet50|pre|western,pooled,1,2,0.6729381789141841
svgworld_pil,resnet50|pre|western,pooled,1,4,0.5484532126620184
svgworld_pil,resnet50|pre|western,pooled,1,8,0.4696877194767126
svgworld_pil,resnet50|pre|western,pooled,1,12,0.41170834978050397
svgworld_pil,resnet50|pre|western,pooled,1,16,0.3712079881833452
svgworld_pil,resnet50|pre|western,pooled,1,20,0.31896937147943205
svgworld_pil,resnet50|pre|western,pooled,1,24,0.2894768583262042
svgworld_pil,resnet50|pre|western,pooled,1,32,0.23954051190377923
svgworld_pil,resnet50|pre|western,pooled,1,48,0.17684519178921965
svgworld_pil,resnet50|pre|western,pooled,1,64,0.14308469031047188
svgworld_pil,resnet50|pre|western,pooled,1,96,0.10144238018842122
svgworld_pil,resnet50|pre|western,pooled,1,128,0.07882837463210457
svgworld_pil,resnet50|pre|western,pooled,1,192,0.05425397473658633
svgworld_pil,resnet50|pre|western,pooled,1,256,0.04102346432729209
svgworld_pil,resnet50|pre|western,pooled,1,384,0.027468809365304714
svgworld_pil,resnet50|pre|western,pooled,1,512,0.020335156921056807
svgworld_pil,resnet50|pre|western,pooled,1,767,0.01289220637005506
svgworld_pil,resnet50|pre|western,pooled,2,1,0.6904254713397762
svgworld_pil,resnet50|pre|western,pooled,2,2,0.6699543674999806
svgworld_pil,resnet50|pre|western,pooled,2,4,0.5462983843637962
svgworld_pil,resnet50|pre|western,pooled,2,8,0.4801398430972922
svgworld_pil,resnet50|pre|western,pooled,2,12,0.4089385304106524
svgworld_pil,resnet50|pre|western,pooled,2,16,0.3665768473063181
svgworld_pil,resnet50|pre|western,pooled,2,20,0.3176319624975992
svgworld_pil,resnet50|pre|western,pooled,2,24,0.28416731199515877
svgworld_pil,resnet50|pre|western,pooled,2,32,0.23596649880084575
svgworld_pil,resnet50|pre|western,pooled,2,48,0.1765548765692988
svgworld_pil,resnet50|pre|western,pooled,2,64,0.14359415021328026
svgworld_pil,resnet50|pre|western,pooled,2,96,0.10183355695405039
svgworld_pil,resnet50|pre|western,pooled,2,128,0.07893201066225963
svgworld_pil,resnet50|pre|western,pooled,2,192,0.054266743547296215
svgworld_pil,resnet50|pre|western,pooled,2,256,0.041079526348675066
svgworld_pil,resnet50|pre|western,pooled,2,384,0.027527477897758335
svgworld_pil,resnet50|pre|western,pooled,2,512,0.02037119259441056
svgworld_pil,resnet50|pre|western,pooled,2,767,0.012869565202799138
svgworld_pil,resnet50|pre|western,pooled,3,1,0.693705012854538
svgworld_pil,resnet50|pre|western,pooled,3,2,0.6748461546938676
svgworld_pil,resnet50|pre|western,pooled,3,4,0.5528020478326467
svgworld_pil,resnet50|pre|western,pooled,3,8,0.47323426309511896
svgworld_pil,resnet50|pre|western,pooled,3,12,0.41059417943677334
svgworld_pil,resnet50|pre|western,pooled,3,16,0.36575410262139574
svgworld_pil,resnet50|pre|western,pooled,3,20,0.31688340669166437
svgworld_pil,resnet50|pre|western,pooled,3,24,0.28675893843523614
svgworld_pil,resnet50|pre|western,pooled,3,32,0.2385855553663826
svgworld_pil,resnet50|pre|western,pooled,3,48,0.17752057222959727
svgworld_pil,resnet50|pre|western,pooled,3,64,0.14404256937971704
svgworld_pil,resnet50|pre|western,pooled,3,96,0.1024434378419552
svgworld_pil,resnet50|pre|western,pooled,3,128,0.07859303144908825
svgworld_pil,resnet50|pre|western,pooled,3,192,0.054049920853569966
svgworld_pil,resnet50|pre|western,pooled,3,256,0.04089383621272591
svgworld_pil,resnet50|pre|western,pooled,3,384,0.02732299382382586
svgworld_pil,resnet50|pre|western,pooled,3,512,0.020137528028905116
svgworld_pil,resnet50|pre|western,pooled,3,767,0.0126979508431726
svgworld_pil,resnet50|pre|western,pooled,4,1,0.6931696254967306
svgworld_pil,resnet50|pre|western,pooled,4,2,0.6733226994247086
svgworld_pil,resnet50|pre|western,pooled,4,4,0.5488379770271816
svgworld_pil,resnet50|pre|western,pooled,4,8,0.465494693623409
svgworld_pil,resnet50|pre|western,pooled,4,12,0.4096033595123463
svgworld_pil,resnet50|pre|western,pooled,4,16,0.370199409427198
svgworld_pil,resnet50|pre|western,pooled,4,20,0.3168590799132369
svgworld_pil,resnet50|pre|western,pooled,4,24,0.2859536778501721
svgworld_pil,resnet50|pre|western,pooled,4,32,0.23650303070475887
svgworld_pil,resnet50|pre|western,pooled,4,48,0.1766494634607274
svgworld_pil,resnet50|pre|western,pooled,4,64,0.14300074995272893
svgworld_pil,resnet50|pre|western,pooled,4,96,0.10191274553604046
svgworld_pil,resnet50|pre|western,pooled,4,128,0.07893721751507976
svgworld_pil,resnet50|pre|western,pooled,4,192,0.054201838224896326
svgworld_pil,resnet50|pre|western,pooled,4,256,0.04104098348684915
svgworld_pil,resnet50|pre|western,pooled,4,384,0.02741963766446942
svgworld_pil,resnet50|pre|western,pooled,4,512,0.020268058163131042
svgworld_pil,resnet50|pre|western,pooled,4,767,0.012755669363032851
svgworld_pil,resnet50|rand|island,pooled,0,1,0.3700973041002279
svgworld_pil,resnet50|rand|island,pooled,0,2,0.4767463798651087
svgworld_pil,resnet50|rand|island,pooled,0,4,0.47569999589608625
svgworld_pil,resnet50|rand|island,pooled,0,8,0.3900568552685473
svgworld_pil,resnet50|rand|island,pooled,0,12,0.3355058012686115
svgworld_pil,resnet50|rand|island,pooled,0,16,0.30773064400681294
svgworld_pil,resnet50|rand|island,pooled,0,20,0.28102394073082915
svgworld_pil,resnet50|rand|island,pooled,0,24,0.25989841665436286
svgworld_pil,resnet50|rand|island,pooled,0,32,0.21614009975770643
svgworld_pil,resnet50|rand|island,pooled,0,48,0.1684798670757942
svgworld_pil,resnet50|rand|island,pooled,0,64,0.13661807801364712
svgworld_pil,resnet50|rand|island,pooled,0,96,0.09756165512713733
svgworld_pil,resnet50|rand|island,pooled,0,128,0.07680609041169195
svgworld_pil,resnet50|rand|island,pooled,0,192,0.05339820845373722
svgworld_pil,resnet50|rand|island,pooled,0,256,0.04074539876311045
svgworld_pil,resnet50|rand|island,pooled,0,384,0.027421796232419138
svgworld_pil,resnet50|rand|island,pooled,0,512,0.0204435231610135
svgworld_pil,resnet50|rand|island,pooled,0,767,0.0132098041674642
svgworld_pil,resnet50|rand|island,pooled,1,1,0.3721225330376562
svgworld_pil,resnet50|rand|island,pooled,1,2,0.4807967062488725
svgworld_pil,resnet50|rand|island,pooled,1,4,0.5112185556340841
svgworld_pil,resnet50|rand|island,pooled,1,8,0.3980085409240389
svgworld_pil,resnet50|rand|island,pooled,1,12,0.3374604423875184
svgworld_pil,resnet50|rand|island,pooled,1,16,0.30904657054957185
svgworld_pil,resnet50|rand|island,pooled,1,20,0.28336001006138045
svgworld_pil,resnet50|rand|island,pooled,1,24,0.2602212021083876
svgworld_pil,resnet50|rand|island,pooled,1,32,0.2177875613706045
svgworld_pil,resnet50|rand|island,pooled,1,48,0.16859301639116409
svgworld_pil,resnet50|rand|island,pooled,1,64,0.1359407573414334
svgworld_pil,resnet50|rand|island,pooled,1,96,0.09800570411624332
svgworld_pil,resnet50|rand|island,pooled,1,128,0.07695085053942619
svgworld_pil,resnet50|rand|island,pooled,1,192,0.053599912320522636
svgworld_pil,resnet50|rand|island,pooled,1,256,0.04099888705756527
svgworld_pil,resnet50|rand|island,pooled,1,384,0.027629066663867552
svgworld_pil,resnet50|rand|island,pooled,1,512,0.02052320548639941
svgworld_pil,resnet50|rand|island,pooled,1,767,0.013228410039434979
svgworld_pil,resnet50|rand|island,pooled,2,1,0.363176171905505
svgworld_pil,resnet50|rand|island,pooled,2,2,0.4786781203305075
svgworld_pil,resnet50|rand|island,pooled,2,4,0.47790072119563465
svgworld_pil,resnet50|rand|island,pooled,2,8,0.3878180411848905
svgworld_pil,resnet50|rand|island,pooled,2,12,0.33645160712169
svgworld_pil,resnet50|rand|island,pooled,2,16,0.3156801339422858
svgworld_pil,resnet50|rand|island,pooled,2,20,0.2822476110097988
svgworld_pil,resnet50|rand|island,pooled,2,24,0.2589672352383162
svgworld_pil,resnet50|rand|island,pooled,2,32,0.21442955038808953
svgworld_pil,resnet50|rand|island,pooled,2,48,0.16860959649798823
svgworld_pil,resnet50|rand|island,pooled,2,64,0.13651267353043706
svgworld_pil,resnet50|rand|island,pooled,2,96,0.09788594792647176
svgworld_pil,resnet50|rand|island,pooled,2,128,0.07641735064901889
svgworld_pil,resnet50|rand|island,pooled,2,192,0.053219971344017236
svgworld_pil,resnet50|rand|island,pooled,2,256,0.04070331926092685
svgworld_pil,resnet50|rand|island,pooled,2,384,0.02742680824434618
svgworld_pil,resnet50|rand|island,pooled,2,512,0.020411100003174254
svgworld_pil,resnet50|rand|island,pooled,2,767,0.01319439462546923
svgworld_pil,resnet50|rand|island,pooled,3,1,0.36955817752148135
svgworld_pil,resnet50|rand|island,pooled,3,2,0.47955398460210796
svgworld_pil,resnet50|rand|island,pooled,3,4,0.47345955491625225
svgworld_pil,resnet50|rand|island,pooled,3,8,0.3922772578657546
svgworld_pil,resnet50|rand|island,pooled,3,12,0.33781977238209615
svgworld_pil,resnet50|rand|island,pooled,3,16,0.31160369321577397
svgworld_pil,resnet50|rand|island,pooled,3,20,0.2846221687871924
svgworld_pil,resnet50|rand|island,pooled,3,24,0.2567275637425631
svgworld_pil,resnet50|rand|island,pooled,3,32,0.2125105939030082
svgworld_pil,resnet50|rand|island,pooled,3,48,0.16756070924248656
svgworld_pil,resnet50|rand|island,pooled,3,64,0.13675060155849816
svgworld_pil,resnet50|rand|island,pooled,3,96,0.09744488389725348
svgworld_pil,resnet50|rand|island,pooled,3,128,0.07659416655238294
svgworld_pil,resnet50|rand|island,pooled,3,192,0.053407849154097686
svgworld_pil,resnet50|rand|island,pooled,3,256,0.0408845954929149
svgworld_pil,resnet50|rand|island,pooled,3,384,0.0276003999888097
svgworld_pil,resnet50|rand|island,pooled,3,512,0.02052850671598838
svgworld_pil,resnet50|rand|island,pooled,3,767,0.013171734406783542
svgworld_pil,resnet50|rand|island,pooled,4,1,0.3700540135505086
svgworld_pil,resnet50|rand|island,pooled,4,2,0.4690330100392104
svgworld_pil,resnet50|rand|island,pooled,4,4,0.4955244061595053
svgworld_pil,resnet50|rand|island,pooled,4,8,0.3868331487907821
svgworld_pil,resnet50|rand|island,pooled,4,12,0.33607699856220385
svgworld_pil,resnet50|rand|island,pooled,4,16,0.3123924519094363
svgworld_pil,resnet50|rand|island,pooled,4,20,0.2873566843886206
svgworld_pil,resnet50|rand|island,pooled,4,24,0.25658601757095467
svgworld_pil,resnet50|rand|island,pooled,4,32,0.22005369452602697
svgworld_pil,resnet50|rand|island,pooled,4,48,0.16862723696548476
svgworld_pil,resnet50|rand|island,pooled,4,64,0.1356969877578088
svgworld_pil,resnet50|rand|island,pooled,4,96,0.09778084586732205
svgworld_pil,resnet50|rand|island,pooled,4,128,0.07706465266747653
svgworld_pil,resnet50|rand|island,pooled,4,192,0.05379264725921007
svgworld_pil,resnet50|rand|island,pooled,4,256,0.04116312425874269
svgworld_pil,resnet50|rand|island,pooled,4,384,0.027735788157914998
svgworld_pil,resnet50|rand|island,pooled,4,512,0.020634970131318542
svgworld_pil,resnet50|rand|island,pooled,4,767,0.013171730190654984
svgworld_pil,resnet50|rand|western,pooled,0,1,0.4723505743320152
svgworld_pil,resnet50|rand|western,pooled,0,2,0.5510240465125741
svgworld_pil,resnet50|rand|western,pooled,0,4,0.4461147512188264
svgworld_pil,resnet50|rand|western,pooled,0,8,0.44229601835814025
svgworld_pil,resnet50|rand|western,pooled,0,12,0.370189533941759
svgworld_pil,resnet50|rand|western,pooled,0,16,0.3276028149438992
svgworld_pil,resnet50|rand|western,pooled,0,20,0.286090941400863
svgworld_pil,resnet50|rand|western,pooled,0,24,0.2527728637008533
svgworld_pil,resnet50|rand|western,pooled,0,32,0.21500650178265845
svgworld_pil,resnet50|rand|western,pooled,0,48,0.16590131006135977
svgworld_pil,resnet50|rand|western,pooled,0,64,0.13318145280632587
svgworld_pil,resnet50|rand|western,pooled,0,96,0.09736717636571612
svgworld_pil,resnet50|rand|western,pooled,0,128,0.07650806748525307
svgworld_pil,resnet50|rand|western,pooled,0,192,0.05294941681124732
svgworld_pil,resnet50|rand|western,pooled,0,256,0.04047696530146805
svgworld_pil,resnet50|rand|western,pooled,0,384,0.027303992205468974
svgworld_pil,resnet50|rand|western,pooled,0,512,0.02029212499032007
svgworld_pil,resnet50|rand|western,pooled,0,767,0.013039955207450715
svgworld_pil,resnet50|rand|western,pooled,1,1,0.47611168627765477
svgworld_pil,resnet50|rand|western,pooled,1,2,0.548916029432504
svgworld_pil,resnet50|rand|western,pooled,1,4,0.45398616314991325
svgworld_pil,resnet50|rand|western,pooled,1,8,0.4624124444832033
svgworld_pil,resnet50|rand|western,pooled,1,12,0.3693682825883312
svgworld_pil,resnet50|rand|western,pooled,1,16,0.31965557778683296
svgworld_pil,resnet50|rand|western,pooled,1,20,0.28662581458203573
svgworld_pil,resnet50|rand|western,pooled,1,24,0.2550009059037339
svgworld_pil,resnet50|rand|western,pooled,1,32,0.2178409535100766
svgworld_pil,resnet50|rand|western,pooled,1,48,0.16509019966013827
svgworld_pil,resnet50|rand|western,pooled,1,64,0.13361487112776405
svgworld_pil,resnet50|rand|western,pooled,1,96,0.09752838574792821
svgworld_pil,resnet50|rand|western,pooled,1,128,0.07669185690234492
svgworld_pil,resnet50|rand|western,pooled,1,192,0.05362294764536779
svgworld_pil,resnet50|rand|western,pooled,1,256,0.04090182626776517
svgworld_pil,resnet50|rand|western,pooled,1,384,0.02752577279694901
svgworld_pil,resnet50|rand|western,pooled,1,512,0.020491559947439675
svgworld_pil,resnet50|rand|western,pooled,1,767,0.013185529231417137
svgworld_pil,resnet50|rand|western,pooled,2,1,0.48432616108604176
svgworld_pil,resnet50|rand|western,pooled,2,2,0.5553360405674035
svgworld_pil,resnet50|rand|western,pooled,2,4,0.446718248918916
svgworld_pil,resnet50|rand|western,pooled,2,8,0.45075421683184524
svgworld_pil,resnet50|rand|western,pooled,2,12,0.3678231983271175
svgworld_pil,resnet50|rand|western,pooled,2,16,0.3294145379206922
svgworld_pil,resnet50|rand|western,pooled,2,20,0.2870617154951125
svgworld_pil,resnet50|rand|western,pooled,2,24,0.2527052842865708
svgworld_pil,resnet50|rand|western,pooled,2,32,0.21712813495977323
svgworld_pil,resnet50|rand|western,pooled,2,48,0.16285156683978474
svgworld_pil,resnet50|rand|western,pooled,2,64,0.132152071774172
svgworld_pil,resnet50|rand|western,pooled,2,96,0.09682906944209513
svgworld_pil,resnet50|rand|western,pooled,2,128,0.07626346447175225
svgworld_pil,resnet50|rand|western,pooled,2,192,0.05349195067563561
svgworld_pil,resnet50|rand|western,pooled,2,256,0.04089285824308597
svgworld_pil,resnet50|rand|western,pooled,2,384,0.027624360401522385
svgworld_pil,resnet50|rand|western,pooled,2,512,0.020546044514040296
svgworld_pil,resnet50|rand|western,pooled,2,767,0.013199773503864809
svgworld_pil,resnet50|rand|western,pooled,3,1,0.47758235896769463
svgworld_pil,resnet50|rand|western,pooled,3,2,0.5433624068994144
svgworld_pil,resnet50|rand|western,pooled,3,4,0.4458958832265183
svgworld_pil,resnet50|rand|western,pooled,3,8,0.44373249465015496
svgworld_pil,resnet50|rand|western,pooled,3,12,0.36621595082115477
svgworld_pil,resnet50|rand|western,pooled,3,16,0.32394275621400725
svgworld_pil,resnet50|rand|western,pooled,3,20,0.28883579318986474
svgworld_pil,resnet50|rand|western,pooled,3,24,0.25514374668010487
svgworld_pil,resnet50|rand|western,pooled,3,32,0.2198411022050455
svgworld_pil,resnet50|rand|western,pooled,3,48,0.16765518207739727
svgworld_pil,resnet50|rand|western,pooled,3,64,0.13522997806204506
svgworld_pil,resnet50|rand|western,pooled,3,96,0.09839750525437185
svgworld_pil,resnet50|rand|western,pooled,3,128,0.07745846679282631
svgworld_pil,resnet50|rand|western,pooled,3,192,0.05375565851751962
svgworld_pil,resnet50|rand|western,pooled,3,256,0.04102679110767038
svgworld_pil,resnet50|rand|western,pooled,3,384,0.02757610859535642
svgworld_pil,resnet50|rand|western,pooled,3,512,0.020526943809743736
svgworld_pil,resnet50|rand|western,pooled,3,767,0.013101619983905688
svgworld_pil,resnet50|rand|western,pooled,4,1,0.4815216575174175
svgworld_pil,resnet50|rand|western,pooled,4,2,0.5516530105828543
svgworld_pil,resnet50|rand|western,pooled,4,4,0.4361989778055134
svgworld_pil,resnet50|rand|western,pooled,4,8,0.4446314764923205
svgworld_pil,resnet50|rand|western,pooled,4,12,0.37180309124315525
svgworld_pil,resnet50|rand|western,pooled,4,16,0.3266177048254888
svgworld_pil,resnet50|rand|western,pooled,4,20,0.2884494869545713
svgworld_pil,resnet50|rand|western,pooled,4,24,0.2561403878655556
svgworld_pil,resnet50|rand|western,pooled,4,32,0.2195755716219373
svgworld_pil,resnet50|rand|western,pooled,4,48,0.16748740389277228
svgworld_pil,resnet50|rand|western,pooled,4,64,0.13507270537346716
svgworld_pil,resnet50|rand|western,pooled,4,96,0.09836035630625872
svgworld_pil,resnet50|rand|western,pooled,4,128,0.07704079440983991
svgworld_pil,resnet50|rand|western,pooled,4,192,0.05355715358667479
svgworld_pil,resnet50|rand|western,pooled,4,256,0.040894209833781225
svgworld_pil,resnet50|rand|western,pooled,4,384,0.027460112408893456
svgworld_pil,resnet50|rand|western,pooled,4,512,0.020456974719137988
svgworld_pil,resnet50|rand|western,pooled,4,767,0.013133854777268805
