lane,kind,source,target,block,split_seed,alpha,r2_mean,r2_aggregate,r2_per_target,rho_per_target,labels
svgworld_pil,cross_style,dinov3_s16|pre|island,dinov3_s16|pre|western,pooled,0,0.01,-0.3833995626406159,-0.3849709233373968,"0.2704518479011898;-0.29140744461155843;-0.7901367108886408;0.2195281979885093;-0.30939921244227486;-0.10980577565570804;0.009193329138273088;-0.1461817916016368;-1.5784341607046803;0.1311433628341856;-1.2997686585576664;-0.7059777350873833","0.6086329999271506;0.2999771695984422;0.30157628549030485;0.5980354174084688;0.40596276947783366;0.4453641935947126;0.5238313326828076;0.4243318777471026;0.052276084342072114;0.5868992947004892;0.24351232896554606;0.32232824666360443","p0_x;p0_z;p1_x;p1_z;p2_x;p2_z;p3_x;p3_z;animal0_x;animal0_z;animal1_x;animal1_z"
svgworld_pil,cross_style,dinov3_s16|pre|island,dinov3_s16|pre|western,pooled,1,0.01,-0.39203925212414087,-0.39056551657643745,"0.16456423432356304;-0.28489224388008805;-0.8228099099152046;0.2434987800238747;-0.4314544038792012;0.009957514122433286;-0.006010871955896446;-0.06969178152685163;-1.4852641917189486;0.02175626915090001;-1.2082430691313744;-0.8358813511028962","0.555657215399821;0.3177371523105323;0.2933002818612168;0.5973067974092783;0.4004721560851081;0.4859248989208076;0.5241795764549242;0.44731900239307504;0.08156823362662337;0.6346200570689791;0.22128621110933352;0.31811796497855255","p0_x;p0_z;p1_x;p1_z;p2_x;p2_z;p3_x;p3_z;animal0_x;animal0_z;animal1_x;animal1_z"
svgworld_pil,cross_style,dinov3_s16|pre|island,dinov3_s16|pre|western,pooled,2,0.01,-0.36105910616440345,-0.36058826222034,"0.2744453594173053;-0.3518587901618402;-0.5596095031593196;0.24447765174028357;-0.3188323482268798;0.01729544194704613;-0.1644151303430137;-0.05476752010905361;-1.4432867307852186;0.0984140292748873;-1.2487175705907494;-0.8258541629762883","0.6045844491000169;0.2835293502784799;0.3480134788060903;0.5927138637202528;0.417073441057801;0.5002112561000565;0.4540475717205537;0.45327905838527216;0.06563849835978214;0.54984890017465;0.2405857902216246;0.30877202591409214","p0_x;p0_z;p1_x;p1_z;p2_x;p2_z;p3_x;p3_z;animal0_x;animal0_z;animal1_x;animal1_z"
svgworld_pil,cross_style,dinov3_s16|pre|island,dinov3_s16|pre|western,pooled,3,0.01,-0.39599232010368096,-0.3924628910204966,"0.11458223821457258;-0.4530549289011203;-0.9478366400220373;0.28394740685071274;-0.2932190600728397;-0.05998792836802336;-0.14198719826106654;-0.05566138886497263;-1.3843839111605956;0.18471759373220575;-1.3049836030650819;-0.6940404213259255","0.5562997082214285;0.2851176276572785;0.2848002871768037;0.622868195929346;0.42614030813962006;0.45046187698740286;0.48742748119420537;0.4424843380009675;0.06517729768308186;0.6205624480177968;0.21658312928451703;0.34701137339101545","p0_x;p0_z;p1_x;p1_z;p2_x;p2_z;p3_x;p3_z;animal0_x;animal0_z;animal1_x;animal1_z"
svgworld_pil,cross_style,dinov3_s16|pre|island,dinov3_s16|pre|western,pooled,4,0.01,-0.3796331470630229,-0.37903272193017457,"0.10313345432096033;-0.3813113266757677;-0.652784110709044;0.18473735970574745;-0.2617718057132581;-0.008746682117320104;-0.09500337788353308;-0.2128188647925464;-1.4120777389990362;0.1549971291792649;-1.1848141601906397;-0.7891376408811019","0.5441309412071479;0.30240730004773236;0.31340530690966706;0.5787731420338136;0.42035497513606795;0.47383241734833775;0.5004905139422475;0.41507787041437355;0.140418572442906;0.5479661747458193;0.2401244770113373;0.36097893778812945","p0_x;p0_z;p1_x;p1_z;p2_x;p2_z;p3_x;p3_z;animal0_x;animal0_z;animal1_x;animal1_z"
svgworld_pil,cross_style,dinov3_s16|rand|island,dinov3_s16|rand|western,pooled,0,0.001,-3.614918178844451,-3.613113521239672,"-5.0323746789125705;-3.4864826062496475;-4.687427146256763;-2.7395338686836843;-5.875813790141701;-5.525847321508243;-3.465096114874423;-2.0359585562653266;-1.3208484858313034;-3.9588470744235504;-2.130445916792636;-3.1203425861935585","0.13432658328815064;0.22507169229239954;0.1421113879691924;0.20488187144943804;0.08033062081318706;0.08792690593284017;0.1573308043922285;0.1823704169596164;0.04432343514683407;0.0039935120290567686;-0.009006406522123957;-0.044448070081233165","p0_x;p0_z;p1_x;p1_z;p2_x;p2_z;p3_x;p3_z;animal0_x;animal0_z;animal1_x;animal1_z"
svgworld_pil,cross_style,dinov3_s16|rand|island,dinov3_s16|rand|western,pooled,1,0.001,-3.940826122740559,-3.945960185438829,"-5.249854025829574;-3.3391135205802485;-5.213937253439291;-2.658718524762568;-5.85690073897872;-5.656946606078726;-3.8808157858602357;-2.238386932946719;-1.3407021063871576;-5.882006949924369;-2.468868865442536;-3.503662162656565","0.195147277606036;0.23534124886031077;0.11860466969406888;0.23352286736734235;0.08542203655075285;0.09270683222096998;0.13135937007435805;0.19605854524985566;0.0016797216452709143;0.06723210086209636;-0.016160458976741753;-0.010421192110550903","p0_x;p0_z;p1_x;p1_z;p2_x;p2_z;p3_x;p3_z;animal0_x;animal0_z;animal1_x;animal1_z"
svgworld_pil,cross_style,dinov3_s16|rand|island,dinov3_s16|rand|western,pooled,2,0.001,-3.7151003046170943,-3.7077585494769965,"-4.975214520371299;-3.6644223830007165;-4.974533133795664;-2.620699423156399;-5.848531394966664;-5.294695089211373;-3.6535044568015884;-2.104821049993304;-1.390890359511706;-4.649620076295731;-2.2759516496490226;-3.1283201186516596","0.17106941682152318;0.22849173070490378;0.13685891666045719;0.20489175953034808;0.0854025616005264;0.09885459365940837;0.1434804129219012;0.20536969563879615;0.020501250393688646;0.04847815123581059;-0.03513726136078283;-0.03449318989899656","p0_x;p0_z;p1_x;p1_z;p2_x;p2_z;p3_x;p3_z;animal0_x;animal0_z;animal1_x;animal1_z"
svgworld_pil,cross_style,dinov3_s16|rand|island,dinov3_s16|rand|western,pooled,3,0.001,-3.8787311208079633,-3.8814610229095408,"-5.921163477051929;-3.4518163404066637;-5.698641740319774;-2.855731736017337;-5.156547432860516;-5.608617727100339;-3.860678506841152;-2.085727745671065;-1.591311198023242;-3.892589864196328;-2.614690348823567;-3.8072573323836556","0.13965931407007734;0.2468580733670357;0.13617772832910321;0.20293265592685508;0.09937923507964244;0.08308791326666091;0.1349612898296754;0.1794397394635996;0.0355580051859455;0.04535868256635992;-0.020729475645197473;-0.04294827209543368","p0_x;p0_z;p1_x;p1_z;p2_x;p2_z;p3_x;p3_z;animal0_x;animal0_z;animal1_x;animal1_z"
svgworld_pil,cross_style,dinov3_s16|rand|island,dinov3_s16|rand|western,pooled,4,0.001,-3.849175208945331,-3.8421023114513986,"-5.51391469454679;-3.093414338075556;-5.506254745480963;-2.573040819841492;-5.065775404870668;-4.7907656963387115;-4.101830017256722;-2.166557099881273;-1.7584205865287004;-4.894140732707584;-2.6993348317558516;-4.0266535400596615","0.158505020686717;0.2501854913994605;0.11794421566442631;0.21152012959179037;0.09545145177060875;0.08971447117475806;0.121423623422607;0.20828171692471575;0.00833603591131911;0.04991898749687946;-0.010327322747386049;-0.0010770413419503686","p0_x;p0_z;p1_x;p1_z;p2_x;p2_z;p3_x;p3_z;animal0_x;animal0_z;animal1_x;animal1_z"
svgworld_pil,cross_style,dinov3_b16|pre|island,dinov3_b16|pre|western,patches_mean,0,0.001,-0.211214681554465,-0.21169638043063932,"-0.1879638155985608;-1.2090254613570535;-0.3580857339128187;-0.2078380216625162;-0.8670647577137949;-0.24872059179311012;-0.24656273928296613;-0.3959446776036848;0.22941454090486268;0.681088094367551;-0.26269451998169324;0.5388215049802043","0.40595993432834404;0.3098168376037801;0.4669298476842968;0.49097535985309815;0.3763899822420124;0.5377114663518349;0.4974196778569295;0.47734507583250024;0.8032133440439861;0.8478814574417343;0.7569417106049224;0.7791928801717983","p0_x;p0_z;p1_x;p1_z;p2_x;p2_z;p3_x;p3_z;animal0_x;animal0_z;animal1_x;animal1_z"
svgworld_pil,cross_style,dinov3_b16|pre|island,dinov3_b16|pre|western,patches_mean,1,0.001,-0.2779920663495888,-0.27866147730023694,"0.005706650886439402;-1.0281698632892562;-0.624188854520761;-0.11146789361462806;-1.4995238995191622;-0.16314582219958162;-0.2803402636528387;-0.32029768429281646;0.12925778869375326;0.6584899586290742;-0.5839618650812666;0.48173695176597797","0.46180109243686446;0.32362080494765183;0.38603308458314445;0.5097912429329892;0.29877672165966507;0.555780229430317;0.49805577840892906;0.510216953192894;0.7944774742751751;0.8454044299606114;0.7360680600562493;0.7334838086418479","p0_x;p0_z;p1_x;p1_z;p2_x;p2_z;p3_x;p3_z;animal0_x;animal0_z;animal1_x;animal1_z"
svgworld_pil,cross_style,dinov3_b16|pre|island,dinov3_b16|pre|western,patches_mean,2,0.001,-0.27302015012505904,-0.2711019311471432,"-0.17282886432513256;-1.1942208041784577;-0.9569088328133768;-0.05093397477105288;-1.1311990407522008;-0.1200692153344256;-0.4516910722418772;-0.20181868857037766;0.17175266420207191;0.6510292864745454;-0.3845324782998565;0.565179219109431","0.41286389752464187;0.3216055887882414;0.359327282652973;0.5599191473063543;0.35602857505567365;0.5344809621164408;0.440844821127528;0.5216784404286613;0.788755071606109;0.8514950847000571;0.7380497677691636;0.7839196853749237","p0_x;p0_z;p1_x;p1_z;p2_x;p2_z;p3_x;p3_z;animal0_x;animal0_z;animal1_x;animal1_z"
svgworld_pil,cross_style,dinov3_b16|pre|island,dinov3_b16|pre|western,patches_mean,3,0.001,-0.34013133443155863,-0.33828581996692053,"-0.09050213694550124;-1.1210387792579466;-1.236293634101712;-0.09816776698163698;-1.1687352827670177;0.003807967144260127;-0.39941461585680105;-0.5165449486668543;0.010718983037111718;0.644028129378265;-0.6253865120673427;0.515952583906472","0.42627280586091565;0.2902097453392274;0.3556809314210448;0.5670197214302798;0.35769170925423804;0.5721852543937878;0.46790095331692644;0.46113895863645044;0.7701161730070772;0.8441853926140431;0.7311810695540819;0.7572774089215716","p0_x;p0_z;p1_x;p1_z;p2_x;p2_z;p3_x;p3_z;animal0_x;animal0_z;animal1_x;animal1_z"
svgworld_pil,cross_style,dinov3_b16|pre|island,dinov3_b16|pre|western,patches_mean,4,0.001,-0.2765503873465191,-0.2744668025281496,"-0.1487139986290722;-0.9601307568952071;-0.9185735103696406;-0.26175230119852455;-1.096611787324123;-0.11444492679261886;-0.6223868058070912;-0.028320169484447044;0.06432054797475029;0.6489570643924951;-0.3821838562235471;0.5012358521987967","0.4122715278737564;0.32606909354038616;0.36399305514797986;0.5091457071144089;0.36753341266695166;0.5536011981719619;0.42879770155494046;0.5457838005361147;0.7768124273256509;0.8413171525486101;0.716487549296031;0.7470604924580713","p0_x;p0_z;p1_x;p1_z;p2_x;p2_z;p3_x;p3_z;animal0_x;animal0_z;animal1_x;animal1_z"
svgworld_pil,cross_style,dinov3_b16|pre|island,dinov3_b16|pre|western,pooled,0,0.01,-0.9232548018834154,-0.9255365358687289,"-0.23145680065326757;-0.6462649784397407;-1.9840730863972507;-0.6362106366820579;-1.142467290638007;-0.40670901642073565;0.09581293732146179;-0.1336801549527178;-1.358544346135203;-0.26388254099814534;-3.429792244415159;-0.9417894641901623","0.2869013001136147;0.35245505521299947;0.27511570726902307;0.38367738754308744;0.3563185829380237;0.4134070833218684;0.5628834544190984;0.511107819879618;0.37580463125974356;0.5192616230394569;0.04756002450512262;0.48453658712940273","p0_x;p0_z;p1_x;p1_z;p2_x;p2_z;p3_x;p3_z;animal0_x;animal0_z;animal1_x;animal1_z"
svgworld_pil,cross_style,dinov3_b16|pre|island,dinov3_b16|pre|western,pooled,1,0.01,-1.053547723490503,-1.0509663208995637,"-0.34692469922581504;-0.49802495035588135;-2.683244034083778;-0.6363060733159382;-0.7815004245442332;-0.30899400697933177;-0.09164681952516762;-0.237960826769253;-1.534103832040115;-0.2188202250763842;-3.888769925193878;-1.4162768647762616","0.2779101783026065;0.3609127936652358;0.17749801591921227;0.4088491878350435;0.37975646328521245;0.4086856172887978;0.49869899431524856;0.4641436067867779;0.4059205753440595;0.5062957853733472;0.06817609121734049;0.45078410685514353","p0_x;p0_z;p1_x;p1_z;p2_x;p2_z;p3_x;p3_z;animal0_x;animal0_z;animal1_x;animal1_z"
svgworld_pil,cross_style,dinov3_b16|pre|island,dinov3_b16|pre|western,pooled,2,0.01,-0.9932652806220522,-0.9936206893629225,"-0.1656957471095446;-0.8193258680276156;-1.9724675065411397;-0.3947545853028742;-1.4283638049598988;-0.2426561289121596;0.1800076120450732;-0.17757925327735458;-1.3052229402994855;-0.27022315333076974;-3.9976558142327656;-1.3252461775160933","0.3005695309798611;0.34743936625965116;0.26298081135347035;0.4594652555553755;0.3059650693984055;0.4221076572780962;0.5933583307837883;0.4529346033937862;0.35415681485857003;0.5312954683605002;0.047563904472696705;0.42754222521173196","p0_x;p0_z;p1_x;p1_z;p2_x;p2_z;p3_x;p3_z;animal0_x;animal0_z;animal1_x;animal1_z"
svgworld_pil,cross_style,dinov3_b16|pre|island,dinov3_b16|pre|western,pooled,3,0.01,-0.9585052292183057,-0.9522610587164058,"-0.2135686718166545;-0.30994910897302974;-2.0799195238142434;-0.41046797398806323;-1.1397020351199134;-0.21559819267601177;0.019173479897228618;-0.08184143919338949;-1.3116667385575882;-0.15709076235954722;-3.982517876850973;-1.6189139071674834","0.31914404706502436;0.38671228421122267;0.23550045321549254;0.4436872577921486;0.37272735468144036;0.4232321772256882;0.5181356376189938;0.530236690174852;0.3890617721629758;0.541699167221284;0.035111377210750166;0.44432007719248284","p0_x;p0_z;p1_x;p1_z;p2_x;p2_z;p3_x;p3_z;animal0_x;animal0_z;animal1_x;animal1_z"
svgworld_pil,cross_style,dinov3_b16|pre|island,dinov3_b16|pre|western,pooled,4,0.01,-1.1135378051996314,-1.1116240068858172,"-0.24397275107256156;-0.5129254930985874;-2.2682412091595547;-0.5398887505409353;-1.080989323776124;-0.2832308146733207;0.0002677327077941216;-0.23549209122565595;-1.824106976553273;-0.18386672395752068;-4.87388803293075;-1.3161192281150877","0.3036863278069736;0.39970701723463087;0.25394268833389855;0.41065695805588814;0.3516468463221913;0.40360373702497176;0.5226492808569653;0.4498583236608683;0.36636101372265606;0.540594140847621;-0.01098858160474533;0.4862485012350167","p0_x;p0_z;p1_x;p1_z;p2_x;p2_z;p3_x;p3_z;animal0_x;animal0_z;animal1_x;animal1_z"
svgworld_pil,cross_style,dinov3_b16|rand|island,dinov3_b16|rand|western,patches_mean,0,0.001,-2.4536243852566484,-2.4551849819118843,"-2.183727316502001;-1.8422734094378916;-3.6398769348783873;-1.039120809507073;-3.3720945846739;-1.6050323058436309;-2.1059112450742483;-1.36279106022173;-2.356976627033734;-5.260796178045498;-1.6240513852143033;-3.0508407666473794","0.2117198094806466;0.23075243930748354;0.16810681718415935;0.28770112776512113;0.11561734141855025;0.14266125007352637;0.15437647316827457;0.22547198084892348;-0.09055735500204976;-0.008909275038986008;0.026831621398184846;-0.053722512559064864","p0_x;p0_z;p1_x;p1_z;p2_x;p2_z;p3_x;p3_z;animal0_x;animal0_z;animal1_x;animal1_z"
svgworld_pil,cross_style,dinov3_b16|rand|island,dinov3_b16|rand|western,patches_mean,1,0.001,-2.321364802569922,-2.3217575732674085,"-2.125518544913578;-1.4181722474281506;-3.7995989446332015;-1.0466896071351122;-2.7311795723149603;-1.706366669821663;-2.22214519715524;-1.5875909513100046;-2.5646329267795176;-4.187030038193723;-1.5108783857386263;-2.9565745454152905","0.21600768237947662;0.2619055605035986;0.17950382242558194;0.24831150541867122;0.12094753061441357;0.14642975358876067;0.15824231197356656;0.2288581831207972;-0.06214001151605442;-0.06259536267206356;0.010592062378743869;-0.03751635562601692","p0_x;p0_z;p1_x;p1_z;p2_x;p2_z;p3_x;p3_z;animal0_x;animal0_z;animal1_x;animal1_z"
svgworld_pil,cross_style,dinov3_b16|rand|island,dinov3_b16|rand|western,patches_mean,2,0.001,-2.383132872344668,-2.377405164741759,"-2.0093437374224243;-1.5924034522603172;-3.1232409342557617;-1.2186297218942;-3.3705447315460884;-1.7080577418398764;-2.4722060760834927;-1.5452939384639337;-2.4898461808430183;-4.518609440919294;-1.8423167525833226;-2.7071017600242877","0.19149267138888584;0.24485355802084852;0.1965909528246728;0.21642467842204488;0.12403355898537119;0.15033547599669822;0.15101815136254262;0.22703056070198638;-0.0835848985462369;-0.017707291446357163;-0.015938337475316096;-0.0323528993825975","p0_x;p0_z;p1_x;p1_z;p2_x;p2_z;p3_x;p3_z;animal0_x;animal0_z;animal1_x;animal1_z"
svgworld_pil,cross_style,dinov3_b16|rand|island,dinov3_b16|rand|western,patches_mean,3,0.001,-2.259850961285713,-2.2583300028827566,"-2.2335495216650427;-1.3893065757101133;-3.6821355055412957;-0.8923782721973339;-3.281119516005809;-1.5222347997243255;-2.449185579411592;-1.2334814650131283;-2.2617269669733475;-3.2877283797120773;-2.0132098773432956;-2.872155076131194","0.22036470701142963;0.26602034974491695;0.18557166005758055;0.279437151817553;0.11881586051414512;0.15136965468090957;0.16680154848048484;0.21871472724369656;-0.10301929735435567;-0.012708804726722828;-0.004536238907906517;-0.05743343883943721","p0_x;p0_z;p1_x;p1_z;p2_x;p2_z;p3_x;p3_z;animal0_x;animal0_z;animal1_x;animal1_z"
svgworld_pil,cross_style,dinov3_b16|rand|island,dinov3_b16|rand|western,patches_mean,4,0.001,-2.4079348989016167,-2.403905394292214,"-1.959480387457703;-1.7483436051499335;-3.7501075042029663;-1.0160695734676324;-3.9907307630573614;-1.6978815581019466;-2.0712142597912155;-1.2329130435587832;-2.4776794066782246;-4.27487591586691;-1.7091277070063104;-2.9667950624804185","0.20311886077465918;0.2323760759323697;0.19853263263336005;0.26182293466386614;0.10824451926432326;0.1622998878425662;0.1605727737885045;0.237547367606417;-0.07228158167571695;0.00131133196677223;-0.014018558474009188;-0.037746798019428464","p0_x;p0_z;p1_x;p1_z;p2_x;p2_z;p3_x;p3_z;animal0_x;animal0_z;animal1_x;animal1_z"
svgworld_pil,cross_style,dinov3_b16|rand|island,dinov3_b16|rand|western,pooled,0,0.001,-7.640376281588767,-7.651570935556304,"-4.869118726277055;-2.336413994271009;-7.225034679431216;-4.062505986942546;-8.41737871924587;-5.413001197309282;-5.417521357001126;-2.6928130895833537;-7.387138404349535;-7.120798025825094;-21.667906289089892;-15.074884909739222","0.14900111661537402;0.16394289254437736;0.07219325339981476;0.18196398116966733;0.061230976246659755;0.12897614731042711;0.09654828366120172;0.18997163874166545;0.06951799312725548;0.01216585129401002;-0.01887321581668159;0.0047572139387184985","p0_x;p0_z;p1_x;p1_z;p2_x;p2_z;p3_x;p3_z;animal0_x;animal0_z;animal1_x;animal1_z"
svgworld_pil,cross_style,dinov3_b16|rand|island,dinov3_b16|rand|western,pooled,1,0.001,-7.4679685994122496,-7.468399598450047,"-5.18571330676047;-2.529592514012774;-8.826252020837305;-4.172852680142162;-7.881822109118836;-6.156628610298591;-5.3055882582583855;-2.6575195117259;-6.762255227374527;-6.566074525586806;-21.79125194170678;-11.78007248712447","0.176907209529928;0.1288697875338724;0.08234308095423752;0.2042897311610558;0.04742823096417686;0.13181598073251904;0.107313616508639;0.1849964697908794;0.04435124932916245;0.0837795870076984;-0.01497825894527089;0.011577793103942444","p0_x;p0_z;p1_x;p1_z;p2_x;p2_z;p3_x;p3_z;animal0_x;animal0_z;animal1_x;animal1_z"
svgworld_pil,cross_style,dinov3_b16|rand|island,dinov3_b16|rand|western,pooled,2,0.001,-8.182483718877627,-8.190206831185558,"-4.836116181550634;-2.357739010649499;-8.197150538425861;-3.91088355824691;-8.285768492734476;-4.895166876968337;-5.973974750335892;-3.1860582880885504;-8.606318016993322;-8.077874233862122;-25.494620475036317;-14.368134203639611","0.157691497085658;0.16903785803252191;0.05745508195154153;0.20366109186061898;0.04541946941843613;0.12322802302009424;0.12491679366317202;0.15342539170255118;0.07179952452617915;-0.00744769766670903;-0.020107880755039092;-3.7896899687247856e-05","p0_x;p0_z;p1_x;p1_z;p2_x;p2_z;p3_x;p3_z;animal0_x;animal0_z;animal1_x;animal1_z"
svgworld_pil,cross_style,dinov3_b16|rand|island,dinov3_b16|rand|western,pooled,3,0.001,-7.958419149053879,-7.934149197521251,"-5.5040577992092725;-2.2230748499419817;-8.379919311585201;-3.650508447822494;-8.28881908864727;-6.066524184402042;-5.273107609847789;-3.277870040204019;-9.718828171548711;-6.936914672026381;-21.714875064313066;-14.466530549098309","0.1740084612236491;0.17444359879555957;0.07131054384219405;0.19682809980450092;0.07420754311831512;0.11756196568911598;0.12523266114047016;0.1762715559411391;0.0668686230006382;0.10945904803400196;-0.014750399397054649;0.017084040568496293","p0_x;p0_z;p1_x;p1_z;p2_x;p2_z;p3_x;p3_z;animal0_x;animal0_z;animal1_x;animal1_z"
svgworld_pil,cross_style,dinov3_b16|rand|island,dinov3_b16|rand|western,pooled,4,0.001,-7.991426881773896,-7.994108317246273,"-4.700766829623966;-2.5302113121176006;-8.537190368987789;-4.370487943465851;-8.01802560808359;-6.342250046352688;-5.0416542837524165;-3.067573652949797;-8.217362239208407;-7.787864605383131;-19.690839879000702;-17.59289581236081","0.16999163190453442;0.13483888783398765;0.07331940866705167;0.19197337901425937;0.08005851237940641;0.12645376722108734;0.09266879842574502;0.16037649055307465;0.06122842625588276;0.08794749166870736;-0.020974231236308885;-0.004587736802882166","p0_x;p0_z;p1_x;p1_z;p2_x;p2_z;p3_x;p3_z;animal0_x;animal0_z;animal1_x;animal1_z"
svgworld_pil,cross_style,dinov3_l16|pre|island,dinov3_l16|pre|western,pooled,0,0.01,-0.19984477253877095,-0.20110980389455868,"0.2204324112316246;-0.29919836079480255;-0.11730139176575727;-0.003606338867656156;-0.49364029330320913;-0.22934038747789942;0.20232737465958506;-0.08446990210542338;-0.7946419031608143;0.2834008469911167;-1.2747228280143021;0.19262350214228674","0.513294489123202;0.27732378039290473;0.5454631187650448;0.4792472742240808;0.3693443437042102;0.38351929029692816;0.5113818530471492;0.49398176414699496;0.36950433288243456;0.5435551466088343;0.2945349300162694;0.5037544944320917","p0_x;p0_z;p1_x;p1_z;p2_x;p2_z;p3_x;p3_z;animal0_x;animal0_z;animal1_x;animal1_z"
svgworld_pil,cross_style,dinov3_l16|pre|island,dinov3_l16|pre|western,pooled,1,0.01,-0.16899436249195018,-0.16781040775730216,"0.1862363110943659;-0.19573099448003584;-0.4583476129633859;0.04361661946847839;-0.4121868723249198;-0.13567509189968452;0.180879256686166;-0.11160590712632823;-0.44866436824998424;0.3322158793482518;-1.251263977399339;0.24259440794301368","0.4994957512694942;0.2783914055325223;0.4635116013307165;0.4745932056332068;0.3482649474623432;0.3710399613820995;0.504450424186702;0.5322090992810998;0.37958229468126237;0.5813733434936984;0.29887838058654154;0.5364074522065722","p0_x;p0_z;p1_x;p1_z;p2_x;p2_z;p3_x;p3_z;animal0_x;animal0_z;animal1_x;animal1_z"
svgworld_pil,cross_style,dinov3_l16|pre|island,dinov3_l16|pre|western,pooled,2,0.01,-0.1190402512084896,-0.11864333834980711,"0.2276064591478949;-0.282016664077299;-0.21197632589292348;0.2432677394582743;-0.4829474295029663;-0.15973697861679237;0.19084565956741706;-0.10697148425178415;-0.4571748698852667;0.3370830197490561;-0.7862782514664501;0.0598161112689648","0.5336006031342285;0.285935972419719;0.5215422872006006;0.5632862918223451;0.3069253002691236;0.41472409121424925;0.5244316395246318;0.5268168289807759;0.3947060548553975;0.5860646645132991;0.3464075817932183;0.44932374237998846","p0_x;p0_z;p1_x;p1_z;p2_x;p2_z;p3_x;p3_z;animal0_x;animal0_z;animal1_x;animal1_z"
svgworld_pil,cross_style,dinov3_l16|pre|island,dinov3_l16|pre|western,pooled,3,0.01,-0.1951376832026779,-0.1929048432635716,"0.2326035787524472;-0.276615465225758;-0.23126776803586924;0.03142204028588036;-0.6232658524894037;-0.10132878247155586;0.2762923244629938;-0.19613918820067933;-0.5587634447932324;0.2994544772327612;-1.1850880331754978;-0.008956084774221384","0.541486719671934;0.27566188377941026;0.5074690666139786;0.5030324577719288;0.350663944297756;0.41033927234892476;0.574961766457044;0.49077073822561207;0.37261827556998267;0.5509382380366703;0.3094132999605674;0.41103420760753223","p0_x;p0_z;p1_x;p1_z;p2_x;p2_z;p3_x;p3_z;animal0_x;animal0_z;animal1_x;animal1_z"
svgworld_pil,cross_style,dinov3_l16|pre|island,dinov3_l16|pre|western,pooled,4,0.01,-0.15460694269848316,-0.15400665284610726,"0.2503670419030073;-0.18953034259538537;-0.1569999904763324;0.0567550752494449;-0.504752985666794;-0.224786401997219;0.2604027147475382;-0.4019908785089976;-0.2449635760643445;0.18575608000229593;-0.9749553642101885;0.08941531523517732","0.549535005319673;0.30835110275149996;0.48196623325218196;0.4934546821571469;0.33362893132800453;0.3596410434318306;0.5633989447273657;0.39813005343224195;0.445377159191968;0.4455652163417668;0.33693239531186664;0.45133226134143145","p0_x;p0_z;p1_x;p1_z;p2_x;p2_z;p3_x;p3_z;animal0_x;animal0_z;animal1_x;animal1_z"
svgworld_pil,cross_style,dinov3_l16|rand|island,dinov3_l16|rand|western,pooled,0,0.001,-10.249108844467068,-10.252428770719128,"-5.0915643063748455;-3.5039552892086885;-12.623184621815115;-5.8124673984720685;-8.264507316069343;-5.376373116525066;-4.358421118420202;-2.9365903761981427;-10.240961481086654;-27.236559276810123;-21.192920021952602;-16.351801810671954","0.15022238303894447;0.15536590240684295;0.06109517024417676;0.008942377483849885;0.05149590211493477;0.09073795643366397;0.10221346559443609;0.06331116689525385;-0.0060841203693544005;-0.022864367354435967;-0.007297107242707039;0.003324110583331723","p0_x;p0_z;p1_x;p1_z;p2_x;p2_z;p3_x;p3_z;animal0_x;animal0_z;animal1_x;animal1_z"
svgworld_pil,cross_style,dinov3_l16|rand|island,dinov3_l16|rand|western,pooled,1,0.001,-9.47992799177751,-9.484645849479142,"-5.9714998010486475;-3.372531416447689;-11.294375491422471;-5.71279248699593;-8.226682533314795;-4.392468227061815;-4.514407124304711;-2.898850366919694;-12.188001231017424;-16.219547437586886;-21.775472779503932;-17.192507005706116","0.1486759976836962;0.1358490702614318;0.07655820659570325;0.037813438318708335;0.05316572533802648;0.10098378542902323;0.06608790772179907;0.06495613815934795;0.009799771328441212;-0.03886879495825933;-0.0023191013902902485;0.03356378410998681","p0_x;p0_z;p1_x;p1_z;p2_x;p2_z;p3_x;p3_z;animal0_x;animal0_z;animal1_x;animal1_z"
svgworld_pil,cross_style,dinov3_l16|rand|island,dinov3_l16|rand|western,pooled,2,0.001,-10.56486225030086,-10.55324725737379,"-6.167361077774817;-3.590783240811196;-13.565489631330145;-4.7838706402660724;-10.438199292431456;-4.009347403424635;-4.445132640013201;-2.958971055817265;-12.487244918807724;-25.36804004739961;-22.481060781592358;-16.482846273941842","0.13416534984944328;0.13048509396859378;0.06470491017154083;0.060627345961578365;0.023189986660226827;0.0902321560192236;0.07249470281965734;0.06499116144024031;0.005284436821041806;-0.046680069101389575;0.008148742187877376;0.04789956220215693","p0_x;p0_z;p1_x;p1_z;p2_x;p2_z;p3_x;p3_z;animal0_x;animal0_z;animal1_x;animal1_z"
svgworld_pil,cross_style,dinov3_l16|rand|island,dinov3_l16|rand|western,pooled,3,0.001,-9.400294761722986,-9.382846650134008,"-5.249505083017021;-3.0640786874950443;-14.814381283719417;-4.6291286365991855;-8.771050858933027;-3.6020861369646386;-4.135478538109214;-2.6806042479243546;-11.342576532442633;-18.97142881476719;-19.589116204638017;-15.954102116066082","0.12222087759582642;0.16576211004188918;0.05079516188875327;0.034309762945039485;0.03600493076779004;0.12116568371226263;0.09705972631799076;0.05922676796584571;0.016433500149273597;-0.035587248018113596;0.010618308491958817;0.036943632195948914","p0_x;p0_z;p1_x;p1_z;p2_x;p2_z;p3_x;p3_z;animal0_x;animal0_z;animal1_x;animal1_z"
svgworld_pil,cross_style,dinov3_l16|rand|island,dinov3_l16|rand|western,pooled,4,0.001,-9.792563907144947,-9.78998006101859,"-4.909316968345688;-3.1679568821813318;-13.78754962599368;-5.355796684803924;-9.246507047666986;-4.757199433128273;-4.232980353567909;-2.665463009952338;-12.111742149369007;-23.42582157481857;-19.973354174090023;-13.87707898182162","0.15413819568866088;0.1487600250351156;0.06651311693775867;0.04821289977620025;0.06922333332368584;0.0667346670319781;0.09710584772592652;0.07863704280809054;-0.01480228329607498;-0.07182590876473174;0.0016745582457836003;0.030082507762421922","p0_x;p0_z;p1_x;p1_z;p2_x;p2_z;p3_x;p3_z;animal0_x;animal0_z;animal1_x;animal1_z"
svgworld_pil,cross_style,dinov2_b14|pre|island,dinov2_b14|pre|western,pooled,0,0.1,-2.8067657472178102,-2.8099374240439716,"-0.6921474444053675;-3.717364349226938;-3.994941637100103;-1.7940211728131565;-2.470673580767173;-2.165702614657023;-1.9273114273122447;-2.863979971018295;-5.975047647746753;-0.6577638383437512;-5.218942780195017;-2.2032925030279054","0.43901774408350414;0.13955169520394833;0.29425101517829116;0.33882491895918554;0.23492820469969855;0.122787122384653;0.25273646165405483;0.15997454697109967;0.03479033360520606;0.3984471759547599;0.23238942395748652;0.1913609172153909","p0_x;p0_z;p1_x;p1_z;p2_x;p2_z;p3_x;p3_z;animal0_x;animal0_z;animal1_x;animal1_z"
svgworld_pil,cross_style,dinov2_b14|pre|island,dinov2_b14|pre|western,pooled,1,0.1,-2.4218856600735066,-2.4154808303664415,"-0.24096403002147304;-3.3263542535746096;-3.6725108001602385;-1.110605916314018;-3.033220428409546;-1.4270474634074848;-1.5303117043672767;-2.8355732135208433;-5.07850667599493;-0.3553157559012541;-5.013450128497334;-1.438767550713068","0.5138199538595007;0.1383454403091339;0.34562009077405725;0.37281350068178226;0.19667359133414367;0.1675987443351367;0.267803910062829;0.1408798027690918;-0.00341939371841376;0.3968341032633609;0.2813720503492895;0.20989821598258873","p0_x;p0_z;p1_x;p1_z;p2_x;p2_z;p3_x;p3_z;animal0_x;animal0_z;animal1_x;animal1_z"
svgworld_pil,cross_style,dinov2_b14|pre|island,dinov2_b14|pre|western,pooled,2,0.1,-2.6212658965311597,-2.6192725816791556,"-0.6005581926222505;-3.9280230486598855;-3.5012150723650555;-1.5777671992726905;-2.8536015734476377;-1.5191047793653807;-1.880660961669907;-3.4074569915599753;-4.081187485099026;-0.8940337427382932;-5.280530439139918;-1.9310512724338977","0.41841496052928223;0.09454191911010186;0.312769197832952;0.31716902439853517;0.23990329956647144;0.21654326942795118;0.2514472065585953;0.1642596426951894;0.04189417949144211;0.27162870264627054;0.2442837147384316;0.20077481754182366","p0_x;p0_z;p1_x;p1_z;p2_x;p2_z;p3_x;p3_z;animal0_x;animal0_z;animal1_x;animal1_z"
svgworld_pil,cross_style,dinov2_b14|pre|island,dinov2_b14|pre|western,pooled,3,0.1,-2.7869820327425328,-2.778089900811054,"-0.5308674984727011;-3.8395330353761707;-3.614897301566015;-1.5928067233464822;-3.686235476120321;-2.0588103179564725;-2.080623675549007;-2.344328416161561;-6.298476416727414;-0.6225172146478815;-4.764388074040204;-2.0103002429461636","0.39175396151474984;0.07434937918379217;0.29275744199355497;0.3103349785282606;0.23237792505451255;0.10270399756064492;0.26245966333466425;0.15501829597349218;-0.009678737821922703;0.2913464334521074;0.2873404159629438;0.12832593928330668","p0_x;p0_z;p1_x;p1_z;p2_x;p2_z;p3_x;p3_z;animal0_x;animal0_z;animal1_x;animal1_z"
svgworld_pil,cross_style,dinov2_b14|pre|island,dinov2_b14|pre|western,pooled,4,0.1,-2.658172890761237,-2.6546503937214294,"-0.6032817269431525;-3.4674375311835943;-3.665785918398078;-1.2050334926970496;-2.8217174204689;-1.8137061440846494;-1.7103293456503588;-2.9475594514226247;-6.314686168559646;-0.43560494134517946;-5.30301220816631;-1.6099203402153055","0.3722456031728439;0.1137979470349378;0.30332315629782125;0.3725575476169994;0.24523444182545134;0.09789666120676487;0.2457233992479804;0.16159239317709784;-0.04550026652685093;0.45285264134552106;0.24715895789358028;0.22508314234795923","p0_x;p0_z;p1_x;p1_z;p2_x;p2_z;p3_x;p3_z;animal0_x;animal0_z;animal1_x;animal1_z"
svgworld_pil,cross_style,dinov2_b14|rand|island,dinov2_b14|rand|western,pooled,0,0.001,-7.4048007248288314,-7.40985131607934,"-1.9864784243254077;-3.467325736826661;-5.555616866262952;-10.67202333172422;-19.30904387507044;-6.618406451848154;-10.249622735095063;-2.8270201917103996;-9.431485796301484;-5.296216828063638;-6.285269828231781;-7.159098632485772","0.14543269011266835;0.26022928796829914;0.06878270182818982;0.046600686406826144;0.020397391199737148;0.0682686183385152;0.06542748937541569;0.10420270253630168;-0.008932845012303204;-0.002777987210634295;-0.005812476108928896;-0.02138124711066053","p0_x;p0_z;p1_x;p1_z;p2_x;p2_z;p3_x;p3_z;animal0_x;animal0_z;animal1_x;animal1_z"
svgworld_pil,cross_style,dinov2_b14|rand|island,dinov2_b14|rand|western,pooled,1,0.001,-7.46487051856946,-7.489942993264696,"-1.7897208872251014;-3.4446712317125643;-5.5473333018310065;-7.766435740501908;-22.15512653662056;-7.032462789459036;-11.545833085286977;-2.40249666873297;-7.915231580658329;-7.04337554396713;-5.464535449717425;-7.471223407120506","0.12072719162629343;0.23561821489227971;0.0635743258039536;0.06553310286933352;0.03431672599092446;0.07856854572129085;0.05804905904579852;0.20341472401256477;0.0022956183422237213;-0.03186757456501578;-0.0021134818285660044;-0.027759801434429462","p0_x;p0_z;p1_x;p1_z;p2_x;p2_z;p3_x;p3_z;animal0_x;animal0_z;animal1_x;animal1_z"
svgworld_pil,cross_style,dinov2_b14|rand|island,dinov2_b14|rand|western,pooled,2,0.001,-7.742596710951445,-7.747167387841673,"-2.143304124701624;-3.141082547878308;-6.098075869655306;-9.6246311550182;-23.484796134211887;-6.634505191227539;-9.74375743266301;-2.7091790896963075;-9.875307414782377;-9.038402142871375;-5.485918657640899;-4.932200771070493","0.0921075012477627;0.25751252618584686;0.05421190408713655;0.061771879120298946;0.006803751901720708;0.0774057334854546;0.07539986225671148;0.18969122675860584;-0.002010438625488045;0.003732820493942057;-0.003913494024761885;0.008538904139061622","p0_x;p0_z;p1_x;p1_z;p2_x;p2_z;p3_x;p3_z;animal0_x;animal0_z;animal1_x;animal1_z"
svgworld_pil,cross_style,dinov2_b14|rand|island,dinov2_b14|rand|western,pooled,3,0.001,-8.825505716037576,-8.83490376512767,"-2.2300212535199955;-3.64113883535388;-6.9840890981219825;-10.550989700470927;-30.719475755650233;-6.245917092530236;-10.785917597753716;-2.4603077997951086;-7.657580195035804;-9.516187135215592;-6.9030553334024365;-8.211388795600993","0.09756218926015517;0.2674170413249497;0.05623815493108804;0.051223263342027106;0.03313362599538375;0.05756162369487494;0.04908521520861017;0.14882427407705695;-0.01546570053712359;-0.024156895197874645;0.010533494184366657;0.0014850172767473142","p0_x;p0_z;p1_x;p1_z;p2_x;p2_z;p3_x;p3_z;animal0_x;animal0_z;animal1_x;animal1_z"
svgworld_pil,cross_style,dinov2_b14|rand|island,dinov2_b14|rand|western,pooled,4,0.001,-8.008773571471409,-8.009416831075027,"-1.9735170460264553;-3.552048755249814;-7.416491152909204;-8.142148489833321;-23.173402512599928;-6.595522434460509;-9.831909449583966;-2.4696595547153772;-8.25966400375808;-9.027415445686856;-5.463194267101358;-10.200309745732042","0.09645487417923004;0.23689130313595752;0.044410990077535295;0.07047662602247817;0.029049716409240374;0.06080931405633855;0.07535564973004942;0.15599014717296497;0.004294248733238082;0.0553258469810722;0.02384928076011382;-0.003311450250744762","p0_x;p0_z;p1_x;p1_z;p2_x;p2_z;p3_x;p3_z;animal0_x;animal0_z;animal1_x;animal1_z"
svgworld_pil,cross_style,deit_b16|pre|island,deit_b16|pre|western,pooled,0,0.1,-3.029520752816125,-3.0413718326659875,"-0.51855737377194;-1.2427289823248349;-1.3680422538384476;-2.189636459714367;-1.7136007779857723;-0.7572713534636561;-1.432965146240583;-5.764475440725448;-3.2776619501551716;-0.14712116203236314;-15.766463080817548;-2.1757250527233736","0.33547623759552053;0.16195970165735254;0.1970992831911456;0.1947297833306172;0.18896750335743692;0.3180508307898752;0.27280474969433677;0.09497076830526997;0.044036672049195966;0.2815744580744717;0.07928906171859103;0.11862147840696696","p0_x;p0_z;p1_x;p1_z;p2_x;p2_z;p3_x;p3_z;animal0_x;animal0_z;animal1_x;animal1_z"
svgworld_pil,cross_style,deit_b16|pre|island,deit_b16|pre|western,pooled,1,0.1,-2.8122114423913103,-2.80483329160933,"-0.8900488086408596;-1.3180138039859308;-1.7521154063558408;-3.2975217041393847;-1.8545113434353233;-1.0913243817067548;-1.3017492384275107;-4.485324457612739;-3.0517475468695396;-0.06971671269274626;-12.841615455090173;-1.7928484497389179","0.2855082051712108;0.15172572345221436;0.18939704569399923;0.18521948933420118;0.20615955679922587;0.25913258762350566;0.30411072930015326;0.12955999853235659;0.015609382924537224;0.3673468519202941;0.06526620225423371;0.10625112585995107","p0_x;p0_z;p1_x;p1_z;p2_x;p2_z;p3_x;p3_z;animal0_x;animal0_z;animal1_x;animal1_z"
svgworld_pil,cross_style,deit_b16|pre|island,deit_b16|pre|western,pooled,2,0.1,-2.719483438788055,-2.7277471104807205,"-0.629799075874069;-1.3855992137010826;-1.729644623899723;-1.3420760363829594;-2.340841178876082;-0.5695291669926221;-1.0875993007169047;-3.902666919986519;-3.260401624321835;-0.10096359967742141;-14.113159311059826;-2.1715212139676185","0.32174116941598613;0.1694689354749369;0.1754844073757904;0.24661254434968652;0.15618963245861145;0.29975980666312196;0.3216142905722981;0.11474337795376116;0.03536706138113305;0.34430269620170845;0.09780118243050907;0.0907327112449828","p0_x;p0_z;p1_x;p1_z;p2_x;p2_z;p3_x;p3_z;animal0_x;animal0_z;animal1_x;animal1_z"
svgworld_pil,cross_style,deit_b16|pre|island,deit_b16|pre|western,pooled,3,0.1,-2.585586784291899,-2.5677069521524007,"-0.44540903957012334;-1.202734691394277;-2.2047684083136847;-1.8024437853398636;-1.6684962826440777;-0.7414564044074134;-1.4527767231471387;-4.770944045138296;-2.3184948191730004;-0.3120628602676523;-12.691216842609174;-1.4162375094980928","0.3571322469918221;0.1647952950701468;0.18035071306551476;0.21070688186972086;0.21883289158265856;0.2638760958107748;0.25717152392485926;0.11319031725394627;0.08446357257966336;0.19198260467093475;0.09335271626090906;0.11298612971464858","p0_x;p0_z;p1_x;p1_z;p2_x;p2_z;p3_x;p3_z;animal0_x;animal0_z;animal1_x;animal1_z"
svgworld_pil,cross_style,deit_b16|pre|island,deit_b16|pre|western,pooled,4,0.1,-2.7109924747861993,-2.7159426134515927,"-1.0967304346373399;-1.272742764898577;-1.7074034929558217;-1.6572572997435016;-1.2947211594285402;-0.8634706983476159;-1.3990279862060953;-5.249233822913513;-3.303760963912735;-0.0529621164165206;-12.301922249683063;-2.3326767082910744","0.27574179641865987;0.17224080801937225;0.17962031931297084;0.2454462174167877;0.213015891476559;0.28807103737791806;0.29162535834785136;0.09720805462389313;0.043937900369662754;0.4002957553428871;0.10366118477422318;0.06211086063378451","p0_x;p0_z;p1_x;p1_z;p2_x;p2_z;p3_x;p3_z;animal0_x;animal0_z;animal1_x;animal1_z"
svgworld_pil,cross_style,deit_b16|rand|island,deit_b16|rand|western,pooled,0,0.001,-8.547653451562779,-8.546847461927657,"-5.5894916490765425;-3.100711154560157;-16.61701468640452;-8.060040305665828;-12.10566015161685;-8.5224842442365;-6.533710580017471;-3.8443004274587835;-9.254825371678896;-11.691869292423839;-9.62276187867597;-7.628971676937988","0.025682663144621542;0.03868732853632694;0.0019221713494095944;-0.03230619846550633;0.037346921756166655;0.000183149962733222;0.002023240750963082;0.02475918019162901;0.01074597564651961;-0.07941310101421228;-0.0030360797056889484;-0.018230274098602242","p0_x;p0_z;p1_x;p1_z;p2_x;p2_z;p3_x;p3_z;animal0_x;animal0_z;animal1_x;animal1_z"
svgworld_pil,cross_style,deit_b16|rand|island,deit_b16|rand|western,pooled,1,0.001,-8.731924717151726,-8.737954310933675,"-4.672496540858333;-2.7142641953559363;-15.113117147352664;-7.018963273810655;-16.037020947911948;-7.658763172535286;-6.4135927926357;-4.22475429515654;-8.217183745884814;-11.6088341875161;-11.75463066488927;-9.349475641913465","0.043959926671564044;0.04104066956068627;0.021252083197375086;-0.0008710283001586023;0.027100155518031438;-0.00246516300095157;0.0023259123241283768;0.024439139497941187;0.014258168172314494;-0.05144787224781466;-0.011324002335166592;-0.033434402292852536","p0_x;p0_z;p1_x;p1_z;p2_x;p2_z;p3_x;p3_z;animal0_x;animal0_z;animal1_x;animal1_z"
svgworld_pil,cross_style,deit_b16|rand|island,deit_b16|rand|western,pooled,2,0.001,-8.706558922864144,-8.690039150450243,"-5.218652992890236;-3.348818420204756;-15.763581744025032;-6.798078704849768;-21.17474385144173;-8.29451776680784;-5.842398496715924;-4.13742426947783;-8.406331732490461;-9.282615729500902;-9.038912381460722;-7.1726309845045275","0.027438967980723414;-0.021199122843669257;0.010871296567687993;0.004122922837451535;0.015272475408811478;-0.010092941395067596;0.015412538382168927;0.029388157376497345;0.015640866728985375;-0.01147726734186212;-0.0030879731930143132;-0.02900113834675156","p0_x;p0_z;p1_x;p1_z;p2_x;p2_z;p3_x;p3_z;animal0_x;animal0_z;animal1_x;animal1_z"
svgworld_pil,cross_style,deit_b16|rand|island,deit_b16|rand|western,pooled,3,0.001,-8.583103482965681,-8.572590304112325,"-5.446352748642156;-3.0697937040887204;-14.773825782592821;-5.828178080405968;-16.103699733760163;-7.424804568559457;-6.175601768103167;-4.469621489748891;-10.499912534926858;-11.624217200141322;-11.149375812767406;-6.431858371851255","7.266261451202132e-05;-0.018015889646947416;0.005913237835839971;0.011894157175382634;0.022343806850758156;0.01188158811791437;-0.009903173417014442;0.03726672528258587;0.04083183318819223;-0.04411825609407868;-0.008658419520102432;-0.009442778218313012","p0_x;p0_z;p1_x;p1_z;p2_x;p2_z;p3_x;p3_z;animal0_x;animal0_z;animal1_x;animal1_z"
svgworld_pil,cross_style,deit_b16|rand|island,deit_b16|rand|western,pooled,4,0.001,-8.839821988644694,-8.81903461780827,"-6.326605838016589;-3.024291906760543;-16.676879178413543;-7.001418993742881;-15.071949327571836;-8.37512893790115;-5.967358229563209;-4.171166303914864;-9.280960361542363;-12.328821402679381;-10.237110504887742;-7.616172878742214","0.0032250807781382196;0.018239810945186855;0.018936414542414935;-0.00026341865414820405;0.057006661706542686;0.030036515571149974;-0.001505747302675341;0.009836165939457867;0.019515201174115225;-0.06745687888939218;0.011433324597419369;-0.042719253012452024","p0_x;p0_z;p1_x;p1_z;p2_x;p2_z;p3_x;p3_z;animal0_x;animal0_z;animal1_x;animal1_z"
svgworld_pil,cross_style,clip_b16|pre|island,clip_b16|pre|western,pooled,0,0.1,-0.6314758729864258,-0.6327044856681314,"-0.033338706680515307;-0.5206886739374768;-1.647969453523134;-0.8824900282388286;-1.197119039332808;-0.2086877829212861;0.020016704563053045;-0.1983869253418964;-0.8549763800869363;0.15396893025243208;-1.7110858168958232;-0.49695330369389046","0.4014111863680255;0.29378044384491103;0.22971213022011713;0.27504366432770216;0.15738345420167538;0.3762163928984743;0.47102335871498396;0.3198687869799632;0.22295770196455433;0.46270664875363465;0.13067171685579537;0.1561063945622444","p0_x;p0_z;p1_x;p1_z;p2_x;p2_z;p3_x;p3_z;animal0_x;animal0_z;animal1_x;animal1_z"
svgworld_pil,cross_style,clip_b16|pre|island,clip_b16|pre|western,pooled,1,0.1,-0.6382470427535938,-0.6375957941870947,"-0.20436820306219938;-0.612215473787123;-1.6838558052795243;-0.742774196961316;-1.1797013676184864;-0.18931915442964709;-0.12222359665300342;-0.18858176097003398;-1.083841246734897;0.10431110557892598;-1.3627809715079056;-0.39361384161791535","0.40758986587331336;0.31008222700488597;0.2526005348740291;0.3236622911070761;0.17856277307717686;0.3568496390658015;0.45528117356850395;0.3038503122693498;0.13571920945878813;0.4396210883311965;0.1404447597949492;0.17654304735208107","p0_x;p0_z;p1_x;p1_z;p2_x;p2_z;p3_x;p3_z;animal0_x;animal0_z;animal1_x;animal1_z"
svgworld_pil,cross_style,clip_b16|pre|island,clip_b16|pre|western,pooled,2,0.1,-0.6101281461368114,-0.6102605389431535,"-0.24903064898956084;-0.6326646419390853;-1.3333836689841667;-0.8460380502921223;-1.1787710241784932;-0.3334684958385097;-0.31658853019665334;-0.20589087412788531;-0.9319182519178455;-0.007534216764497614;-1.1792721449666965;-0.10697720544622102","0.3955978065396851;0.2949549905831613;0.24293584226154039;0.29417602345658156;0.1963600291269387;0.3507953001948113;0.3801901631512108;0.3068029968406387;0.20359630983614568;0.33024030456690123;0.1277675909856664;0.33237705858746835","p0_x;p0_z;p1_x;p1_z;p2_x;p2_z;p3_x;p3_z;animal0_x;animal0_z;animal1_x;animal1_z"
svgworld_pil,cross_style,clip_b16|pre|island,clip_b16|pre|western,pooled,3,0.1,-0.534894679880869,-0.5319912716318722,"-0.06933967474785452;-0.3922629572304377;-1.112677367800798;-0.44788699740004567;-0.8379814970568296;-0.27617063624600946;-0.2787980696332122;-0.07691623844905293;-1.0041605480808569;-0.06629417481236755;-1.753397806306607;-0.10285019080635771","0.4081317574063003;0.3649056594891049;0.2649476765597404;0.34852007226634785;0.20492402899197998;0.3287184335786434;0.3971361453454022;0.32128812296111714;0.22015007192063923;0.2703325989934575;0.10454055455009456;0.33731748941669104","p0_x;p0_z;p1_x;p1_z;p2_x;p2_z;p3_x;p3_z;animal0_x;animal0_z;animal1_x;animal1_z"
svgworld_pil,cross_style,clip_b16|pre|island,clip_b16|pre|western,pooled,4,0.1,-0.6810942276928103,-0.6802037635147751,"-0.1006260478275649;-0.47536677550646256;-1.1334097471525078;-0.9107519635136991;-1.906409796225732;-0.3151375886756773;-0.18231880102337628;-0.18797876156994398;-0.9331906002056392;0.15369164418016967;-1.694849138189631;-0.4867831566036589","0.4242287261711219;0.32485473382534624;0.2778480664789826;0.2852857352081893;0.15939953068655902;0.3349255848313985;0.42744148514649905;0.306899602679202;0.18734218619474421;0.487207889581694;0.09881261783609124;0.14058636763203916","p0_x;p0_z;p1_x;p1_z;p2_x;p2_z;p3_x;p3_z;animal0_x;animal0_z;animal1_x;animal1_z"
svgworld_pil,cross_style,clip_b16|rand|island,clip_b16|rand|western,pooled,0,0.001,-0.17961073707664518,-0.17942087599453727,"-0.02197027889146197;0.07529669308492937;-0.05662050997640233;-0.09519497576307479;-0.15703376740125097;-0.29519665677414864;-0.1117090396994993;-0.22304380361667397;-0.3153834203344674;-0.38590820470386844;-0.22678910011834663;-0.3417757807254771","0.47419480490817095;0.5124982159339276;0.40420390661609956;0.4449513238119401;0.3071356921313738;0.29588778202044036;0.38534511840035296;0.5315089068205175;0.014390510834076177;-0.04188747973553706;-0.0022804788951646658;-0.01177594271140647","p0_x;p0_z;p1_x;p1_z;p2_x;p2_z;p3_x;p3_z;animal0_x;animal0_z;animal1_x;animal1_z"
svgworld_pil,cross_style,clip_b16|rand|island,clip_b16|rand|western,pooled,1,0.001,-0.1765189333073179,-0.17637762985853156,"-0.12589988479445324;0.12199248929551654;-0.07296319043530142;-0.09903953331770765;-0.1878231697326993;-0.2715367067776182;-0.12971602336876575;-0.17997924670436305;-0.29514595708408;-0.25027781980281594;-0.28811424827888965;-0.33972390868663727","0.4399654837866392;0.526889556143402;0.4046182499725092;0.44215277660327473;0.3121421280847815;0.2913004671675728;0.3781619902802805;0.5532033646243769;-0.0028981242181944263;0.06686856685133198;-0.006517737879183759;0.011915378598026802","p0_x;p0_z;p1_x;p1_z;p2_x;p2_z;p3_x;p3_z;animal0_x;animal0_z;animal1_x;animal1_z"
svgworld_pil,cross_style,clip_b16|rand|island,clip_b16|rand|western,pooled,2,0.001,-0.17601445674773342,-0.17609124559068423,"-0.06312315174703231;0.06030408396428588;-0.03378703674480521;-0.08784503331517146;-0.19785969742623033;-0.29398381838406107;-0.1506292428251914;-0.176776847515429;-0.26492007974909404;-0.285591128555746;-0.31092740209647096;-0.3070341265778551","0.45151275796894896;0.500917097732946;0.4112465033758619;0.4326692236619371;0.3104118723237842;0.28210074472314384;0.38521892181445105;0.5421902769931498;0.024188994919553848;0.03613873314816502;-0.03671212423204426;0.007444043318318236","p0_x;p0_z;p1_x;p1_z;p2_x;p2_z;p3_x;p3_z;animal0_x;animal0_z;animal1_x;animal1_z"
svgworld_pil,cross_style,clip_b16|rand|island,clip_b16|rand|western,pooled,3,0.001,-0.16826705242012654,-0.16820761665791273,"-0.060188959006079346;0.07433391662976918;-0.012321450371018727;-0.12107899378494458;-0.21502703245660681;-0.22150632986953078;-0.11330067202722871;-0.257435324331889;-0.2577289457734102;-0.29308459042666835;-0.24905213482018396;-0.2928141128037276","0.45832695467008844;0.511489646724724;0.41487596543775973;0.4317581097931638;0.29953765349677436;0.3182671157167487;0.384068079657752;0.5263071406180424;0.00815711047300681;-0.0074243235566844226;0.009742727588879159;0.004535793846468257","p0_x;p0_z;p1_x;p1_z;p2_x;p2_z;p3_x;p3_z;animal0_x;animal0_z;animal1_x;animal1_z"
svgworld_pil,cross_style,clip_b16|rand|island,clip_b16|rand|western,pooled,4,0.001,-0.19979586471221578,-0.2000517769174257,"-0.10226284429443777;0.08295689424284103;-0.04495113181242716;-0.1163819232428902;-0.2114783898430177;-0.3053694931716584;-0.04534131923834184;-0.23504406797214394;-0.39499695748272967;-0.3761297960486565;-0.30558577372907414;-0.3429655739540527","0.4495263345799744;0.5143429903798581;0.40878874480730687;0.42846582903425773;0.3005632092140078;0.30188054533141234;0.40516872647485447;0.5364298752313559;-0.04166903432178714;-0.0177884789593055;-0.005076567345765943;0.006014344523755415","p0_x;p0_z;p1_x;p1_z;p2_x;p2_z;p3_x;p3_z;animal0_x;animal0_z;animal1_x;animal1_z"
svgworld_pil,cross_style,resnet50|pre|island,resnet50|pre|western,pooled,0,0.01,-0.8413943965268332,-0.841621058513558,"-0.4090746506405303;-1.1720614177485795;-0.8394296737944476;-0.5549024493949573;-1.643829971723227;-0.9261170046782323;-0.44581792141202947;-1.415303966959081;-0.03788239504956836;-0.4134488272724224;-1.0013635572665058;-1.2375009223824174","0.24477954044767297;0.12930066121619652;0.22068869450801373;0.2121409313501119;0.16994261347006404;0.22220895080562028;0.20465660034488786;0.11498220356486649;0.4134948646723694;-0.05661469302397789;0.09954074370129316;0.4311077913807524","p0_x;p0_z;p1_x;p1_z;p2_x;p2_z;p3_x;p3_z;animal0_x;animal0_z;animal1_x;animal1_z"
svgworld_pil,cross_style,resnet50|pre|island,resnet50|pre|western,pooled,1,0.01,-0.9326351280304964,-0.931863221444786,"-0.4841635739153072;-1.002343471747857;-1.202558072865913;-0.41842093466311714;-1.5529173262872566;-0.5091233408285105;-0.4037635673377473;-2.1073043639146594;-0.46479523982274307;-0.5397449545738389;-0.8142695619367082;-1.6922171284722998","0.1378710826654376;0.14581666514888736;0.18348187774809546;0.33075803463737813;0.14089602738136847;0.26100824902245334;0.16705439304291553;0.09807087258572379;0.23250220228994478;-0.1855109062489838;0.17066147460011466;0.45148197458442163","p0_x;p0_z;p1_x;p1_z;p2_x;p2_z;p3_x;p3_z;animal0_x;animal0_z;animal1_x;animal1_z"
svgworld_pil,cross_style,resnet50|pre|island,resnet50|pre|western,pooled,2,0.01,-1.0820348129707351,-1.0821816650074396,"-0.5810662189084606;-1.316341917046452;-1.1027233800736607;-0.6362785044586312;-1.6354617765435018;-1.1725868409464812;-0.47881707218730396;-1.0761822139019288;-0.15267236808545825;-0.7776342031204289;-2.0510691393376836;-2.003584121038826","0.1915859627284257;0.11367989857335989;0.17616571794358118;0.1892964715737638;0.1738209724773574;0.21124748726312945;0.1895322091463348;0.14628858200190117;0.41242019964741616;-0.2600481918609919;0.055034448264923534;0.4345517945522286","p0_x;p0_z;p1_x;p1_z;p2_x;p2_z;p3_x;p3_z;animal0_x;animal0_z;animal1_x;animal1_z"
svgworld_pil,cross_style,resnet50|pre|island,resnet50|pre|western,pooled,3,0.01,-1.0042504190188286,-1.0036215857719912,"-0.6667414322154805;-0.9789385765594858;-1.1443838932774413;-0.5760892043800736;-1.6533485878919825;-1.1031312674591005;-0.4551768640575471;-1.119991693224161;-0.036319628286172634;-0.9222152878400982;-1.8935053227553116;-1.501163270279089","0.14768179019534913;0.17551865162907399;0.15613921321825516;0.14308388415234685;0.11628877113186727;0.2501696248827804;0.19631501683193014;0.1019188378604413;0.40733973402585766;-0.3882095026840628;0.07290428860908553;0.38537191381650404","p0_x;p0_z;p1_x;p1_z;p2_x;p2_z;p3_x;p3_z;animal0_x;animal0_z;animal1_x;animal1_z"
svgworld_pil,cross_style,resnet50|pre|island,resnet50|pre|western,pooled,4,0.01,-1.03623234196566,-1.035056214183515,"-0.5718930293633306;-0.8850300052015856;-1.3194858727671264;-0.4148666738434872;-1.799256462298461;-0.862252104526205;-0.6251996268054854;-1.3477183773147479;0.0515669803873583;-1.1261563079263603;-2.0003731735442374;-1.5341234503842496","0.07270914876775325;0.18660716695922422;0.13926267069872086;0.27775035188161;0.11930310729462625;0.18735957480163298;0.1040992364580521;0.057010419955315264;0.45700238041127356;-0.4531965354495612;0.08976549183796531;0.36103724483697935","p0_x;p0_z;p1_x;p1_z;p2_x;p2_z;p3_x;p3_z;animal0_x;animal0_z;animal1_x;animal1_z"
svgworld_pil,cross_style,resnet50|rand|island,resnet50|rand|western,pooled,0,0.1,0.13416740720157835,0.13361917304166493,"0.2758017652064817;0.16673555662478678;0.09686341311525515;0.1869159656170606;-0.08368716369637097;0.27496464550937616;0.2678968450407364;-0.1561306952071302;0.26962077720000577;0.2187441327978118;0.014867802087937698;0.07741584212298924","0.5501696254502637;0.41631324994024216;0.42015242616376647;0.4431588358799085;0.2570404215547959;0.5250697268026528;0.5314429412811705;0.1267256450425636;0.5982211928403597;0.5713513702416938;0.3274617953157176;0.4224865957935064","p0_x;p0_z;p1_x;p1_z;p2_x;p2_z;p3_x;p3_z;animal0_x;animal0_z;animal1_x;animal1_z"
svgworld_pil,cross_style,resnet50|rand|island,resnet50|rand|western,pooled,1,0.1,0.16545633295529474,0.1657936022486416,"0.2096503160522485;0.10192724207908999;0.06341353059569232;0.22100651465237486;0.04425417388927699;0.2953911972319436;0.2954921616669631;-0.08996348520070185;0.3174708789814231;0.3885306738596792;-0.062345644877651596;0.20064843653319886","0.4612973704583674;0.35027297285447334;0.3781693522819707;0.47216732149276086;0.34021775530055154;0.5437027397280828;0.5616890134165103;0.18843037748938266;0.6278253294300439;0.6880993551295816;0.26536813635559625;0.4979941900568487","p0_x;p0_z;p1_x;p1_z;p2_x;p2_z;p3_x;p3_z;animal0_x;animal0_z;animal1_x;animal1_z"
svgworld_pil,cross_style,resnet50|rand|island,resnet50|rand|western,pooled,2,0.1,0.12692563746069116,0.12694420219693636,"0.2343119613638871;0.15848030708193217;0.001148698937427528;0.1309081807688094;-0.15093072301603683;0.30065324030187524;0.297183984205842;-0.1616575758945653;0.2925377741252938;0.2782163427626163;0.0749317884102606;0.06732367048095156","0.49375758483933385;0.4096666665901105;0.3659747424468882;0.3754374225945298;0.25551583050919485;0.5500581026836759;0.5638825392221272;0.1481844056833704;0.5960993498927244;0.625979149303523;0.3767814412651007;0.3777553818360387","p0_x;p0_z;p1_x;p1_z;p2_x;p2_z;p3_x;p3_z;animal0_x;animal0_z;animal1_x;animal1_z"
svgworld_pil,cross_style,resnet50|rand|island,resnet50|rand|western,pooled,3,0.1,0.1353604644209397,0.1358655737944281,"0.2250635737467368;0.18268553449487324;0.0433507178507051;0.18821006553368935;0.02131410889502261;0.25202832988458224;0.28928434549163895;-0.20491563014590408;0.3100163353599672;0.28082398028508526;-0.04889517711874847;0.08535938877362859","0.48075783040408443;0.4301023591013232;0.39002253184317776;0.44112638540737914;0.3358115729990184;0.5027685918302969;0.5544866172706595;0.09689703481332655;0.6056021393839727;0.6265648232998594;0.2649230626838014;0.4079146901259565","p0_x;p0_z;p1_x;p1_z;p2_x;p2_z;p3_x;p3_z;animal0_x;animal0_z;animal1_x;animal1_z"
svgworld_pil,cross_style,resnet50|rand|island,resnet50|rand|western,pooled,4,0.1,0.12242305791711809,0.12265590231892542,"0.27941424544607407;0.13405054605350109;0.001175478784820605;0.1279939436896037;-0.02549754931479642;0.21549193729905802;0.2939677752821622;-0.11918588447585976;0.2941931065481578;0.1470961911281281;-0.0044076348858992365;0.12478453945046686","0.5427031983066782;0.38562460809809573;0.34395118480418135;0.3706033314595975;0.3058889244108775;0.4689140025563219;0.5655986281240287;0.14860674977833124;0.6118897850580329;0.51630168759914;0.3142223235520135;0.449958772197518","p0_x;p0_z;p1_x;p1_z;p2_x;p2_z;p3_x;p3_z;animal0_x;animal0_z;animal1_x;animal1_z"
svgworld_pil,cross_style,dinov3_s16|pre|western,dinov3_s16|pre|island,pooled,0,0.01,0.20395011212107148,0.20377117241513365,"0.6264367343713766;0.2253309808248729;0.3692080675865127;0.44917431900922367;0.39212306348251;0.18521763615170073;0.3749641828355993;0.23434256938524178;-0.17898028091254736;0.13051576728735692;-0.5558807914607646;0.19494909689177498","0.797486716926875;0.6349672471260804;0.6522647946963135;0.6890164973773037;0.6596568998419172;0.5682187250226878;0.6885792199954416;0.7329243916305548;0.2825858745257495;0.39603023060188947;0.19581768351077125;0.4583521846331292","p0_x;p0_z;p1_x;p1_z;p2_x;p2_z;p3_x;p3_z;animal0_x;animal0_z;animal1_x;animal1_z"
svgworld_pil,cross_style,dinov3_s16|pre|western,dinov3_s16|pre|island,pooled,1,0.01,0.16117061153188145,0.16211708153715154,"0.5811878427840406;0.19361466691523477;0.2533106000208126;0.4276839608458939;0.3055116664273856;0.14827304264094543;0.4221512174471149;0.19021114695150365;-0.25410050184266075;0.06005577644556992;-0.5836062402291275;0.1897541599758643","0.7744249654863278;0.610414175294853;0.5860622047744967;0.6774148699246558;0.621543791573488;0.5315174299336103;0.7211427131386112;0.7241509048542765;0.24324828962661235;0.33149659196600056;0.198598100652412;0.45463519282933856","p0_x;p0_z;p1_x;p1_z;p2_x;p2_z;p3_x;p3_z;animal0_x;animal0_z;animal1_x;animal1_z"
svgworld_pil,cross_style,dinov3_s16|pre|western,dinov3_s16|pre|island,pooled,2,0.01,0.15612382344537387,0.1561403500106897,"0.5946400265550128;0.14994419690877392;0.23647432280737168;0.4293575886145755;0.37513849057369864;0.15169779522228566;0.48017475322799086;0.2702907751220164;-0.2803110459533722;0.013104745990933253;-0.7070666047857352;0.16004083706093508","0.7826250805704942;0.6128070791298309;0.5930882378741343;0.6728484980460794;0.652219307793647;0.5368240542106546;0.7464958557760762;0.7329933271528142;0.23303256423668942;0.3180621613274859;0.15849995608670775;0.4335496338991658","p0_x;p0_z;p1_x;p1_z;p2_x;p2_z;p3_x;p3_z;animal0_x;animal0_z;animal1_x;animal1_z"
svgworld_pil,cross_style,dinov3_s16|pre|western,dinov3_s16|pre|island,pooled,3,0.01,0.157735672350258,0.15932677130830986,"0.5867883364074047;0.20789957137163928;0.28708897518478216;0.4492736941568649;0.3781118018755487;0.21560879807238653;0.3754634909339635;0.26462125460188757;-0.2682668895328111;0.02790381922324847;-0.7230567045598661;0.09139192046804756","0.7725704701871505;0.6356043581768756;0.6104234377670054;0.6800097397892325;0.6516661803773445;0.5600786199927001;0.7111329167410955;0.7183395682443786;0.23942093937418882;0.3290416310856964;0.1705542396395346;0.378166288851649","p0_x;p0_z;p1_x;p1_z;p2_x;p2_z;p3_x;p3_z;animal0_x;animal0_z;animal1_x;animal1_z"
svgworld_pil,cross_style,dinov3_s16|pre|western,dinov3_s16|pre|island,pooled,4,0.01,0.16518485075676778,0.16504235160051572,"0.6303506589188677;0.16797846144504558;0.30062758433008185;0.4318854294287543;0.36212914253708584;0.1105017715233565;0.4285982393738216;0.291822807817531;-0.25647475523290053;0.058324093183449555;-0.6767821127646538;0.13325688852077366","0.7993827253226533;0.5909354006613601;0.6250907731601105;0.6736442069356631;0.6542364971217632;0.5219772433933252;0.7199524443021538;0.7120022623777266;0.25338644881022876;0.33877775597210324;0.14294768287112927;0.417796984809083","p0_x;p0_z;p1_x;p1_z;p2_x;p2_z;p3_x;p3_z;animal0_x;animal0_z;animal1_x;animal1_z"
svgworld_pil,cross_style,dinov3_s16|rand|western,dinov3_s16|rand|island,pooled,0,0.001,-2.854946045719633,-2.8588716651767143,"-4.840930546529411;-1.7438382654951035;-3.1906676943470647;-2.25531688237874;-3.107178930270136;-2.9299783577858043;-3.9271319288449096;-1.2147443074343536;-5.310348747371654;-2.2723929408778387;-1.06191084589316;-2.404913101407417","0.10817875661218652;0.2101715205479466;0.11241581520799736;0.09169280495523165;0.09152552934561892;0.04787095103140581;0.04756526902107915;0.2504123707615367;0.0016781366570068725;0.0024238538548896245;-0.03949742029256722;0.014881409446855011","p0_x;p0_z;p1_x;p1_z;p2_x;p2_z;p3_x;p3_z;animal0_x;animal0_z;animal1_x;animal1_z"
svgworld_pil,cross_style,dinov3_s16|rand|western,dinov3_s16|rand|island,pooled,1,0.001,-3.0179076977782273,-3.018224771579855,"-5.645660035920881;-1.7711828849957572;-2.8528759521429246;-2.462472605004376;-3.4614573805565927;-3.2844029402496906;-3.5384017334267437;-1.740155751833607;-5.427315538259232;-2.2550362130058748;-1.272639668934103;-2.503291669008945","0.11076572482678756;0.2122613908652301;0.13282029196893172;0.08305773951228355;0.0887332327847473;0.04168404301672006;0.0638892534392207;0.2057140425129693;-0.01831680847338957;0.0004957594290662548;-0.026740854902420057;0.011266505217301097","p0_x;p0_z;p1_x;p1_z;p2_x;p2_z;p3_x;p3_z;animal0_x;animal0_z;animal1_x;animal1_z"
svgworld_pil,cross_style,dinov3_s16|rand|western,dinov3_s16|rand|island,pooled,2,0.001,-2.9469949879228428,-2.945583058080887,"-5.025759673095786;-1.786076494639329;-3.4047999778989073;-2.2990474208151714;-3.5922406216456633;-3.0247563717463093;-3.598063110449538;-1.3444610075277765;-5.267666788717818;-2.011417946212669;-0.9283473491774121;-3.0813030931477288","0.1071029898183504;0.259269464416624;0.09252424683672601;0.087784951984159;0.09099259410685627;0.05717094035242258;0.0596463264781819;0.2429543602730952;-0.013010975336399852;0.012396292537860747;-0.026112358504161187;0.0209054535397888","p0_x;p0_z;p1_x;p1_z;p2_x;p2_z;p3_x;p3_z;animal0_x;animal0_z;animal1_x;animal1_z"
svgworld_pil,cross_style,dinov3_s16|rand|western,dinov3_s16|rand|island,pooled,3,0.001,-2.9465517174028353,-2.9440596187038035,"-4.93564780450178;-1.8798219743837254;-3.1101371230954653;-2.4358586512726093;-3.2044308785345255;-2.8534016506127338;-3.7533536047273097;-1.281457777074284;-5.949694500542381;-2.2085767817599624;-1.5172287535272262;-2.229011108802023","0.10952866396038413;0.24099612482663405;0.1090123187745594;0.05572819957709206;0.08127491696127112;0.07715855959653703;0.06693816133961396;0.20447433583688307;0.0033506484730405324;0.021807581500011507;-0.017420681650395082;0.023763038960096815","p0_x;p0_z;p1_x;p1_z;p2_x;p2_z;p3_x;p3_z;animal0_x;animal0_z;animal1_x;animal1_z"
svgworld_pil,cross_style,dinov3_s16|rand|western,dinov3_s16|rand|island,pooled,4,0.001,-2.930336470492081,-2.9272720106908743,"-5.108068735750842;-2.169117757625523;-3.534370025993068;-2.7324454136255745;-3.679795514134102;-3.119936813570096;-2.7345514826359323;-1.615151229128526;-4.610465389295019;-2.198886580580668;-1.0158976827847654;-2.645351020780848","0.110505959834683;0.28466095036468037;0.10192768186970805;0.0762935833125864;0.08972377840256493;0.06989111220108117;0.09594735366693315;0.17624371287352059;0.011050469225189341;0.00920753108974536;-0.039565705488158284;0.02362083354004221","p0_x;p0_z;p1_x;p1_z;p2_x;p2_z;p3_x;p3_z;animal0_x;animal0_z;animal1_x;animal1_z"
svgworld_pil,cross_style,dinov3_b16|pre|western,dinov3_b16|pre|island,patches_mean,0,0.001,0.20689567513680232,0.20801104080581023,"0.5167106902028047;0.2523673019239684;-0.4705588851879756;0.5169594216869111;0.13679578668677728;-0.21951816638920407;0.12294803520105602;0.07820244477550498;0.44956229868150255;0.6022996347907554;0.3136439606645067;0.1833355786050208","0.7193199055909307;0.5669737681584262;0.3362449135150184;0.7201290121015805;0.5366140967334796;0.4991303296339276;0.5636475416309332;0.5419792621129859;0.7297776174869531;0.8012290074258498;0.5626359553304646;0.43096020892344405","p0_x;p0_z;p1_x;p1_z;p2_x;p2_z;p3_x;p3_z;animal0_x;animal0_z;animal1_x;animal1_z"
svgworld_pil,cross_style,dinov3_b16|pre|western,dinov3_b16|pre|island,patches_mean,1,0.001,0.19326464724473744,0.19411841428940702,"0.36989540767184925;0.2941405356183526;-0.2773888157078006;0.5025678058436316;0.05523985777420137;-0.15318860968006498;-0.16345014803739066;0.15742558155319297;0.43618337921984196;0.6042860909206231;0.3001390299357667;0.19332565182464612","0.631386269623766;0.5775256912299659;0.364711669802029;0.7134292011469591;0.48146815101957563;0.4955025679542418;0.5057133046249388;0.5689768108135157;0.7198553771293846;0.8110706720530345;0.5499606629713159;0.4420697475750726","p0_x;p0_z;p1_x;p1_z;p2_x;p2_z;p3_x;p3_z;animal0_x;animal0_z;animal1_x;animal1_z"
svgworld_pil,cross_style,dinov3_b16|pre|western,dinov3_b16|pre|island,patches_mean,2,0.001,0.21812293296971608,0.2203417495418103,"0.44969388345256345;0.31955637170725837;-0.2958514695280039;0.5542536803459623;-0.21238160734632539;0.0011420438906355468;-0.07481676376865498;0.21840876068422765;0.42969754818594097;0.58215896392862;0.34990734249586897;0.2957064415884998","0.6790439408387877;0.5935532405771544;0.337404595479645;0.7449195759389481;0.438999128580101;0.5308457908539485;0.5204837613733685;0.6226084531193341;0.70348107567307;0.8013395140333411;0.5966693238047928;0.5466191224881646","p0_x;p0_z;p1_x;p1_z;p2_x;p2_z;p3_x;p3_z;animal0_x;animal0_z;animal1_x;animal1_z"
svgworld_pil,cross_style,dinov3_b16|pre|western,dinov3_b16|pre|island,patches_mean,3,0.001,0.2196526093501757,0.2201697857154551,"0.4306940591090118;0.3081299053046951;-0.44719464195481917;0.5101409471395868;0.06977441609862889;-0.054001912408444985;0.15575417950311699;0.2034065851858241;0.4290932402345544;0.5837222396191887;0.30985736618999915;0.13645492818076588","0.6624355856333797;0.5944164577730671;0.31808897137099346;0.7168441546111407;0.47942315493252874;0.522222241933512;0.574271924269266;0.5827904705538324;0.7144194256607007;0.7813012385391929;0.5568814998487678;0.38716994594472576","p0_x;p0_z;p1_x;p1_z;p2_x;p2_z;p3_x;p3_z;animal0_x;animal0_z;animal1_x;animal1_z"
svgworld_pil,cross_style,dinov3_b16|pre|western,dinov3_b16|pre|island,patches_mean,4,0.001,0.20515700279440627,0.20743808590331125,"0.5045153855173881;0.41782568808533194;-0.4232870776164639;0.5035997071734037;-0.15722226886417623;-0.16052634369399588;0.14727707243389354;0.06013913856199882;0.42440072036902277;0.5925046558057883;0.3401358364876974;0.21252151927298668","0.7105046915164451;0.6483828724701314;0.3556618010612325;0.7135629582018522;0.4486254865439564;0.47889537267451915;0.5731999542473448;0.5596527085700417;0.7005574284856174;0.7924925730229984;0.5874225275395609;0.46296856013247717","p0_x;p0_z;p1_x;p1_z;p2_x;p2_z;p3_x;p3_z;animal0_x;animal0_z;animal1_x;animal1_z"
svgworld_pil,cross_style,dinov3_b16|pre|western,dinov3_b16|pre|island,pooled,0,0.1,0.2490569150100137,0.24889906140721796,"0.39946261573664554;0.3102405032636725;0.1355979321035481;0.5030328883906976;0.37112564591313457;0.1854959536447539;0.43930894224180106;0.5033313024405031;0.04475111853342917;0.30325640330276016;-0.31965880350677756;0.11273847805599646","0.6513000318529695;0.5659579137506516;0.5480587290016478;0.7099548696334212;0.6132836188755146;0.5660438452338854;0.6664895263872262;0.7136184380441374;0.2691423739669005;0.5771855744051866;0.15530555765115214;0.3646300530188416","p0_x;p0_z;p1_x;p1_z;p2_x;p2_z;p3_x;p3_z;animal0_x;animal0_z;animal1_x;animal1_z"
svgworld_pil,cross_style,dinov3_b16|pre|western,dinov3_b16|pre|island,pooled,1,0.1,0.23916467391411889,0.23966891399176526,"0.3671251315988644;0.2322981118207058;0.2370979687989626;0.39915001791152993;0.430038025499376;0.08639245227604475;0.4688336283923148;0.4235359391169311;0.06738155731890383;0.30734051651060423;-0.284154037256777;0.1349367749819662","0.6092246314893611;0.5163361263840417;0.5833293851648622;0.6439537829619323;0.6587304044483733;0.531769784675376;0.6875780363977173;0.6799164089256102;0.2971161428255032;0.5863678234730836;0.16402950101271005;0.38743457588746355","p0_x;p0_z;p1_x;p1_z;p2_x;p2_z;p3_x;p3_z;animal0_x;animal0_z;animal1_x;animal1_z"
svgworld_pil,cross_style,dinov3_b16|pre|western,dinov3_b16|pre|island,pooled,2,0.1,0.23712773903897214,0.23774844577296284,"0.38329400410500747;0.1984147162298766;0.0445862287059372;0.5187854900379179;0.45414065379435864;0.07167784224757934;0.4464178250891443;0.48153457032731906;0.058027250835510635;0.31043546614612616;-0.28482290639819907;0.16304172734708766","0.6246532860076031;0.49919705741832254;0.5164501657567027;0.7204284631478182;0.6776102048655004;0.531113098052214;0.669583581559748;0.7018928907783394;0.282909770888885;0.6020667643510639;0.17221257952306163;0.41940541491146366","p0_x;p0_z;p1_x;p1_z;p2_x;p2_z;p3_x;p3_z;animal0_x;animal0_z;animal1_x;animal1_z"
svgworld_pil,cross_style,dinov3_b16|pre|western,dinov3_b16|pre|island,pooled,3,0.1,0.2624862967510962,0.26376790299494124,"0.43250902964672977;0.36775729455956196;0.165576814959834;0.4824901749107414;0.43259897844891304;0.22234951639053724;0.4264767342680379;0.5011414354581847;0.029832670580928422;0.2991132771885514;-0.39975099863251473;0.18974063323364876","0.6749774823166124;0.607764026170504;0.5469988450068387;0.7008147416425444;0.6601658382692913;0.5790856873312837;0.6605067740040625;0.7106636985532143;0.2616916052974992;0.5690576115011644;0.14902056461198762;0.44338854419661167","p0_x;p0_z;p1_x;p1_z;p2_x;p2_z;p3_x;p3_z;animal0_x;animal0_z;animal1_x;animal1_z"
svgworld_pil,cross_style,dinov3_b16|pre|western,dinov3_b16|pre|island,pooled,4,0.1,0.2308205400408346,0.23169373807212834,"0.4291191105362723;0.18789142541591153;-0.00287802895067224;0.45848754131705494;0.42152663541526014;0.08663622907365742;0.4121824430188983;0.502329883270205;0.04905569953832001;0.3276193585040511;-0.30436766034384166;0.20224384369489812","0.6707072242376055;0.49611863986051963;0.5110365665816575;0.6819470129840602;0.6497940296576985;0.5440666503106302;0.6486680028471737;0.7118381238492274;0.2781286833374151;0.6108903243457445;0.17665789375682878;0.4547102050441241","p0_x;p0_z;p1_x;p1_z;p2_x;p2_z;p3_x;p3_z;animal0_x;animal0_z;animal1_x;animal1_z"
svgworld_pil,cross_style,dinov3_b16|rand|western,dinov3_b16|rand|island,patches_mean,0,0.001,-2.1097495077863893,-2.110891514630548,"-1.7871341349002372;-1.4323980344181755;-1.4364245923562553;-1.2842932974027566;-2.8595316964078923;-2.900232455053585;-1.5200220091436902;-0.8550337783183699;-4.107959958548862;-1.6950643784430235;-2.237992852599421;-3.200906905844401","0.22994481095484734;0.35261032515129104;0.30009924057398085;0.26494651842843625;0.144234304084795;0.15820136809098553;0.3106199035247277;0.35803080423951394;-0.029330148374833324;-0.022234141582623382;-0.013352140515666824;0.02828670400792442","p0_x;p0_z;p1_x;p1_z;p2_x;p2_z;p3_x;p3_z;animal0_x;animal0_z;animal1_x;animal1_z"
svgworld_pil,cross_style,dinov3_b16|rand|western,dinov3_b16|rand|island,patches_mean,1,0.001,-2.088464084808693,-2.090196212028922,"-1.983389919245036;-1.4210511586953651;-1.311813463767102;-1.2996112202495276;-3.0919039808376025;-2.734470443588017;-1.8043630494212577;-1.0229201427937444;-3.465388872214782;-1.7402612502453847;-1.9449480110903692;-3.241447505556132","0.21981643763701883;0.32526318810315813;0.301154466993709;0.2845136333774545;0.15331676298225577;0.17961509427681316;0.3161372496206399;0.36833758159949964;-0.01997889398796394;-0.03153866586995963;-0.020941835935493803;0.00719397823610082","p0_x;p0_z;p1_x;p1_z;p2_x;p2_z;p3_x;p3_z;animal0_x;animal0_z;animal1_x;animal1_z"
svgworld_pil,cross_style,dinov3_b16|rand|western,dinov3_b16|rand|island,patches_mean,2,0.001,-1.9550636816825582,-1.9533358763139903,"-1.6275735536486593;-1.642266788621301;-1.6295941726379226;-0.9511179766410107;-2.9260061147324166;-2.769831502380746;-1.5607794901210372;-1.0300548879575064;-2.854485767389309;-2.2014189305366867;-1.9176012444535235;-2.3500337510705793","0.2242190680769809;0.32947485314269687;0.2857954092901214;0.3099806161893254;0.13299270498341176;0.12716471491389675;0.317731867506957;0.3342736080891912;-0.014133960390387518;-0.02020480647269604;0.0033887743118832673;-0.00872514910837677","p0_x;p0_z;p1_x;p1_z;p2_x;p2_z;p3_x;p3_z;animal0_x;animal0_z;animal1_x;animal1_z"
svgworld_pil,cross_style,dinov3_b16|rand|western,dinov3_b16|rand|island,patches_mean,3,0.001,-2.043190206890576,-2.041684761122323,"-2.1133676492474605;-1.4466647457556951;-1.5730365297119242;-1.1333353407806515;-2.9696120770305505;-2.505762868427434;-1.580515587995246;-0.8396726926140266;-3.290934326217509;-1.8783349351248808;-2.3851665705040275;-2.8018791592775076","0.22825601045780197;0.3420788089553064;0.27124487276216735;0.2953326144105066;0.14612344670246646;0.1579068888505889;0.33647533838862675;0.36318696173847725;-0.003641711035026449;-0.0005880168968111577;-0.007383261300884247;0.018092971889148365","p0_x;p0_z;p1_x;p1_z;p2_x;p2_z;p3_x;p3_z;animal0_x;animal0_z;animal1_x;animal1_z"
svgworld_pil,cross_style,dinov3_b16|rand|western,dinov3_b16|rand|island,patches_mean,4,0.001,-2.135657351731549,-2.134999934928332,"-1.699773541899594;-1.4583048509730285;-1.5005218409246766;-1.3929826162827301;-3.484320876944971;-2.9577884715958405;-1.540633793936098;-0.9021955547674398;-3.6503293294296615;-1.7191270167514596;-2.0702670554592655;-3.2516432718138173","0.24816793304192888;0.37691992452041734;0.2804444644708659;0.2415056163830116;0.12745200672738927;0.13452423391748947;0.314662219493284;0.3975394101713424;-0.01157763615852255;0.0025846052180789818;-0.009494824965253673;0.0035623331036051037","p0_x;p0_z;p1_x;p1_z;p2_x;p2_z;p3_x;p3_z;animal0_x;animal0_z;animal1_x;animal1_z"
svgworld_pil,cross_style,dinov3_b16|rand|western,dinov3_b16|rand|island,pooled,0,0.001,-6.762874385566046,-6.772803877603781,"-6.416163610125317;-5.027234347347728;-7.178110729855343;-5.53708791706747;-9.927873956989213;-6.0904013432165485;-4.521010963074752;-5.755463995646294;-2.6414312322673914;-3.4600221166768117;-16.93195109936632;-7.667741315159368","0.09036297619443251;0.10375002834978345;0.15698716194433307;0.1939738969067289;0.04973100700463431;0.15593980946428856;0.12574272726230049;0.2988784563537338;0.022875207057033473;-0.020126944863909677;0.008880136035783737;-0.019096423780354258","p0_x;p0_z;p1_x;p1_z;p2_x;p2_z;p3_x;p3_z;animal0_x;animal0_z;animal1_x;animal1_z"
svgworld_pil,cross_style,dinov3_b16|rand|western,dinov3_b16|rand|island,pooled,1,0.001,-6.467409917048022,-6.471616367966049,"-6.553260906966601;-4.057284584568172;-5.355423788721513;-4.2942717293279875;-7.993892465241176;-4.547726829983351;-5.8104205132375455;-4.478687508299772;-2.692525695313319;-3.505831416383516;-19.605574724353794;-8.714018842179527","0.06412509733111407;0.1866352254285995;0.18125183300309905;0.24852701767586646;0.0677305023015555;0.19234826607532618;0.12389848160695989;0.33506945512112646;0.025454803604219773;-0.023668555075862876;0.01872337096250333;-0.017589224552910575","p0_x;p0_z;p1_x;p1_z;p2_x;p2_z;p3_x;p3_z;animal0_x;animal0_z;animal1_x;animal1_z"
svgworld_pil,cross_style,dinov3_b16|rand|western,dinov3_b16|rand|island,pooled,2,0.001,-6.50393807428721,-6.511776043436313,"-5.714250966467874;-4.624419537387857;-6.383351209018049;-5.040876702954211;-9.663393048078426;-5.042850117897049;-4.768487843600623;-5.589934596196375;-2.201775123999573;-3.6923176925467445;-17.872557056079525;-7.453042997220203","0.09415553629781317;0.11449767343633994;0.18485493665381733;0.21465193807337288;0.044021016686058144;0.16682082324969633;0.13844549168468426;0.3134612007639764;0.011554468985187374;-0.029583445514900192;0.024098349406606028;-0.023957972195080245","p0_x;p0_z;p1_x;p1_z;p2_x;p2_z;p3_x;p3_z;animal0_x;animal0_z;animal1_x;animal1_z"
svgworld_pil,cross_style,dinov3_b16|rand|western,dinov3_b16|rand|island,pooled,3,0.001,-6.255707302247931,-6.244757419897653,"-6.7177058900942095;-4.022790962046564;-5.93121964315505;-3.9223050524532246;-10.836762775897379;-4.593267703338087;-5.202416535852831;-5.026516363712459;-2.7088662697906054;-3.234685083954438;-13.411255425738338;-9.46069592094199","0.07293386881965716;0.15385051740805653;0.1802693996608403;0.23108212110340082;0.05183363045421069;0.179357983218134;0.13605857406608546;0.31101738630080095;0.012955162785683661;-0.009093862351770841;0.0036780716126277894;-0.023084755567466295","p0_x;p0_z;p1_x;p1_z;p2_x;p2_z;p3_x;p3_z;animal0_x;animal0_z;animal1_x;animal1_z"
svgworld_pil,cross_style,dinov3_b16|rand|western,dinov3_b16|rand|island,pooled,4,0.001,-6.1239815289455874,-6.120421001128263,"-6.01155062470719;-4.6447364146216605;-6.111070321454813;-3.7356773164539065;-10.337251710041611;-5.679188723573577;-4.14038538176492;-4.5496260873554695;-2.5975066670861833;-3.6795254265355375;-15.390303644887819;-6.610956028864349","0.09869684886185065;0.1956521197302699;0.16700981639959325;0.2550628197070022;0.0706502835936961;0.15060113276945794;0.18042822291614224;0.3324689542855131;-0.004905405976766325;-0.020625526045044085;0.021285045864865022;-0.0228892402891996","p0_x;p0_z;p1_x;p1_z;p2_x;p2_z;p3_x;p3_z;animal0_x;animal0_z;animal1_x;animal1_z"
svgworld_pil,cross_style,dinov3_l16|pre|western,dinov3_l16|pre|island,pooled,0,0.1,0.1770606860144519,0.1762975141259291,"0.5786497515242859;0.23063765437377348;0.08260535845111172;0.42757120922248215;0.08619286515402858;0.30947323822602935;0.16754597867518972;0.2607855818645176;-0.03232421276858233;0.4049608802958252;-0.6988310271251774;0.30746095427993914","0.761037663976329;0.560433220935621;0.5212125477060874;0.6579107057779702;0.45702576220926205;0.6191895730207988;0.48699758490043193;0.5277995515635536;0.25638471587012185;0.6576407693912081;0.12401527224383066;0.5836395108486314","p0_x;p0_z;p1_x;p1_z;p2_x;p2_z;p3_x;p3_z;animal0_x;animal0_z;animal1_x;animal1_z"
svgworld_pil,cross_style,dinov3_l16|pre|western,dinov3_l16|pre|island,pooled,1,0.1,0.1837994062814908,0.18452296199285922,"0.5484851517337022;0.33104671665998864;0.021443413772375908;0.5031075394692468;0.014750752651629173;0.37979968857506563;0.12448838782438554;0.29139531108946937;-0.009102050488545954;0.3950485932753093;-0.7710040322145344;0.3761334030297976","0.7409334984287648;0.6195455533552363;0.5021209468518831;0.7093524626122639;0.4409786441946048;0.6469092651746666;0.4584618984388495;0.5516162545915378;0.28574330947307935;0.6519121156073185;0.13447109802879134;0.6297939896428076","p0_x;p0_z;p1_x;p1_z;p2_x;p2_z;p3_x;p3_z;animal0_x;animal0_z;animal1_x;animal1_z"
svgworld_pil,cross_style,dinov3_l16|pre|western,dinov3_l16|pre|island,pooled,2,0.1,0.1984728156627589,0.19869333971272185,"0.5559577973807261;0.32516061678749375;0.10933022811152271;0.43022599270264106;0.08203951979919977;0.3237252395240401;0.17831009637758977;0.300327068404035;-0.004841364081956012;0.39551688499157245;-0.6629683195533278;0.3488900275095702","0.7482306841724264;0.5913850120646422;0.5569155182280074;0.6578074446766198;0.44694527718324345;0.6207151134730303;0.48058772983939485;0.5588197836471567;0.2882819086921393;0.6472521510290767;0.1138707705979241;0.615244339028112","p0_x;p0_z;p1_x;p1_z;p2_x;p2_z;p3_x;p3_z;animal0_x;animal0_z;animal1_x;animal1_z"
svgworld_pil,cross_style,dinov3_l16|pre|western,dinov3_l16|pre|island,pooled,3,0.1,0.16115376249082844,0.16316331535679895,"0.533985121099871;0.2695230783436535;-0.053482192492178005;0.43368925696042293;-0.020232518150496315;0.34358293454820055;0.112575843983169;0.3277059359696165;-0.06811552384988562;0.38693676248146114;-0.6976272908797356;0.365303741875842","0.7310956169182163;0.578506281171518;0.4536800647977455;0.661186515026167;0.42259842075760173;0.6273205911673922;0.44866783708528063;0.5791701259636914;0.2595468601924784;0.6420991376884906;0.1349455108050263;0.6204010677713938","p0_x;p0_z;p1_x;p1_z;p2_x;p2_z;p3_x;p3_z;animal0_x;animal0_z;animal1_x;animal1_z"
svgworld_pil,cross_style,dinov3_l16|pre|western,dinov3_l16|pre|island,pooled,4,0.1,0.17535567169078695,0.175629571844656,"0.5624730687680545;0.18921314741438178;0.10080012972171337;0.4501749065799949;-0.010304554508522523;0.34865014997317734;0.20484860406701455;0.29985733259527625;-0.0624587992890111;0.34402190330869786;-0.6795874971852134;0.35657966884388004","0.7503560476260853;0.5509671519077541;0.5569919338999942;0.6724629322558109;0.4212273974913508;0.6242972158433299;0.4936279137638373;0.5625435631768029;0.2531207821045444;0.6048923652892769;0.12739401672382933;0.6159656825610625","p0_x;p0_z;p1_x;p1_z;p2_x;p2_z;p3_x;p3_z;animal0_x;animal0_z;animal1_x;animal1_z"
svgworld_pil,cross_style,dinov3_l16|rand|western,dinov3_l16|rand|island,pooled,0,0.001,-8.22930532326726,-8.22816562167731,"-6.372267035181973;-3.4956869253519;-12.440241744513933;-6.023958994765599;-13.924207080753074;-10.471940732762098;-6.597236944348751;-5.231031421968044;-2.901210904946016;-3.443415961304554;-11.584334537013916;-16.266131596297278","0.040845639122488925;0.2271288316032762;0.05500212705276397;-0.0003174763509293659;0.11889755926093051;0.09148234475815038;0.0673217263064438;0.1369232413198584;-0.0132136901079117;-0.015671795290229794;0.0065068277844135295;-0.00678297563165662","p0_x;p0_z;p1_x;p1_z;p2_x;p2_z;p3_x;p3_z;animal0_x;animal0_z;animal1_x;animal1_z"
svgworld_pil,cross_style,dinov3_l16|rand|western,dinov3_l16|rand|island,pooled,1,0.001,-8.226935512680004,-8.233981021543315,"-7.197993808498053;-4.686671764144373;-9.057127057117972;-6.805196350566576;-13.945276982387849;-13.912223223820908;-6.4021535787673285;-6.133604616135914;-2.83895815638816;-4.08276802760995;-11.34113175281982;-12.320120833903161","0.0754263262335575;0.12471857854284144;0.08507422635202287;0.03268311507428564;0.11649248927644039;0.06998818827128225;0.03370211867033439;0.1575321960898171;-0.01749505073332051;-0.027717765366862945;0.01653805638532966;0.0038063112711624603","p0_x;p0_z;p1_x;p1_z;p2_x;p2_z;p3_x;p3_z;animal0_x;animal0_z;animal1_x;animal1_z"
svgworld_pil,cross_style,dinov3_l16|rand|western,dinov3_l16|rand|island,pooled,2,0.001,-8.132617037168211,-8.135467779206813,"-6.981926515546707;-3.3406876683030697;-8.718499208107875;-6.0438327874072035;-13.11430394011454;-14.474276239404873;-6.072258938502723;-4.373543128280677;-3.237361797840845;-3.3803303745431785;-12.126888869440068;-15.727494978526785","0.06198075667985814;0.12343501676266042;0.09389209487391706;0.013607852910550462;0.1144398561827642;0.07551212866877145;0.03970155268262434;0.15170426258709369;-0.021032859050166327;-0.017305969649773652;0.006695880518251349;-0.010650930457980348","p0_x;p0_z;p1_x;p1_z;p2_x;p2_z;p3_x;p3_z;animal0_x;animal0_z;animal1_x;animal1_z"
svgworld_pil,cross_style,dinov3_l16|rand|western,dinov3_l16|rand|island,pooled,3,0.001,-8.30619465080611,-8.305712997998997,"-7.043998698152574;-3.3783508311275963;-9.27469714321669;-6.274846591329875;-16.131981454154083;-12.25004967601903;-6.8926596824706765;-4.626956381377347;-3.031527729153977;-3.570630973505856;-11.629666956110555;-15.568969693055063","0.05785475778998146;0.1954233323673021;0.045766596692933495;0.021944165155001194;0.13992634922823682;0.07105353244298993;0.031112998530032594;0.1339123573939895;-0.016202759082652753;-0.016499612595908802;0.005019879838416314;0.01624608622311332","p0_x;p0_z;p1_x;p1_z;p2_x;p2_z;p3_x;p3_z;animal0_x;animal0_z;animal1_x;animal1_z"
svgworld_pil,cross_style,dinov3_l16|rand|western,dinov3_l16|rand|island,pooled,4,0.001,-7.967005876526351,-7.9559501276214775,"-6.323818231011487;-3.304371970827135;-9.440834545129508;-6.300425987896098;-14.576927394358146;-12.985276412819129;-6.7969703437718785;-5.586122137240657;-3.2035856784116046;-3.50121226622786;-9.427707123803618;-14.15681842681912","0.06492135501581552;0.1699091238113477;0.08030863747515264;0.05626057183324912;0.10680389535528324;0.09472822831392783;0.03906799169509799;0.10908739450994673;-0.04586784903319539;-0.011783519759133394;-0.012971155740302562;-0.018774331362458062","p0_x;p0_z;p1_x;p1_z;p2_x;p2_z;p3_x;p3_z;animal0_x;animal0_z;animal1_x;animal1_z"
svgworld_pil,cross_style,dinov2_b14|pre|western,dinov2_b14|pre|island,pooled,0,1.0,0.023929666771692826,0.0232434371758653,"0.3465664758842688;0.1193481690704099;-0.6945118003183899;0.26652523832322284;-0.35194983683189496;0.3211512849121063;0.10643659195997301;0.06848387890123186;0.04653058744689731;0.2205125138791283;-0.02945003666344892;-0.13248706530319065","0.5893855872680163;0.5334357927334105;0.32589633671011237;0.5698022856965679;0.37669013131826085;0.6396986620445942;0.40654366181914875;0.4152974448898904;0.31172061390631667;0.4832620688048084;0.3323047357824533;0.34578845234042455","p0_x;p0_z;p1_x;p1_z;p2_x;p2_z;p3_x;p3_z;animal0_x;animal0_z;animal1_x;animal1_z"
svgworld_pil,cross_style,dinov2_b14|pre|western,dinov2_b14|pre|island,pooled,1,1.0,0.03520443506609627,0.03621665366501381,"0.39008644973513706;0.03454049092108624;-0.9287081605073833;0.3466009960397587;-0.05683795349472365;0.32134520453819493;-0.06123722535806575;0.14214395393591917;0.04975667166204656;0.30494787411767066;-0.0996219717454847;-0.020563109051000783","0.6294623415945518;0.526849221468601;0.27690577097472313;0.601766660350364;0.426041779257463;0.6401810657515532;0.35718276115141684;0.4640827073474261;0.30925028950106465;0.5754939435008082;0.32802763641514016;0.36971251552392415","p0_x;p0_z;p1_x;p1_z;p2_x;p2_z;p3_x;p3_z;animal0_x;animal0_z;animal1_x;animal1_z"
svgworld_pil,cross_style,dinov2_b14|pre|western,dinov2_b14|pre|island,pooled,2,1.0,0.02701855702137143,0.03015287260572419,"0.3664181973523619;0.21926878976633402;-1.23148554589894;0.4357482789808952;-0.2476500214296109;0.40609911266274823;0.0654203641856328;0.0915343077690125;-0.018626822448573055;0.3228670014903836;-0.1427876888487818;0.05741671067499465","0.6096054845391405;0.5817611489106213;0.2526475738279782;0.6641124323389902;0.3943750281979572;0.6782687305768478;0.4064806302604876;0.41748336456886176;0.2470989311781076;0.5994328550057667;0.2714485192892493;0.3964532942891187","p0_x;p0_z;p1_x;p1_z;p2_x;p2_z;p3_x;p3_z;animal0_x;animal0_z;animal1_x;animal1_z"
svgworld_pil,cross_style,dinov2_b14|pre|western,dinov2_b14|pre|island,pooled,3,1.0,0.023355129567158017,0.0248553558247806,"0.3051708793154826;0.2084362367345901;-0.7531235053823915;0.3891274498502876;-0.2154467636822146;0.3266034087030528;0.0361037267244263;-0.004106305943570865;-0.08161145723367613;0.21925384981600549;-0.08568406007420526;-0.06446190402189034","0.5566189298024349;0.5776927858558222;0.30209813715540157;0.6323610411982303;0.3973923505616202;0.6516597263603803;0.38651915467028874;0.385661062233129;0.2109457515909835;0.49489215547493254;0.3231738071264898;0.360897192459247","p0_x;p0_z;p1_x;p1_z;p2_x;p2_z;p3_x;p3_z;animal0_x;animal0_z;animal1_x;animal1_z"
svgworld_pil,cross_style,dinov2_b14|pre|western,dinov2_b14|pre|island,pooled,4,1.0,-0.002034434242856764,0.000619965178260351,"0.4134860292883695;0.03766254152224169;-1.1760558885879644;0.3252886145305085;-0.3158305422735639;0.3637808228012849;-0.012178203380518893;0.13999642712647486;-0.10399476614141334;0.35720863666343894;-0.06196363629727064;0.008186753834131588","0.6437919768041367;0.5296450663134886;0.2575385587658493;0.5858134212502749;0.3969989415485311;0.6756878176416414;0.37355126011065687;0.47131038516542123;0.214946736856033;0.66326120145737;0.31413415322281085;0.38552755352487444","p0_x;p0_z;p1_x;p1_z;p2_x;p2_z;p3_x;p3_z;animal0_x;animal0_z;animal1_x;animal1_z"
svgworld_pil,cross_style,dinov2_b14|rand|western,dinov2_b14|rand|island,pooled,0,0.001,-8.527311466707962,-8.51947755048905,"-4.469509368810856;-6.806863732960488;-12.560398590397302;-6.797604238657405;-13.893075692389479;-14.457937459588424;-7.8330567142732335;-6.868138061321331;-11.3041888990553;-4.664756237528278;-5.913894542452115;-6.758314063061326","0.1822886861058767;0.17403613530625855;0.07935968473874365;-0.013026601789381732;0.11297172959496218;0.08421720791199111;0.11313960303912064;0.13471986716900364;-0.011151585927566012;0.014021080232671441;-0.00468302517328066;-0.021205845142408097","p0_x;p0_z;p1_x;p1_z;p2_x;p2_z;p3_x;p3_z;animal0_x;animal0_z;animal1_x;animal1_z"
svgworld_pil,cross_style,dinov2_b14|rand|western,dinov2_b14|rand|island,pooled,1,0.001,-7.653123364462427,-7.644784362681596,"-3.8825425278289547;-7.066373480975329;-13.295864129739401;-5.425368300482897;-9.780346312447444;-11.697234687772252;-8.560544653102395;-5.882446130526682;-7.35554222822854;-4.049511307432862;-7.992260451646038;-6.849446163366343","0.16591600014601338;0.1573684563196895;0.0749686281249963;0.020213502432092124;0.1107607908487724;0.08081547845333283;0.13420668195697197;0.12878117940790076;0.0008062243866677093;0.002163044627979365;-0.0036052709170064207;-0.026126810131876923","p0_x;p0_z;p1_x;p1_z;p2_x;p2_z;p3_x;p3_z;animal0_x;animal0_z;animal1_x;animal1_z"
svgworld_pil,cross_style,dinov2_b14|rand|western,dinov2_b14|rand|island,pooled,2,0.001,-8.156237320492759,-8.139897393215842,"-4.752194558025815;-6.148502664533166;-13.420459742654602;-6.627922288504873;-14.773519939406137;-12.459939854656483;-7.834039881886632;-5.921668174920546;-7.761550106183437;-4.9041612202755385;-6.215945283981592;-7.054944130884264","0.1807188993628335;0.2561805152527031;0.08658878132633616;0.015361117217060185;0.0942704095947263;0.07129960201873484;0.13581308124642005;0.07856400337197285;-0.0009131299729478662;0.013668644529988153;-0.001245485877485941;0.0008164401632095256","p0_x;p0_z;p1_x;p1_z;p2_x;p2_z;p3_x;p3_z;animal0_x;animal0_z;animal1_x;animal1_z"
svgworld_pil,cross_style,dinov2_b14|rand|western,dinov2_b14|rand|island,pooled,3,0.001,-8.611904460686196,-8.608742283687139,"-4.906713163115519;-7.025228139859008;-12.289893221800225;-7.520681495860478;-10.488426362917279;-12.636127019167464;-9.191388810211645;-5.625301914422949;-11.29322850131567;-6.034648370809372;-8.080511037545243;-8.2507054912095","0.1718775294663687;0.17171714046414913;0.10112004640241969;-0.010923508479393725;0.14074779342229093;0.07598083580972201;0.11898152695911525;0.12969258059052038;-0.011805150100274369;0.03854204642578832;0.002495379172373463;0.008658440547939768","p0_x;p0_z;p1_x;p1_z;p2_x;p2_z;p3_x;p3_z;animal0_x;animal0_z;animal1_x;animal1_z"
svgworld_pil,cross_style,dinov2_b14|rand|western,dinov2_b14|rand|island,pooled,4,0.001,-8.96360073930397,-8.938769235125008,"-4.627678572474218;-6.758734332468498;-15.407745251143446;-6.306431092406999;-17.54204286301706;-11.922878391706444;-7.241973632764379;-5.833454027353187;-10.753077096339453;-4.512950925064535;-7.70372155180746;-8.952521135101982","0.19787556199703288;0.15161427159063315;0.06879250946070391;0.015173876871470492;0.11379632315618;0.06598343356095268;0.16116711679722565;0.11776818431859924;-0.018802529423307013;0.016104849188601195;-0.024609550125170267;-0.010128815830695172","p0_x;p0_z;p1_x;p1_z;p2_x;p2_z;p3_x;p3_z;animal0_x;animal0_z;animal1_x;animal1_z"
svgworld_pil,cross_style,deit_b16|pre|western,deit_b16|pre|island,pooled,0,0.1,-0.7626364589314539,-0.7647500664528164,"-0.06250791719170978;-0.3024224410346439;-1.501888842519301;0.34464522562646704;-0.8570983595912651;0.24709366623313656;-1.5310616599924156;-0.6472638003957061;-0.7173346521161514;-0.278187917843403;-1.654590609781037;-2.1910201985714193","0.5239361986101845;0.40268471456595695;0.35636989438045974;0.6306630184510845;0.28634526776474983;0.5903687461424407;0.24563872601634312;0.4246548556375725;0.20313571262253283;0.23553696006636954;0.1646131498303203;-0.11568228698953083","p0_x;p0_z;p1_x;p1_z;p2_x;p2_z;p3_x;p3_z;animal0_x;animal0_z;animal1_x;animal1_z"
svgworld_pil,cross_style,deit_b16|pre|western,deit_b16|pre|island,pooled,1,0.1,-0.8187675963436319,-0.8155814848682563,"-0.09544177441240476;-0.3855538099475311;-3.1094326591112225;0.28778202576876266;-0.6485039245504209;0.07109745541110135;-0.8261081072250716;-0.8965481936072983;-0.8816452712876457;-0.3509036906789653;-1.205063260813934;-1.7848899456689535","0.5247628005162019;0.4143196190961789;0.2901863274517042;0.6175001535950626;0.30553296189132484;0.5513234981387511;0.3316629364477652;0.3841814383491731;0.14095099915991724;0.19943378750217672;0.17956438409081507;-0.12334182606313018","p0_x;p0_z;p1_x;p1_z;p2_x;p2_z;p3_x;p3_z;animal0_x;animal0_z;animal1_x;animal1_z"
svgworld_pil,cross_style,deit_b16|pre|western,deit_b16|pre|island,pooled,2,0.1,-0.7789661527326391,-0.7713860488292985,"-0.0811835678326811;-0.23116222365801686;-3.36823923939955;0.3909068407242766;-0.760498788505823;0.11412577570973248;-1.265343010262602;-0.7667271541991871;-0.6453712580865192;-0.34295824747248727;-0.9999917641940321;-1.391151195614781","0.5628668977078837;0.4116625375805062;0.2907605165853586;0.6499423419261529;0.2642126466894926;0.5852230102021236;0.26171998127608476;0.43304944719230226;0.1331103082290093;0.23010132790373228;0.18294658124299082;-0.06853961964818739","p0_x;p0_z;p1_x;p1_z;p2_x;p2_z;p3_x;p3_z;animal0_x;animal0_z;animal1_x;animal1_z"
svgworld_pil,cross_style,deit_b16|pre|western,deit_b16|pre|island,pooled,3,0.1,-0.8594233758840036,-0.8554986468754902,"0.012133158291637414;-0.18380041345256437;-3.364324120033382;0.2924453632046048;-0.7267553612913933;0.1547991296408342;-1.3836848357436025;-0.7064508417192747;-0.5100162511661412;-0.4844341141468389;-1.3470212527423158;-2.0659709714496066","0.5645608222992204;0.43417523601353986;0.2768549469419373;0.6291650813140202;0.3272295582945333;0.5890994380392321;0.26798284554224344;0.39153822437232055;0.20426847705102857;0.16880003609979144;0.1506743661190222;-0.14155242194150774","p0_x;p0_z;p1_x;p1_z;p2_x;p2_z;p3_x;p3_z;animal0_x;animal0_z;animal1_x;animal1_z"
svgworld_pil,cross_style,deit_b16|pre|western,deit_b16|pre|island,pooled,4,0.1,-0.9904947945283086,-0.9834987528884926,"-0.28647503079970504;-0.382128127374189;-4.183278170904053;0.31298081606084893;-0.8116730531854996;-0.18556697150336188;-0.9328174041993276;-0.8058074460886147;-0.6888480211412138;-0.35118890567507965;-1.6106095006059111;-1.9605257189235976","0.49029779427541087;0.42459747127238245;0.24832407711298854;0.6183264832391864;0.29579321555606547;0.5031977244697862;0.32367946899609923;0.3995304822091577;0.13993020961122019;0.21300564485896972;0.15738696597699897;-0.09581560653606279","p0_x;p0_z;p1_x;p1_z;p2_x;p2_z;p3_x;p3_z;animal0_x;animal0_z;animal1_x;animal1_z"
svgworld_pil,cross_style,deit_b16|rand|western,deit_b16|rand|island,pooled,0,0.001,-25.407247197259,-25.37555701204679,"-18.498218717941803;-17.767147063231892;-38.196166059691144;-27.02029402242665;-33.56188734687996;-37.07981510656975;-27.934186835465272;-23.236716527761487;-15.321693660354196;-14.413528963815573;-24.468802252920963;-27.388509810049353","-0.07697975486233222;0.13527957513423713;0.07129280064709341;0.09177888257412332;0.034141139813424856;0.10956819786130066;0.11479922022243003;0.02823174689996273;-0.013059932213178903;-0.04078686308098722;-0.009016312290211837;0.026152965227907138","p0_x;p0_z;p1_x;p1_z;p2_x;p2_z;p3_x;p3_z;animal0_x;animal0_z;animal1_x;animal1_z"
svgworld_pil,cross_style,deit_b16|rand|western,deit_b16|rand|island,pooled,1,0.001,-25.598151663552212,-25.595581653265697,"-16.572207729725758;-17.27016389201298;-36.30796900249462;-25.62576780510834;-41.49820179818421;-34.66770381733631;-23.823467121520476;-22.02709409039695;-21.157651098980505;-15.856550589792317;-30.423626451371426;-21.94741656570267","-0.029019233276386336;0.1583949111364924;0.08321791287249934;0.09264556584506917;0.03646919967170668;0.09792391093705864;0.10364965175289564;-0.005072784055081116;-0.014855744353044794;-0.030671828267405762;-0.012764801322861032;0.008364491541970826","p0_x;p0_z;p1_x;p1_z;p2_x;p2_z;p3_x;p3_z;animal0_x;animal0_z;animal1_x;animal1_z"
svgworld_pil,cross_style,deit_b16|rand|western,deit_b16|rand|island,pooled,2,0.001,-26.569249122495176,-26.55055114859669,"-19.259335066752392;-17.07689946209072;-35.65827824420604;-26.078913828667794;-46.256487632885666;-38.92316321772492;-23.91434419515394;-23.349884837472096;-22.54436275518284;-15.890268724299982;-27.5122252678026;-22.36682623770316","-0.05306372048416916;0.1812231975047041;0.07854610577426836;0.08316774618275673;0.03172356509429374;0.10630549403294375;0.09221798591379202;-0.024965943795178174;-0.005168807414895312;-0.0400603525101224;0.0014259733154952546;0.025453876036695102","p0_x;p0_z;p1_x;p1_z;p2_x;p2_z;p3_x;p3_z;animal0_x;animal0_z;animal1_x;animal1_z"
svgworld_pil,cross_style,deit_b16|rand|western,deit_b16|rand|island,pooled,3,0.001,-25.323608677468723,-25.309228324347846,"-19.038094876492966;-17.573047516116382;-36.378677525918015;-24.211191824242487;-34.228392641971254;-34.57669273390341;-20.765983514176323;-23.785112916382978;-17.533159494013404;-14.51985024667609;-34.0149471434392;-27.258153696292155","-0.06102631696756073;0.1336506884406926;0.10346609020013572;0.12183181979745007;0.03262154732302808;0.10253886209377117;0.06850579646709189;-0.012578212390283163;-0.009632775530284816;-0.02947164390559543;-0.01930441698719616;0.019992734732096513","p0_x;p0_z;p1_x;p1_z;p2_x;p2_z;p3_x;p3_z;animal0_x;animal0_z;animal1_x;animal1_z"
svgworld_pil,cross_style,deit_b16|rand|western,deit_b16|rand|island,pooled,4,0.001,-25.30469692714614,-25.271017537859446,"-18.01566556915219;-18.199891563921472;-32.34720739230258;-26.44811948623218;-42.24573446255923;-36.18573252067422;-24.691245559288582;-22.27813253911924;-16.065150554937155;-15.569164496892846;-30.24355732685694;-21.36676165381706","-0.05147067580674956;0.1251026960232057;0.07210395512556035;0.06886570670513126;0.06245010200691368;0.1171717667695421;0.060944642445055756;0.025975501430678276;0.006848620921874964;-0.01212108305930923;-0.024898254251973156;0.02496750261665595","p0_x;p0_z;p1_x;p1_z;p2_x;p2_z;p3_x;p3_z;animal0_x;animal0_z;animal1_x;animal1_z"
svgworld_pil,cross_style,clip_b16|pre|western,clip_b16|pre|island,pooled,0,0.1,-0.3336892900519106,-0.3354508888344583,"-0.2526542960070106;0.19485531149933055;-0.5534422212995862;-0.055679984115060144;-1.1421302756653904;-0.40801929957456173;-0.5806436824929624;0.21629943091914694;-0.767780978643225;0.24031028478754446;-0.9801204056108272;0.08473463557967398","0.28382850412700766;0.5688168056214808;0.48694720829338795;0.48174851293906373;0.23883114448039347;0.31450014485630085;0.3544257961064647;0.651160738030957;0.17523473095885056;0.5030218774823242;0.14260526258439454;0.4307957773220546","p0_x;p0_z;p1_x;p1_z;p2_x;p2_z;p3_x;p3_z;animal0_x;animal0_z;animal1_x;animal1_z"
svgworld_pil,cross_style,clip_b16|pre|western,clip_b16|pre|island,pooled,1,0.1,-0.34110224752765755,-0.34160824819238944,"-0.5477444393857209;0.02314075257408177;-0.36486056469171624;0.045945578696264366;-1.332057389265794;-0.44268900527271526;-0.12497781469980485;0.1849210905279407;-0.8168488865614421;0.14442281573807214;-0.9922074250137987;0.12972831702274212","0.2025601003324414;0.5232056538278027;0.5051865251976164;0.5262842111469359;0.26714238028782433;0.2585972585449604;0.4443313925717116;0.6136193207301212;0.1573103530502265;0.42694132996354356;0.1591188881082456;0.44603572831021254","p0_x;p0_z;p1_x;p1_z;p2_x;p2_z;p3_x;p3_z;animal0_x;animal0_z;animal1_x;animal1_z"
svgworld_pil,cross_style,clip_b16|pre|western,clip_b16|pre|island,pooled,2,0.1,-0.3087178555624687,-0.30786877415628866,"-0.18979787294141626;0.05292864724394675;-0.3747412271872661;0.24688495741728245;-1.4527857978705008;-0.33832655264751343;-0.4323950333159823;0.17147075025101322;-0.7022490294405526;0.20209584829059413;-0.9303441759765678;0.04264521942733812","0.3292598340334958;0.4921821056697023;0.4577789398956939;0.5785737471611824;0.2437704470896781;0.3125937719539614;0.3829113169314699;0.6040886729295701;0.190637491337968;0.48824985517485603;0.1298340751442344;0.412354917400905","p0_x;p0_z;p1_x;p1_z;p2_x;p2_z;p3_x;p3_z;animal0_x;animal0_z;animal1_x;animal1_z"
svgworld_pil,cross_style,clip_b16|pre|western,clip_b16|pre|island,pooled,3,0.1,-0.4520611466816256,-0.44947285723448505,"-0.4404727053301465;0.031033457639266016;-0.39948718488630175;-0.0900424291325892;-1.6669077710919815;-0.39493358253797695;-0.4991622260113189;0.13417879386404852;-0.7455390075810477;0.19241340064417922;-1.5680475032623407;0.02223299750670138","0.19907232032605793;0.5400361950760025;0.5235120259204075;0.4819273793762662;0.20161738558297634;0.31693193470332665;0.36376051387206326;0.5849327749065613;0.19110886103370148;0.47649733744534495;0.10442594289098554;0.4104696647123903","p0_x;p0_z;p1_x;p1_z;p2_x;p2_z;p3_x;p3_z;animal0_x;animal0_z;animal1_x;animal1_z"
svgworld_pil,cross_style,clip_b16|pre|western,clip_b16|pre|island,pooled,4,0.1,-0.3561079886161369,-0.35444781096112754,"-0.2658383618212119;0.02594086867663814;-0.5846592712434067;0.0495552439521636;-0.9685573148410416;-0.606453614630655;-0.17161109829343824;0.08395139669681773;-0.797746908793681;0.25463461405066234;-1.3693512999728892;0.07683988282639942","0.3106417719425239;0.48253918977570576;0.47868549557355855;0.5086204894021464;0.2807262199513779;0.27093887200437367;0.47398725396196717;0.5893791098152571;0.18417053373224393;0.5281566409065942;0.1251795442524888;0.4531679396824075","p0_x;p0_z;p1_x;p1_z;p2_x;p2_z;p3_x;p3_z;animal0_x;animal0_z;animal1_x;animal1_z"
svgworld_pil,cross_style,clip_b16|rand|western,clip_b16|rand|island,pooled,0,0.001,0.05360955661464445,0.053118464818778355,"0.17637775024302516;0.5347895079383815;0.14289035515332438;0.27881531421227634;0.04135151960066241;0.11019832812789565;0.1773841294322106;0.2863038584195806;-0.24543861839500503;-0.2627776783195792;-0.23747861394387093;-0.35910117309316836","0.5343309754488442;0.7690925710669261;0.4487637090847983;0.5746343011830118;0.3550456291871074;0.4095857631308156;0.5018256809403663;0.590800358533764;0.0072632524724703384;0.006156020218138981;0.011104267088295287;-0.04319374321844066","p0_x;p0_z;p1_x;p1_z;p2_x;p2_z;p3_x;p3_z;animal0_x;animal0_z;animal1_x;animal1_z"
svgworld_pil,cross_style,clip_b16|rand|western,clip_b16|rand|island,pooled,1,0.001,0.027901202666169023,0.02776785688790051,"0.14397350423131172;0.5079115601569478;0.140497259523664;0.22483668124772938;0.014603060332301854;0.11882683693397955;0.15245423786750067;0.23346481937408337;-0.29754548458483177;-0.29361823213773475;-0.25471797111787065;-0.35587183983305315","0.5258299139243608;0.7542137931359087;0.44848288256406016;0.5490189835318041;0.3337448250607717;0.412413832882358;0.4868100127740175;0.561284858303351;-0.033907749386740314;-0.030042683614980286;0.013084010422405031;-0.036583976100301695","p0_x;p0_z;p1_x;p1_z;p2_x;p2_z;p3_x;p3_z;animal0_x;animal0_z;animal1_x;animal1_z"
svgworld_pil,cross_style,clip_b16|rand|western,clip_b16|rand|island,pooled,2,0.001,0.02960877450133459,0.029587397398178727,"0.12780715301632062;0.47798273834614835;0.14231042210627742;0.254634497960304;-0.027062262363622747;0.11421224582222655;0.16658238558006566;0.22063881368676308;-0.2839499606677156;-0.3081659988341172;-0.22822210975437995;-0.3014626308822552","0.5231896469122538;0.7480828793105824;0.452101517003981;0.5531435979278627;0.32249136514777027;0.4083695550242844;0.4982523840651563;0.5534928302792657;-0.023965612447481986;-0.038715744838180834;0.008354735797040802;-0.023947109919726352","p0_x;p0_z;p1_x;p1_z;p2_x;p2_z;p3_x;p3_z;animal0_x;animal0_z;animal1_x;animal1_z"
svgworld_pil,cross_style,clip_b16|rand|western,clip_b16|rand|island,pooled,3,0.001,0.03168451754373871,0.03235595625277743,"0.12535011437459875;0.5255171584333822;0.1607648615802839;0.24144817789473516;0.025325088395633744;0.1142920640929197;0.15955749891775262;0.26096319496812304;-0.2915171408950481;-0.2534631132550882;-0.31631282705242336;-0.3717108669300049","0.5168463639659352;0.7633463814240649;0.462147853710126;0.5535346928647559;0.340555199930469;0.39669961503298445;0.48598692548235184;0.573592374537511;-0.030902936136472253;-0.005791681779697402;0.003294824614785858;-0.07142122314485688","p0_x;p0_z;p1_x;p1_z;p2_x;p2_z;p3_x;p3_z;animal0_x;animal0_z;animal1_x;animal1_z"
svgworld_pil,cross_style,clip_b16|rand|western,clip_b16|rand|island,pooled,4,0.001,0.037527072084242406,0.03727499151387714,"0.1570878109643259;0.47491645776078495;0.1337808179220663;0.3023907262334691;-0.034803628990369484;0.09208845848052749;0.14111788388078705;0.24919588639774404;-0.2225607242390355;-0.293593617000238;-0.24976389072197303;-0.29953131567717994","0.528766631672981;0.7399504014605012;0.4468455859102303;0.5875875691605409;0.3095195228915451;0.39089523534070814;0.480201709755565;0.5699527128810319;0.002944097392770987;-0.0327184236732421;0.0017834356600704374;-0.034089885947489795","p0_x;p0_z;p1_x;p1_z;p2_x;p2_z;p3_x;p3_z;animal0_x;animal0_z;animal1_x;animal1_z"
svgworld_pil,cross_style,resnet50|pre|western,resnet50|pre|island,pooled,0,0.1,0.1138752600147912,0.11309584111039517,"0.3308329967691288;0.07626520281215543;0.18723165399030495;0.4089345583821611;-0.02147751904350348;0.2506381782394588;0.22684880916294148;-0.26102592768101207;0.13299254367939184;0.23175779481965308;-0.16346183126876634;-0.03303333968441957","0.6289990300060304;0.31306935115098283;0.43829731569057556;0.6497759576649378;0.2575003096464848;0.5077326909501978;0.48783683881036016;0.09441811487193849;0.3658823740498608;0.5180659277096676;0.06790177196706097;0.11652958386289275","p0_x;p0_z;p1_x;p1_z;p2_x;p2_z;p3_x;p3_z;animal0_x;animal0_z;animal1_x;animal1_z"
svgworld_pil,cross_style,resnet50|pre|western,resnet50|pre|island,pooled,1,0.1,0.1342733644253937,0.13491301081739349,"0.3313855047118929;0.038225455943454945;0.2575766144765176;0.4754616933991299;0.08029855195376945;0.20549809381692663;0.15494030895343902;-0.2883675285325844;0.21266915898027328;0.2909534298196862;-0.13015841297673392;-0.017202497441047182","0.6487762667186564;0.26515011863125265;0.5093972123475162;0.7019248484814165;0.33359305267560596;0.4559869332550038;0.39381554175044936;0.08355435546192522;0.4641733300732955;0.5829049393665704;0.08679425052762932;0.1486810247713577","p0_x;p0_z;p1_x;p1_z;p2_x;p2_z;p3_x;p3_z;animal0_x;animal0_z;animal1_x;animal1_z"
svgworld_pil,cross_style,resnet50|pre|western,resnet50|pre|island,pooled,2,0.1,0.11148752200303146,0.11171914193535493,"0.2621308455051109;0.039552005600115514;0.25820766751322266;0.42995827563728295;-0.035061471513636366;0.22287791112922017;0.19047626961539288;-0.22724942449407792;0.1344652240275046;0.28507450570852033;-0.1689581513153231;-0.053623393376954986","0.5705424462398264;0.27515871129987207;0.5089190881561502;0.6618159754710463;0.25161825748336336;0.47308591218221274;0.4366811288427006;0.12502154076472557;0.3672232770161165;0.5762251691903749;0.028555777561425483;0.10350710374214916","p0_x;p0_z;p1_x;p1_z;p2_x;p2_z;p3_x;p3_z;animal0_x;animal0_z;animal1_x;animal1_z"
svgworld_pil,cross_style,resnet50|pre|western,resnet50|pre|island,pooled,3,0.1,0.1247425516789858,0.1255477615414382,"0.2643935803771097;0.025545822208892233;0.21666547660416113;0.4731614289215611;0.009745562735665736;0.19897111924300448;0.1914580480784872;-0.16412330090242833;0.14706726062187414;0.2672350107874506;-0.13306224221656815;-0.00014714631138001977","0.5496476044272737;0.26368694115340413;0.4727410951259773;0.6952611330494746;0.2795833151440375;0.44889332839324864;0.4399311041590905;0.14136154384816765;0.3849270300887087;0.5726693939175961;0.05844097524878998;0.16283557436747506","p0_x;p0_z;p1_x;p1_z;p2_x;p2_z;p3_x;p3_z;animal0_x;animal0_z;animal1_x;animal1_z"
svgworld_pil,cross_style,resnet50|pre|western,resnet50|pre|island,pooled,4,0.1,0.11378897344055111,0.11379712753752302,"0.2963597268210383;-0.011884984873110849;0.21882345275818493;0.43427795417934867;0.0529777718262211;0.19865680020986454;0.1810023906977518;-0.1836889521806493;0.09922246350336572;0.26755094480483976;-0.13774352901844322;-0.05008635744179801","0.5928124849556181;0.20943388445161298;0.4790929250004954;0.6681744122814888;0.3312362374581404;0.4461201071096882;0.4265352940803024;0.1283060366498945;0.31969931170979415;0.5484290635634081;0.0456662072518351;0.10027606438618752","p0_x;p0_z;p1_x;p1_z;p2_x;p2_z;p3_x;p3_z;animal0_x;animal0_z;animal1_x;animal1_z"
svgworld_pil,cross_style,resnet50|rand|western,resnet50|rand|island,pooled,0,1.0,0.23465295207580694,0.23430240049846485,"0.2399809084144966;0.3934271624750625;0.42067583726982494;0.4933619551941907;0.2647268001962322;0.13534243741527918;0.3072683216715064;0.05244535923990523;0.08642853506798254;0.13003820649166664;0.1518963473585455;0.1402435541149909","0.5505527723327278;0.6351823915621654;0.6524169974154495;0.7211763220728027;0.5162922146599965;0.3705024195621364;0.614359375505897;0.3349415293555068;0.30180117869827683;0.41794713367846814;0.39218565216576484;0.37663795323849963","p0_x;p0_z;p1_x;p1_z;p2_x;p2_z;p3_x;p3_z;animal0_x;animal0_z;animal1_x;animal1_z"
svgworld_pil,cross_style,resnet50|rand|western,resnet50|rand|island,pooled,1,1.0,0.22117135043471126,0.22166699201630502,"0.16247323035074313;0.4130927127786448;0.37018717504400744;0.4693627220894704;0.24712142832943473;0.18271771303982542;0.3134603004133725;0.0037615433179973845;0.06426646517273626;0.1110020393972957;0.17991765302261653;0.13669322226039093","0.4263545092704811;0.6505642132937215;0.6095091916653441;0.7074692228491226;0.49873420926542944;0.42771551871183433;0.621330904224151;0.3234500247498416;0.25536378833116463;0.37873209441961647;0.4247295701629279;0.372532945635656","p0_x;p0_z;p1_x;p1_z;p2_x;p2_z;p3_x;p3_z;animal0_x;animal0_z;animal1_x;animal1_z"
svgworld_pil,cross_style,resnet50|rand|western,resnet50|rand|island,pooled,2,1.0,0.21830991842901337,0.21858846548513566,"0.17320465494147885;0.3917412626732807;0.3888632128771523;0.46710227191395004;0.21394464606110242;0.17043434854157735;0.3275474469800618;0.012217092866282697;0.071115328397796;0.10290187459095235;0.1848349184594681;0.11581196284505846","0.46216560331118967;0.6332801683713977;0.6244388556543474;0.7133655545689632;0.46392149724265797;0.4137125750685476;0.633017976423908;0.3145924109679992;0.26805591128568884;0.35972924322436295;0.43144347193921645;0.34109697305573955","p0_x;p0_z;p1_x;p1_z;p2_x;p2_z;p3_x;p3_z;animal0_x;animal0_z;animal1_x;animal1_z"
svgworld_pil,cross_style,resnet50|rand|western,resnet50|rand|island,pooled,3,1.0,0.22786099738737883,0.2282682005088993,"0.2266250390275949;0.45064549557845224;0.3860688433928886;0.448055275068997;0.2515714068495225;0.1854238629925462;0.2883186251697155;0.01798314477792784;0.08830955141082009;0.1325190138065282;0.14354991233116143;0.11526179824239124","0.5212722995271485;0.6815707817016763;0.6256547426120228;0.70086997968534;0.5017419960774264;0.4309146974251629;0.5750794056749733;0.32048198740722567;0.30940664104567467;0.42809768530935577;0.38386171934863417;0.3396756081202851","p0_x;p0_z;p1_x;p1_z;p2_x;p2_z;p3_x;p3_z;animal0_x;animal0_z;animal1_x;animal1_z"
svgworld_pil,cross_style,resnet50|rand|western,resnet50|rand|island,pooled,4,1.0,0.2326840468518215,0.23254697364543742,"0.18436434436001803;0.4214663987240085;0.37988713385124295;0.43946261756243177;0.2612820988831528;0.2066181717437071;0.34985945670551555;0.06725691888123375;0.07649728490080665;0.12444525070404233;0.18329746844635197;0.09777141745934648","0.456689484278044;0.6589782054651937;0.6210944087942903;0.689146389870232;0.5127596668783847;0.4550470771330868;0.6540877612067315;0.3690777240952791;0.27792615334230003;0.4061746708474237;0.428166179468562;0.3159097114883465","p0_x;p0_z;p1_x;p1_z;p2_x;p2_z;p3_x;p3_z;animal0_x;animal0_z;animal1_x;animal1_z"
